Pos,ID,Name,BV,SV,Team,10_xMins,10_Pts,11_xMins,11_Pts,12_xMins,12_Pts,13_xMins,13_Pts,14_xMins,14_Pts,15_xMins,15_Pts,16_xMins,16_Pts,17_xMins,17_Pts,18_xMins,18_Pts,19_xMins,19_Pts,20_xMins,20_Pts,21_xMins,21_Pts,Elite%
M,1,Fábio Vieira,5.4,5.4,Arsenal,0,0.00,0,0.00,0,0.00,0,0.00,0,0.00,0,0.00,0,0.00,0,0.00,0,0.00,0,0.00,0,0.00,0,0.00,0.00
F,2,G.Jesus,6.8,6.8,Arsenal,27,1.63,29,1.83,24,1.64,26,1.68,26,1.75,27,1.64,30,2.15,30,1.78,31,2.37,31,1.85,30,1.73,31,1.97,0.00
D,3,Gabriel,6.3,6.1,Arsenal,92,3.37,85,2.63,81,4.16,80,3.39,79,3.44,77,3.21,77,4.03,77,3.35,78,4.25,78,3.22,77,2.91,79,3.06,0.69
F,4,Havertz,8.2,8.2,Arsenal,87,4.19,84,4.17,81,4.46,79,4.00,79,4.47,79,3.73,77,4.63,77,3.71,77,5.06,76,3.78,75,3.48,73,3.89,0.05
G,5,Hein,4.0,4.0,Arsenal,0,0.00,0,0.00,0,0.00,0,0.00,0,0.00,0,0.00,0,0.00,0,0.00,0,0.00,0,0.00,0,0.00,0,0.00,0.00
D,6,J.Timber,5.5,5.5,Arsenal,60,2.24,66,2.11,56,2.84,49,2.09,43,1.89,43,1.86,43,2.21,45,1.94,43,2.27,42,1.79,40,1.57,43,1.66,0.00
M,7,Jorginho,4.8,4.8,Arsenal,15,0.58,15,0.59,17,0.71,17,0.70,17,0.73,18,0.71,16,0.70,17,0.68,19,0.83,16,0.67,18,0.72,17,0.71,0.00
D,8,Kiwior,4.8,4.8,Arsenal,14,0.52,13,0.46,11,0.51,7,0.27,7,0.27,8,0.32,8,0.35,8,0.34,8,0.36,8,0.32,8,0.31,8,0.29,0.00
M,9,Martinelli,7.0,7.0,Arsenal,68,3.64,65,3.52,60,3.76,57,3.30,56,3.47,54,3.01,54,3.56,53,2.99,53,3.87,51,2.97,53,2.84,51,3.06,0.00
M,10,Nelson,5.0,5.0,Fulham,33,1.72,36,1.60,36,1.98,37,1.63,36,1.79,0,0.00,37,1.48,39,2.27,38,1.60,39,2.00,38,2.20,39,1.82,0.00
F,11,Nketiah,5.9,5.9,Crystal Palace,69,3.35,67,3.16,69,2.83,66,3.17,66,3.24,67,2.62,67,2.83,66,2.65,65,2.85,65,3.73,66,2.97,65,3.13,0.00
M,12,Nwaneri,4.5,4.5,Arsenal,9,0.45,11,0.51,7,0.42,8,0.42,9,0.47,9,0.44,10,0.51,10,0.49,12,0.61,11,0.52,12,0.53,12,0.56,0.00
M,13,Ødegaard,8.2,8.2,Arsenal,35,1.78,79,4.02,84,4.96,83,4.42,83,4.69,83,4.12,81,5.13,82,4.15,81,5.50,82,4.19,83,4.01,83,4.56,0.00
G,14,Ramsdale,4.4,4.4,Southampton,94,3.44,93,3.27,92,2.93,92,3.04,91,2.99,92,2.94,91,2.97,91,3.05,92,3.20,90,3.09,90,3.17,91,2.99,0.01
G,15,Raya,5.6,5.5,Arsenal,94,3.67,93,3.38,93,4.25,91,3.77,91,3.71,90,3.72,90,4.14,91,3.81,90,4.17,89,3.65,89,3.48,91,3.55,0.24
M,16,Rice,6.3,6.3,Arsenal,87,2.94,85,2.78,83,3.15,79,2.79,78,2.87,79,2.66,77,3.04,76,2.56,75,3.20,76,2.62,74,2.46,77,2.75,0.00
M,17,Saka,10.0,10.0,Arsenal,87,5.18,85,5.30,79,5.71,79,5.10,77,5.42,76,4.61,74,5.65,76,4.57,73,6.19,75,4.68,75,4.42,75,5.02,0.17
D,18,Saliba,6.0,6.0,Arsenal,91,3.14,88,2.52,86,4.12,85,3.35,83,3.37,80,3.20,80,3.95,80,3.29,80,4.01,80,3.10,80,2.80,82,2.97,0.03
M,19,Smith Rowe,5.7,5.7,Fulham,77,4.01,75,3.20,72,4.00,70,2.90,70,3.44,70,2.88,67,2.50,66,3.91,67,2.74,68,3.49,68,3.95,68,3.17,0.05
M,20,Thomas,5.0,5.0,Arsenal,55,1.78,41,1.39,42,1.59,41,1.43,39,1.41,37,1.30,37,1.47,40,1.37,37,1.51,40,1.40,37,1.23,37,1.32,0.00
D,21,Tierney,4.3,4.3,Arsenal,0,0.00,0,0.00,0,0.00,1,0.07,0,0.00,1,0.07,1,0.08,1,0.09,2,0.10,2,0.10,2,0.10,1,0.06,0.00
D,22,Tomiyasu,4.8,4.8,Arsenal,9,0.37,24,0.86,20,1.00,16,0.70,15,0.66,18,0.77,20,1.03,21,0.91,21,1.07,23,0.99,21,0.84,19,0.79,0.00
M,23,Trossard,6.9,6.9,Arsenal,56,3.03,46,2.65,41,2.68,40,2.44,40,2.54,40,2.27,40,2.80,39,2.24,39,2.96,40,2.40,38,2.17,39,2.46,0.00
D,24,White,6.3,6.3,Arsenal,87,3.15,81,2.49,73,3.64,67,2.75,68,2.89,66,2.72,68,3.47,64,2.69,66,3.44,65,2.67,69,2.56,69,2.67,0.00
D,25,Zinchenko,4.8,4.8,Arsenal,20,0.90,18,0.72,16,0.83,11,0.51,11,0.50,12,0.53,12,0.63,10,0.46,12,0.65,12,0.54,12,0.52,11,0.50,0.00
D,26,Alex Moreno,4.4,4.4,Nott'm Forest,71,3.20,72,2.97,70,1.81,69,3.50,66,1.39,67,2.04,0,0.00,66,2.39,66,2.21,66,2.67,66,2.63,66,1.96,0.01
F,27,Archer,5.0,5.0,Southampton,58,3.29,54,2.82,48,2.28,48,2.28,46,2.32,46,2.15,45,2.37,46,2.20,45,2.66,44,2.15,44,2.50,45,2.17,0.00
M,28,Bailey,6.3,6.3,Aston Villa,46,2.33,47,2.24,45,2.73,43,2.13,45,2.86,46,3.26,45,2.40,44,2.09,45,2.36,46,2.69,46,3.20,46,2.62,0.00
M,29,Barkley,5.2,5.2,Aston Villa,10,0.49,11,0.54,13,0.75,15,0.72,16,0.93,16,1.03,17,0.88,18,0.81,19,0.91,19,1.07,18,1.13,16,0.84,0.00
M,30,Barrenechea,4.9,4.9,Aston Villa,0,0.00,0,0.00,0,0.00,0,0.00,0,0.00,0,0.00,0,0.00,0,0.00,0,0.00,0,0.00,0,0.00,0,0.00,0.00
M,31,Buendia,5.3,5.3,Aston Villa,2,0.15,3,0.22,5,0.38,6,0.38,7,0.50,7,0.58,8,0.51,9,0.50,9,0.54,9,0.61,9,0.64,9,0.54,0.00
D,32,Cash,4.4,4.4,Aston Villa,69,1.95,64,1.64,63,2.96,63,1.76,63,2.89,61,3.24,61,2.51,59,1.76,62,2.08,59,2.51,61,3.25,62,2.55,0.00
M,33,Dendoncker,4.5,4.5,Aston Villa,0,0.00,0,0.00,0,0.00,0,0.00,0,0.00,0,0.00,0,0.00,0,0.00,0,0.00,0,0.00,0,0.00,0,0.00,0.00
M,34,Diaby,6.5,6.5,Aston Villa,0,0.00,0,0.00,0,0.00,0,0.00,0,0.00,0,0.00,0,0.00,0,0.00,0,0.00,0,0.00,0,0.00,0,0.00,0.00
D,35,Diego Carlos,4.5,4.5,Aston Villa,32,0.80,34,0.78,38,1.60,38,0.95,38,1.58,40,1.84,41,1.49,39,1.03,41,1.20,40,1.48,41,1.91,40,1.47,0.00
D,36,Digne,4.7,4.7,Aston Villa,74,2.22,67,1.89,65,3.28,62,1.95,64,3.24,62,3.59,61,2.74,61,1.99,60,2.21,58,2.63,61,3.55,62,2.82,0.01
M,37,Dobbin,5.0,5.0,Aston Villa,0,0.00,0,0.00,0,0.00,0,0.00,0,0.00,0,0.00,0,0.00,0,0.00,0,0.00,0,0.00,0,0.00,0,0.00,0.00
F,38,Duran,6.2,6.2,Aston Villa,20,1.24,23,1.26,25,1.67,26,1.45,26,1.82,28,2.16,29,1.70,29,1.51,28,1.54,29,1.83,29,2.07,29,1.73,0.00
G,39,Gauci,4.0,4.0,Aston Villa,0,0.00,2,0.05,0,0.00,0,0.00,0,0.00,0,0.00,0,0.00,0,0.00,0,0.00,0,0.00,0,0.00,0,0.00,0.00
D,40,Hause,4.0,4.0,Aston Villa,0,0.00,0,0.00,0,0.00,0,0.00,0,0.00,0,0.00,0,0.00,0,0.00,0,0.00,0,0.00,0,0.00,0,0.00,0.00
M,41,Iling Jr,5.4,5.4,Aston Villa,0,0.00,0,0.00,0,0.00,0,0.00,0,0.00,0,0.00,0,0.00,0,0.00,0,0.00,0,0.00,0,0.00,0,0.00,0.00
M,42,Kamara,5.0,5.0,Aston Villa,37,1.18,43,1.28,48,1.62,51,1.46,50,1.65,49,1.68,47,1.49,51,1.44,50,1.48,48,1.53,48,1.67,49,1.53,0.00
D,43,Kesler-Hayden,4.0,4.0,Aston Villa,0,0.00,0,0.00,0,0.00,0,0.00,0,0.00,0,0.00,0,0.00,0,0.00,0,0.00,0,0.00,0,0.00,0,0.00,0.00
D,44,Konsa,4.5,4.5,Aston Villa,86,2.00,86,1.80,83,3.52,83,1.97,81,3.27,80,3.70,79,2.92,80,2.04,79,2.23,80,2.89,79,3.74,81,2.89,0.19
D,45,Maatsen,4.8,4.8,Aston Villa,23,0.75,29,0.87,32,1.51,33,1.04,33,1.54,34,1.84,35,1.48,36,1.16,35,1.24,39,1.66,35,1.87,33,1.42,0.00
G,46,Marschall,4.0,4.0,Aston Villa,0,0.00,0,0.00,0,0.00,0,0.00,0,0.00,0,0.00,0,0.00,0,0.00,0,0.00,0,0.00,0,0.00,0,0.00,0.00
G,47,Martinez,5.0,5.0,Aston Villa,94,3.17,92,3.15,92,3.81,91,3.21,91,3.61,91,3.83,91,3.62,91,3.13,91,3.27,92,3.49,92,3.94,91,3.52,0.01
M,48,McGinn,5.2,5.2,Aston Villa,82,3.06,79,2.79,78,3.55,77,2.78,75,3.56,77,4.07,75,3.02,75,2.70,75,2.89,75,3.33,77,3.97,78,3.35,0.00
D,49,Mings,4.4,4.4,Aston Villa,6,0.14,10,0.23,12,0.43,14,0.35,17,0.64,17,0.71,19,0.67,18,0.49,19,0.56,19,0.69,18,0.81,19,0.69,0.00
D,50,Nedeljkovic,4.0,4.0,Aston Villa,3,0.09,5,0.14,7,0.28,6,0.20,5,0.22,8,0.35,7,0.26,7,0.22,7,0.24,7,0.27,8,0.37,7,0.27,0.00
G,51,Olsen,4.5,4.5,Aston Villa,0,0.00,1,0.05,3,0.13,4,0.13,3,0.13,4,0.16,4,0.14,3,0.12,4,0.14,3,0.13,3,0.13,4,0.16,0.00
D,52,Pau,4.5,4.5,Aston Villa,84,1.92,80,1.67,76,3.17,74,1.75,74,2.90,73,3.30,70,2.50,74,1.88,70,1.96,71,2.57,72,3.34,70,2.56,0.01
M,53,Ramsey,5.4,5.4,Aston Villa,55,2.37,55,2.25,56,2.87,55,2.27,55,2.92,55,3.23,54,2.46,55,2.24,55,2.41,52,2.59,52,3.02,53,2.56,0.00
M,54,Rogers,5.4,5.4,Aston Villa,76,3.30,74,2.94,72,3.75,70,2.90,71,3.78,69,4.16,68,3.10,66,2.69,66,2.90,65,3.28,66,3.93,68,3.25,0.84
G,55,Sinisalo,4.0,4.0,Aston Villa,0,0.00,0,0.00,0,0.00,0,0.00,0,0.00,0,0.00,0,0.00,0,0.00,0,0.00,0,0.00,0,0.00,0,0.00,0.00
D,56,Sousa,4.0,4.0,Aston Villa,0,0.00,0,0.00,0,0.00,0,0.00,0,0.00,0,0.00,0,0.00,0,0.00,0,0.00,0,0.00,0,0.00,0,0.00,0.00
M,57,Tielemans,5.5,5.5,Aston Villa,80,2.86,78,2.70,76,3.33,73,2.61,72,3.23,71,3.53,71,2.78,71,2.47,67,2.53,68,2.89,68,3.31,69,2.82,0.00
F,58,Watkins,9.1,9.1,Aston Villa,83,4.30,81,3.85,79,4.93,78,3.85,78,5.04,77,5.78,77,4.05,76,3.52,77,3.98,76,4.60,76,5.36,77,4.30,0.04
D,59,Aarons,4.3,4.3,Bournemouth,14,0.39,14,0.50,19,0.68,22,0.78,22,0.68,23,0.88,24,0.99,25,0.70,27,1.12,24,0.81,23,1.00,22,0.57,0.00
M,60,Adams,4.9,4.9,Bournemouth,24,0.82,24,0.87,26,0.93,29,0.99,29,0.97,32,1.09,30,1.05,30,0.96,25,0.90,23,0.79,19,0.74,20,0.70,0.00
M,61,Anthony,4.5,4.5,Bournemouth,0,0.00,0,0.00,0,0.00,0,0.00,0,0.00,0,0.00,0,0.00,0,0.00,0,0.00,0,0.00,0,0.00,0,0.00,0.00
M,62,Brooks,4.9,4.9,Bournemouth,7,0.41,7,0.45,7,0.46,7,0.47,9,0.57,9,0.57,10,0.63,10,0.55,8,0.54,9,0.53,8,0.54,7,0.42,0.00
M,63,Christie,4.9,4.9,Bournemouth,76,2.35,72,2.56,67,2.53,65,2.45,63,2.30,65,2.48,63,2.53,56,1.95,56,2.22,54,1.90,56,2.38,56,1.85,0.00
M,64,Cook,5.0,5.0,Bournemouth,89,2.30,84,2.46,81,2.46,78,2.37,77,2.29,74,2.30,74,2.35,71,1.95,73,2.29,71,2.04,73,2.40,74,1.93,0.00
F,65,Enes Ünal,5.4,5.4,Bournemouth,46,2.18,44,2.60,45,2.75,44,2.60,44,2.62,45,2.81,46,2.97,44,2.39,43,2.67,42,2.30,45,2.96,43,2.18,0.00
M,66,Faivre,5.0,5.0,Bournemouth,0,0.00,0,0.00,0,0.00,0,0.00,0,0.00,0,0.00,0,0.00,0,0.00,0,0.00,0,0.00,0,0.00,0,0.00,0.00
M,67,H.Traorè,4.5,4.5,Bournemouth,0,0.00,0,0.00,0,0.00,0,0.00,0,0.00,0,0.00,0,0.00,0,0.00,0,0.00,0,0.00,0,0.00,0,0.00,0.00
D,68,Hill,4.0,4.0,Bournemouth,0,0.00,2,0.04,4,0.10,5,0.15,6,0.15,7,0.22,7,0.23,7,0.17,8,0.26,7,0.21,6,0.22,7,0.14,0.00
F,69,Jebbison,4.5,4.5,Bournemouth,0,0.00,0,0.00,0,0.00,0,0.00,0,0.00,0,0.00,0,0.00,0,0.00,0,0.00,0,0.00,0,0.00,0,0.00,0.00
D,70,Kerkez,4.4,4.4,Bournemouth,82,1.94,80,2.67,77,2.73,76,2.68,73,2.12,72,2.71,72,2.88,73,1.84,71,2.90,72,2.26,73,3.18,74,1.61,0.00
M,71,Kluivert,5.3,5.3,Bournemouth,56,2.54,53,2.89,52,3.02,51,2.90,53,2.91,50,3.05,52,3.28,49,2.47,49,2.92,49,2.54,47,2.96,49,2.35,0.00
D,72,Mepham,4.4,4.4,Bournemouth,0,0.00,0,0.00,0,0.00,0,0.00,0,0.00,0,0.00,0,0.00,0,0.00,0,0.00,0,0.00,0,0.00,0,0.00,0.00
G,73,Neto,4.3,4.3,Arsenal,0,0.00,2,0.09,2,0.09,3,0.14,4,0.15,5,0.19,5,0.21,4,0.17,5,0.22,5,0.22,6,0.22,4,0.17,0.01
M,74,O.Dango,5.0,5.0,Bournemouth,56,2.33,52,2.60,50,2.59,52,2.65,51,2.57,51,2.70,50,2.76,50,2.25,50,2.66,49,2.27,48,2.69,48,2.04,0.00
G,75,Paulsen,4.0,4.0,Bournemouth,0,0.00,0,0.00,0,0.00,0,0.00,0,0.00,0,0.00,0,0.00,0,0.00,0,0.00,0,0.00,0,0.00,0,0.00,0.01
M,76,Philip,4.8,4.8,Bournemouth,10,0.44,24,1.15,31,1.53,31,1.51,34,1.64,35,1.74,35,1.80,33,1.40,26,1.33,24,1.14,22,1.21,20,0.92,0.00
M,77,Scott,4.8,4.8,Bournemouth,0,0.00,0,0.00,0,0.00,0,0.00,0,0.00,0,0.00,2,0.09,20,0.74,34,1.42,44,1.63,47,2.06,47,1.60,0.00
M,78,Semenyo,5.6,5.6,Bournemouth,74,2.88,72,3.43,73,3.52,72,3.50,71,3.34,73,3.65,73,3.82,73,3.02,72,3.65,72,3.17,77,4.17,76,3.01,0.43
D,79,Senesi,4.8,4.8,Bournemouth,82,1.74,82,2.50,77,2.48,73,2.35,70,1.78,69,2.35,69,2.50,69,1.61,69,2.61,71,2.07,73,2.91,73,1.40,0.00
M,80,Sinisterra,5.0,5.0,Bournemouth,11,0.54,23,1.28,27,1.52,29,1.61,30,1.62,29,1.69,30,1.78,29,1.44,30,1.71,29,1.49,29,1.73,26,1.26,0.00
D,81,Smith,4.5,4.5,Bournemouth,53,1.34,52,1.77,50,1.75,50,1.76,50,1.47,49,1.80,48,1.88,48,1.28,46,1.86,47,1.50,48,2.00,48,1.14,0.00
F,82,Solanke,7.7,7.6,Spurs,87,5.47,81,5.85,77,3.21,74,4.82,74,4.23,73,4.34,74,4.90,74,3.96,75,4.18,71,5.24,73,4.63,74,3.19,0.79
M,83,Tavernier,5.5,5.5,Bournemouth,67,2.76,63,3.10,61,3.13,62,3.13,62,3.05,60,3.24,60,3.38,59,2.63,58,3.12,56,2.63,57,3.20,58,2.45,0.00
G,84,Travers,4.4,4.4,Bournemouth,57,1.87,16,0.56,3,0.09,3,0.13,3,0.12,4,0.14,4,0.14,4,0.14,3,0.13,4,0.15,3,0.12,89,3.02,0.00
D,85,Zabarnyi,4.4,4.4,Bournemouth,89,1.71,85,2.30,83,2.34,81,2.33,79,1.77,76,2.30,78,2.51,77,1.58,76,2.61,75,1.95,75,2.69,78,1.33,0.00
D,86,Ajer,4.5,4.5,Brentford,29,0.89,43,1.49,50,1.73,46,2.05,46,1.24,47,1.58,47,1.04,44,1.83,46,1.24,47,1.34,47,1.76,47,1.10,0.00
M,87,Brierley,4.5,4.5,Brentford,0,0.00,0,0.00,0,0.00,0,0.00,0,0.00,0,0.00,0,0.00,0,0.00,0,0.00,0,0.00,0,0.00,0,0.00,0.00
D,88,Collins,4.5,4.5,Brentford,90,2.40,85,2.58,84,2.59,82,3.28,80,1.78,79,2.34,80,1.40,80,2.94,77,1.76,79,1.95,82,2.63,81,1.55,0.01
M,89,Damsgaard,5.0,5.0,Brentford,49,1.97,53,2.31,52,2.17,52,2.53,51,1.91,53,2.29,53,1.95,54,2.37,53,2.02,52,1.92,55,2.39,52,1.84,0.00
M,90,Dasilva,4.8,4.8,Brentford,0,0.00,0,0.00,0,0.00,0,0.00,0,0.00,0,0.00,0,0.00,0,0.00,0,0.00,0,0.00,0,0.00,6,0.26,0.00
G,91,Flekken,4.5,4.5,Brentford,94,3.42,93,3.39,93,3.48,92,3.73,91,3.18,91,3.28,90,3.01,91,3.60,91,3.17,90,3.10,91,3.44,91,2.98,0.59
D,92,Henry,4.3,4.3,Brentford,12,0.40,31,1.12,61,2.13,76,3.42,73,1.88,73,2.40,73,1.52,71,2.91,71,1.83,71,1.94,71,2.59,70,1.57,0.00
D,93,Hickey,4.4,4.4,Brentford,0,0.00,0,0.00,0,0.00,0,0.00,0,0.00,0,0.00,0,0.00,0,0.00,0,0.00,0,0.00,0,0.00,0,0.00,0.00
M,94,Janelt,4.9,4.9,Brentford,75,2.35,70,2.34,69,2.25,69,2.61,68,2.02,68,2.28,68,1.99,68,2.36,68,2.05,66,1.98,68,2.31,67,1.94,0.00
M,95,Jensen,5.3,5.3,Brentford,62,2.31,63,2.48,62,2.38,60,2.67,60,2.08,59,2.34,60,2.06,60,2.49,61,2.14,62,2.12,59,2.41,61,2.02,0.00
D,96,Ji-soo,3.9,3.9,Brentford,2,0.04,3,0.06,2,0.06,2,0.06,2,0.05,3,0.07,3,0.06,3,0.08,3,0.07,5,0.10,4,0.10,3,0.05,0.00
M,97,Konak,4.5,4.5,Brentford,3,0.13,4,0.21,4,0.21,5,0.25,5,0.23,5,0.25,6,0.25,7,0.31,7,0.31,8,0.31,6,0.29,4,0.20,0.00
M,98,Lewis-Potter,5.0,5.0,Brentford,59,2.70,52,2.70,46,2.35,40,2.52,39,1.82,39,2.13,38,1.77,39,2.19,41,1.98,40,1.80,38,2.19,41,1.78,0.00
M,99,Mbeumo,7.7,7.4,Brentford,87,4.60,85,5.26,82,4.70,76,5.54,75,3.70,75,4.66,74,3.62,73,4.59,72,3.76,73,3.66,73,4.66,74,3.44,1.00
D,100,Mee,4.3,4.3,Brentford,13,0.41,17,0.58,15,0.53,15,0.65,16,0.44,17,0.59,16,0.38,16,0.67,18,0.50,19,0.56,19,0.72,16,0.42,0.00
M,101,Nørgaard,4.8,4.8,Brentford,87,2.52,81,2.62,79,2.50,77,2.86,76,2.15,73,2.33,71,1.96,70,2.34,68,1.97,71,2.04,71,2.32,72,1.98,0.00
M,102,Onyeka,4.9,4.9,Brentford,0,0.00,0,0.00,0,0.00,0,0.00,0,0.00,0,0.00,0,0.00,0,0.00,0,0.00,0,0.00,0,0.00,0,0.00,0.00
M,103,Peart-Harris,4.5,4.5,Brentford,0,0.00,0,0.00,0,0.00,0,0.00,0,0.00,0,0.00,0,0.00,0,0.00,0,0.00,0,0.00,0,0.00,0,0.00,0.00
D,104,Pinnock,4.5,4.5,Brentford,91,2.53,86,2.73,84,2.65,82,3.45,83,1.94,82,2.52,81,1.50,82,3.18,82,1.93,80,2.03,79,2.70,80,1.60,0.07
D,105,Roerslev,4.4,4.4,Brentford,46,1.52,36,1.34,25,0.95,23,1.06,24,0.74,26,0.99,24,0.65,27,1.18,27,0.82,27,0.88,26,1.06,24,0.68,0.00
M,106,Schade,5.3,5.3,Brentford,48,2.25,49,2.55,40,2.01,35,2.13,34,1.58,34,1.85,33,1.49,33,1.80,33,1.58,33,1.52,32,1.81,33,1.48,0.00
F,107,Thiago,5.9,5.9,Brentford,0,0.00,0,0.00,24,1.26,46,2.94,56,2.54,53,2.84,56,2.47,56,3.08,57,2.63,56,2.41,57,3.12,55,2.38,0.00
F,108,Toney,7.3,7.3,Brentford,0,0.00,0,0.00,0,0.00,0,0.00,0,0.00,0,0.00,0,0.00,0,0.00,0,0.00,0,0.00,0,0.00,0,0.00,0.00
G,109,Valdimarsson,4.0,4.0,Brentford,1,0.04,2,0.08,2,0.09,3,0.14,3,0.12,4,0.13,5,0.16,4,0.16,4,0.14,4,0.15,4,0.15,4,0.12,0.36
F,110,Wissa,5.9,5.9,Brentford,74,3.46,71,3.73,63,3.14,55,3.40,53,2.38,53,2.81,50,2.26,51,2.81,49,2.33,49,2.17,51,2.85,49,2.13,0.01
M,111,Yarmoliuk,4.4,4.4,Brentford,9,0.45,13,0.58,12,0.53,13,0.62,14,0.57,14,0.60,14,0.59,14,0.65,15,0.66,15,0.62,14,0.63,13,0.54,0.01
D,112,Zanka,4.5,4.5,Brentford,0,0.00,0,0.00,0,0.00,0,0.00,0,0.00,0,0.00,0,0.00,0,0.00,0,0.00,0,0.00,0,0.00,0,0.00,0.00
M,113,Adingra,5.4,5.4,Brighton,45,1.88,29,1.37,24,1.32,25,1.64,23,1.21,27,1.51,26,1.50,27,1.44,24,1.48,26,1.28,26,1.25,30,1.70,0.00
M,114,Baker-Boaitey,4.5,4.5,Brighton,0,0.00,0,0.00,0,0.00,0,0.00,0,0.00,0,0.00,0,0.00,0,0.00,0,0.00,0,0.00,0,0.00,0,0.00,0.00
M,115,Baleba,5.0,5.0,Brighton,72,1.96,64,1.81,65,2.01,64,2.35,61,1.89,60,2.02,61,2.06,59,1.87,60,2.07,62,1.80,62,1.79,61,2.04,0.00
D,116,Barco,4.0,4.0,Brighton,0,0.00,0,0.00,0,0.00,0,0.00,0,0.00,0,0.00,0,0.00,0,0.00,0,0.00,0,0.00,0,0.00,0,0.00,0.03
M,117,Buonanotte,5.1,5.1,Leicester,58,2.41,52,1.95,52,1.98,49,1.86,47,2.03,0,0.00,49,1.79,48,2.13,46,1.54,46,1.57,46,1.64,48,1.99,0.00
M,118,Cozier-Duberry,4.5,4.5,Brighton,0,0.00,0,0.00,0,0.00,0,0.00,0,0.00,0,0.00,0,0.00,0,0.00,0,0.00,0,0.00,0,0.00,0,0.00,0.00
M,119,Dahoud,4.9,4.9,Brighton,0,0.00,0,0.00,0,0.00,0,0.00,0,0.00,0,0.00,0,0.00,0,0.00,0,0.00,0,0.00,0,0.00,0,0.00,0.00
D,120,Dunk,4.5,4.5,Brighton,38,0.73,76,1.84,88,2.72,87,4.14,87,2.80,86,3.37,85,3.52,83,2.69,83,3.34,85,2.28,85,2.50,84,3.22,0.36
M,121,Enciso,5.4,5.4,Brighton,14,0.69,7,0.41,5,0.38,6,0.50,7,0.44,8,0.54,8,0.56,8,0.52,8,0.54,8,0.48,9,0.48,10,0.63,0.00
D,122,Estupiñan,5.0,5.0,Brighton,63,1.50,61,1.77,58,2.10,56,3.04,58,2.24,55,2.52,58,2.74,58,2.22,56,2.58,57,1.86,57,2.00,55,2.44,0.00
F,123,Ferguson,5.5,5.5,Brighton,29,1.53,16,0.85,14,0.85,17,1.34,17,1.02,16,1.08,20,1.32,19,1.18,18,1.26,17,0.98,20,1.12,18,1.22,0.00
M,124,Gilmour,5.0,5.0,Brighton,0,0.00,0,0.00,0,0.00,0,0.00,0,0.00,0,0.00,0,0.00,0,0.00,0,0.00,0,0.00,0,0.00,0,0.00,0.00
M,125,Gross,6.5,6.5,Brighton,0,0.00,0,0.00,0,0.00,0,0.00,0,0.00,0,0.00,0,0.00,0,0.00,0,0.00,0,0.00,0,0.00,0,0.00,0.00
M,126,Hinshelwood,5.0,5.0,Brighton,28,0.88,54,1.69,60,1.99,60,2.47,61,2.03,58,2.11,57,2.14,59,2.02,58,2.20,58,1.87,57,1.86,57,2.13,0.00
M,127,I.Osman,5.0,5.0,Brighton,0,0.00,0,0.00,0,0.00,0,0.00,0,0.00,0,0.00,0,0.00,0,0.00,0,0.00,0,0.00,0,0.00,0,0.00,0.00
D,128,Igor,4.4,4.4,Brighton,57,1.03,29,0.74,19,0.59,16,0.65,15,0.46,15,0.54,17,0.66,17,0.54,18,0.66,16,0.48,17,0.53,16,0.58,0.00
F,129,João Pedro,5.4,5.4,Brighton,10,0.57,48,2.41,65,3.57,64,4.84,64,3.43,60,3.80,60,3.79,61,3.54,62,4.11,60,3.09,61,3.03,59,3.75,0.16
M,130,Kozlowski,4.5,4.5,Brighton,0,0.00,0,0.00,0,0.00,0,0.00,0,0.00,0,0.00,0,0.00,0,0.00,0,0.00,0,0.00,0,0.00,0,0.00,0.00
D,131,Lamptey,4.4,4.4,Brighton,11,0.36,8,0.33,9,0.38,8,0.44,7,0.35,8,0.42,10,0.47,11,0.43,10,0.45,12,0.41,12,0.43,9,0.42,0.00
M,132,March,6.5,6.5,Brighton,8,0.42,15,0.77,18,1.06,21,1.49,22,1.23,22,1.37,24,1.43,23,1.30,24,1.52,24,1.28,25,1.28,24,1.46,0.00
M,133,Mazilu,4.5,4.5,Brighton,0,0.00,0,0.00,0,0.00,0,0.00,0,0.00,0,0.00,0,0.00,0,0.00,0,0.00,0,0.00,0,0.00,0,0.00,0.00
M,134,Milner,5.0,5.0,Brighton,5,0.22,9,0.39,10,0.44,10,0.50,12,0.51,10,0.46,14,0.59,15,0.63,13,0.58,15,0.60,15,0.60,13,0.60,0.00
M,135,Minteh,5.3,5.3,Brighton,20,0.94,43,1.94,48,2.52,47,3.13,45,2.34,47,2.64,45,2.61,43,2.33,47,2.81,44,2.15,45,2.11,43,2.53,0.01
M,136,Mitoma,6.6,6.6,Brighton,85,3.15,76,2.97,72,3.23,71,4.26,70,3.08,68,3.39,68,3.52,68,3.19,67,3.52,68,2.85,66,2.71,67,3.46,0.01
M,137,Moder,4.4,4.4,Brighton,3,0.18,1,0.10,0,0.00,1,0.12,1,0.11,2,0.13,3,0.19,3,0.19,3,0.20,2,0.13,2,0.14,3,0.19,0.00
F,138,O’Mahony,4.5,4.5,Brighton,0,0.00,0,0.00,0,0.00,0,0.00,0,0.00,0,0.00,0,0.00,0,0.00,0,0.00,0,0.00,0,0.00,0,0.00,0.00
D,139,Offiah,4.0,4.0,Brighton,0,0.00,0,0.00,0,0.00,0,0.00,0,0.00,0,0.00,0,0.00,0,0.00,0,0.00,0,0.00,0,0.00,0,0.00,0.00
M,140,Peupion,4.5,4.5,Brighton,0,0.00,0,0.00,0,0.00,0,0.00,0,0.00,0,0.00,0,0.00,0,0.00,0,0.00,0,0.00,0,0.00,0,0.00,0.00
M,141,Sarmiento,4.9,4.9,Brighton,0,0.00,0,0.00,0,0.00,0,0.00,0,0.00,0,0.00,0,0.00,0,0.00,0,0.00,0,0.00,0,0.00,0,0.00,0.00
G,142,Steele,4.3,4.3,Brighton,3,0.09,4,0.13,5,0.20,7,0.29,6,0.21,8,0.32,8,0.34,7,0.27,8,0.33,8,0.29,9,0.33,9,0.34,0.00
F,143,Undav,5.5,5.5,Brighton,0,0.00,0,0.00,0,0.00,0,0.00,0,0.00,0,0.00,0,0.00,0,0.00,0,0.00,0,0.00,0,0.00,0,0.00,0.00
D,144,Van Hecke,4.5,4.5,Brighton,91,1.49,86,1.89,84,2.36,80,3.47,81,2.43,79,2.96,81,3.13,79,2.40,79,2.93,80,1.99,80,2.23,80,2.84,0.01
D,145,Veltman,4.5,4.5,Brighton,68,1.30,62,1.55,58,1.82,58,2.70,56,1.85,58,2.30,55,2.30,55,1.83,55,2.23,54,1.52,53,1.62,56,2.14,0.00
G,146,Verbruggen,4.5,4.5,Brighton,92,3.05,91,3.04,89,3.22,88,3.57,89,3.31,87,3.43,87,3.44,87,3.21,87,3.38,87,3.08,86,3.08,86,3.31,0.05
D,147,Webster,4.4,4.4,Brighton,0,0.00,0,0.00,6,0.23,14,0.62,16,0.60,18,0.76,17,0.74,19,0.72,19,0.80,19,0.65,18,0.66,18,0.75,0.00
F,148,Welbeck,5.9,5.9,Brighton,62,2.73,75,3.24,74,3.52,70,4.63,69,3.32,71,3.88,66,3.73,66,3.42,67,3.88,69,3.10,65,2.85,66,3.71,0.02
M,149,Wieffer,4.8,4.8,Brighton,46,1.43,37,1.21,35,1.23,33,1.41,34,1.21,35,1.33,35,1.32,35,1.25,34,1.33,35,1.18,36,1.20,37,1.42,0.00
M,150,Andrey Santos,4.5,4.5,Chelsea,0,0.00,0,0.00,0,0.00,0,0.00,0,0.00,0,0.00,0,0.00,0,0.00,0,0.00,0,0.00,0,0.00,0,0.00,0.00
M,151,Ângelo,4.5,4.5,Chelsea,0,0.00,0,0.00,0,0.00,0,0.00,0,0.00,0,0.00,0,0.00,0,0.00,0,0.00,0,0.00,0,0.00,0,0.00,0.00
G,152,Arrizabalaga,4.5,4.5,Bournemouth,37,1.23,79,2.86,92,3.35,91,3.38,91,3.11,91,3.46,91,3.48,91,3.14,91,3.57,91,3.27,91,3.65,0,0.00,0.00
D,153,B.Badiashile,4.3,4.3,Chelsea,3,0.07,5,0.12,5,0.18,8,0.27,8,0.27,9,0.22,10,0.38,10,0.36,11,0.41,9,0.30,12,0.41,11,0.41,0.00
G,154,Bergström,4.0,4.0,Chelsea,0,0.00,0,0.00,0,0.00,0,0.00,0,0.00,0,0.00,0,0.00,0,0.00,0,0.00,0,0.00,0,0.00,0,0.00,0.00
G,155,Bettinelli,4.0,4.0,Chelsea,0,0.00,0,0.00,0,0.00,0,0.00,0,0.00,0,0.00,0,0.00,0,0.00,0,0.00,0,0.00,0,0.00,0,0.00,0.00
F,156,Broja,5.4,5.4,Everton,0,0.00,0,0.00,4,0.27,9,0.54,11,0.70,10,0.58,12,0.59,0,0.00,12,0.57,12,0.73,11,0.65,12,0.68,0.00
M,157,Caicedo,4.9,4.9,Chelsea,85,2.22,83,2.14,81,2.42,79,2.25,76,2.29,74,1.91,74,2.26,73,2.10,72,2.19,71,2.14,73,2.02,76,2.27,0.00
M,158,Casadei,4.5,4.5,Chelsea,0,0.00,0,0.00,0,0.00,0,0.00,0,0.00,0,0.00,0,0.00,0,0.00,0,0.00,0,0.00,1,0.10,0,0.00,0.00
D,159,Chalobah,4.4,4.4,Crystal Palace,84,2.64,77,2.91,73,1.75,69,2.17,68,2.30,65,1.41,65,1.60,65,1.72,62,1.68,66,2.77,0,0.00,64,2.26,0.00
D,160,Chilwell,4.7,4.7,Chelsea,0,0.00,0,0.00,1,0.07,2,0.08,2,0.13,3,0.11,2,0.13,4,0.20,3,0.17,3,0.15,3,0.13,3,0.17,0.00
M,161,Chukwuemeka,4.8,4.8,Chelsea,2,0.15,2,0.17,2,0.19,4,0.26,5,0.35,5,0.33,5,0.37,6,0.38,5,0.36,6,0.40,5,0.34,6,0.37,0.00
D,162,Colwill,4.6,4.6,Chelsea,91,2.45,86,2.20,84,3.41,83,2.99,82,3.26,78,1.84,78,3.17,77,2.90,76,3.13,78,3.09,78,2.72,80,3.14,0.06
D,163,Cucurella,5.0,5.0,Chelsea,84,2.47,80,2.18,78,3.38,75,2.89,72,3.08,70,1.77,71,3.15,69,2.80,70,3.07,70,2.93,69,2.59,69,2.93,0.00
F,164,D.D.Fofana,5.4,5.4,Chelsea,0,0.00,0,0.00,0,0.00,0,0.00,0,0.00,0,0.00,0,0.00,0,0.00,0,0.00,0,0.00,0,0.00,0,0.00,0.00
F,165,Deivid,5.0,5.0,Chelsea,0,0.00,0,0.00,0,0.00,0,0.00,0,0.00,0,0.00,0,0.00,0,0.00,0,0.00,0,0.00,0,0.00,0,0.00,0.00
M,166,Dewsbury-Hall,5.6,5.6,Chelsea,2,0.12,4,0.20,5,0.25,7,0.36,7,0.39,7,0.33,8,0.41,7,0.38,9,0.46,8,0.44,8,0.39,8,0.40,0.00
D,167,Disasi,4.3,4.3,Chelsea,3,0.07,5,0.14,8,0.26,9,0.29,11,0.40,10,0.25,13,0.49,14,0.54,13,0.53,14,0.57,12,0.42,13,0.51,0.00
M,168,Enzo,4.9,4.9,Chelsea,60,2.12,58,1.99,59,2.36,59,2.20,63,2.51,62,2.11,60,2.45,62,2.37,62,2.48,60,2.43,63,2.26,61,2.47,0.00
M,169,Gallagher,5.9,5.9,Chelsea,0,0.00,0,0.00,0,0.00,0,0.00,0,0.00,0,0.00,0,0.00,0,0.00,0,0.00,0,0.00,0,0.00,0,0.00,0.00
D,170,Gilchrist,4.0,4.0,Chelsea,0,0.00,0,0.00,0,0.00,0,0.00,0,0.00,0,0.00,0,0.00,0,0.00,0,0.00,0,0.00,0,0.00,0,0.00,0.00
D,171,Gusto,4.9,4.9,Chelsea,41,1.35,41,1.26,43,1.92,44,1.78,45,2.00,47,1.31,47,2.15,48,2.00,45,2.06,47,2.09,48,1.90,47,2.06,0.00
D,172,James,4.9,4.9,Chelsea,60,2.41,60,2.27,58,3.26,57,2.92,56,3.13,57,2.04,56,3.28,53,2.75,56,3.19,54,3.02,55,2.70,55,3.16,0.00
M,173,Kellyman,4.4,4.4,Chelsea,0,0.00,0,0.00,0,0.00,0,0.00,0,0.00,0,0.00,0,0.00,0,0.00,0,0.00,0,0.00,0,0.00,0,0.00,0.00
M,174,Lavia,4.5,4.5,Chelsea,53,1.62,52,1.54,50,1.67,49,1.62,47,1.60,49,1.48,49,1.70,48,1.58,48,1.64,51,1.72,48,1.51,47,1.62,0.00
F,175,Lukaku,6.3,6.3,Chelsea,0,0.00,0,0.00,0,0.00,0,0.00,0,0.00,0,0.00,0,0.00,0,0.00,0,0.00,0,0.00,0,0.00,0,0.00,0.00
D,176,M.Sarr,4.5,4.5,Chelsea,0,0.00,0,0.00,0,0.00,0,0.00,0,0.00,0,0.00,0,0.00,0,0.00,0,0.00,0,0.00,0,0.00,0,0.00,0.00
M,177,Madueke,6.5,6.5,Chelsea,78,3.79,69,3.24,68,3.90,65,3.50,64,3.76,64,3.03,61,3.71,62,3.32,64,3.70,62,3.63,64,3.28,62,3.66,0.00
F,178,Marc Guiu,4.9,4.9,Chelsea,4,0.30,3,0.25,5,0.43,6,0.47,6,0.52,6,0.45,7,0.56,8,0.56,6,0.51,7,0.56,8,0.56,6,0.50,0.00
M,179,Mudryk,6.2,6.2,Chelsea,14,0.83,6,0.41,7,0.56,9,0.59,9,0.64,10,0.59,11,0.74,10,0.68,10,0.70,11,0.75,11,0.66,11,0.78,0.00
F,180,N.Jackson,7.9,7.9,Chelsea,80,4.30,76,3.83,70,4.42,69,4.04,68,4.47,68,3.55,67,4.40,65,3.77,66,4.18,66,4.31,66,3.57,68,4.35,0.01
M,181,Nkunku,6.0,6.0,Chelsea,30,1.95,25,1.56,28,2.07,30,2.15,32,2.48,30,1.94,32,2.57,32,2.26,32,2.47,34,2.65,33,2.19,29,2.35,0.00
M,182,Palmer,10.9,10.9,Chelsea,88,5.73,85,5.29,83,6.39,79,5.80,76,6.00,77,4.71,77,6.38,75,5.23,75,6.04,74,5.74,74,4.90,78,6.38,0.69
G,183,Petrović,4.4,4.4,Chelsea,0,0.00,0,0.00,0,0.00,0,0.00,0,0.00,0,0.00,0,0.00,0,0.00,0,0.00,0,0.00,0,0.00,0,0.00,0.00
M,184,Renato Veiga,4.5,4.5,Chelsea,5,0.14,7,0.20,9,0.30,10,0.32,13,0.46,13,0.41,12,0.41,14,0.46,13,0.46,13,0.45,15,0.48,14,0.46,0.00
G,185,Sánchez,4.7,4.7,Chelsea,93,3.25,90,3.07,90,3.61,88,3.37,88,3.45,88,2.90,86,3.44,85,3.29,87,3.46,87,3.44,86,3.30,87,3.44,0.02
M,186,Sterling,6.7,6.7,Arsenal,15,0.91,0,0.00,19,1.34,23,1.48,24,1.64,26,1.55,28,2.00,27,1.64,28,2.17,29,1.80,29,1.71,30,1.97,0.00
D,187,Tosin,4.4,4.4,Chelsea,14,0.39,19,0.53,23,0.96,26,1.00,25,1.05,28,0.78,28,1.18,29,1.17,31,1.35,31,1.28,29,1.08,28,1.16,0.00
M,188,Ugochukwu,4.5,4.5,Southampton,49,1.60,33,1.14,24,0.86,27,0.94,0,0.00,28,0.95,28,0.96,28,0.95,28,1.01,28,0.96,26,0.94,25,0.86,0.00
D,189,W.Fofana,4.5,4.5,Chelsea,83,2.32,79,2.07,76,3.14,72,2.67,72,2.96,72,1.71,70,2.91,70,2.65,67,2.79,68,2.71,68,2.45,67,2.67,0.00
M,190,Ahamada,4.5,4.5,Crystal Palace,0,0.00,0,0.00,0,0.00,0,0.00,0,0.00,0,0.00,0,0.00,0,0.00,0,0.00,0,0.00,0,0.00,0,0.00,0.00
D,191,Andersen,4.3,4.3,Fulham,90,3.21,87,2.74,85,3.39,85,1.58,84,2.70,83,2.23,83,1.33,82,3.50,82,1.57,80,2.76,81,3.36,81,2.33,0.08
M,192,J.Ayew,5.2,5.2,Leicester,42,2.02,41,1.72,39,1.70,42,1.75,41,1.99,48,2.11,41,1.67,44,2.19,41,1.48,41,1.54,43,1.71,48,2.19,0.00
M,193,C.Doucouré,4.9,4.9,Crystal Palace,15,0.60,35,1.28,42,1.38,42,1.48,42,1.50,42,1.34,44,1.41,43,1.36,44,1.48,43,1.65,46,1.50,41,1.45,0.00
D,194,C.Richards,4.4,4.4,Crystal Palace,15,0.49,35,1.30,38,0.96,37,1.18,38,1.29,38,0.87,37,0.94,39,1.07,39,1.06,39,1.58,54,1.41,37,1.34,0.00
D,195,Chadi Riad,4.3,4.3,Crystal Palace,0,0.00,0,0.00,11,0.30,25,0.85,30,1.10,34,0.86,32,0.91,33,0.98,32,0.94,30,1.26,47,1.31,32,1.21,0.00
D,196,Clyne,4.4,4.4,Crystal Palace,16,0.55,20,0.80,17,0.52,21,0.72,22,0.80,23,0.62,24,0.73,24,0.76,23,0.72,24,1.03,31,0.96,22,0.82,0.00
M,197,Ebiowei,4.5,4.5,Crystal Palace,0,0.00,0,0.00,0,0.00,0,0.00,0,0.00,0,0.00,0,0.00,0,0.00,0,0.00,0,0.00,0,0.00,0,0.00,0.00
F,198,Edouard,5.3,5.3,Leicester,15,0.96,19,1.05,23,1.27,22,1.21,22,1.38,26,1.49,24,1.20,24,1.48,25,1.13,25,1.15,24,1.18,0,0.00,0.00
M,199,Eze,6.7,6.7,Crystal Palace,88,5.00,86,4.98,84,3.88,81,4.77,80,4.80,80,3.57,80,3.97,79,3.69,79,4.12,78,5.54,78,4.22,77,4.56,0.37
D,200,Guéhi,4.4,4.4,Crystal Palace,92,2.89,88,3.34,86,2.08,85,2.68,86,2.88,85,1.79,84,2.06,83,2.19,83,2.22,84,3.52,84,2.22,86,3.00,0.01
G,201,Henderson,4.4,4.4,Crystal Palace,93,3.40,92,3.57,91,3.07,91,3.26,91,3.37,90,2.88,90,3.10,91,3.05,90,3.15,90,3.58,89,3.02,90,3.42,0.09
D,202,Holding,4.3,4.3,Crystal Palace,2,0.04,2,0.05,2,0.04,1,0.03,1,0.04,1,0.03,1,0.03,2,0.04,2,0.04,2,0.05,4,0.10,1,0.04,0.00
M,203,Hughes,4.9,4.9,Crystal Palace,24,0.96,28,1.06,28,1.01,28,1.07,30,1.14,29,1.02,31,1.09,31,1.06,32,1.13,31,1.26,32,1.13,30,1.11,0.00
G,204,Johnstone,4.4,4.4,Wolves,40,1.43,76,2.89,89,3.04,87,3.08,87,3.10,88,2.97,84,3.18,85,3.17,86,2.89,85,2.78,85,3.18,85,2.87,0.00
M,205,Kamada,5.1,5.1,Crystal Palace,51,2.45,56,2.66,58,2.36,57,2.73,57,2.82,56,2.24,55,2.36,58,2.40,56,2.52,57,3.27,57,2.52,55,2.71,0.00
M,206,Lerma,4.8,4.8,Crystal Palace,57,1.90,60,2.02,56,1.66,52,1.73,52,1.80,53,1.57,52,1.56,51,1.52,52,1.64,53,2.01,54,1.66,53,1.75,0.00
F,207,Mateta,7.3,7.3,Crystal Palace,55,3.09,54,2.99,57,2.58,58,3.21,55,3.19,56,2.44,55,2.69,55,2.49,57,2.87,56,3.73,56,2.90,56,3.06,0.00
M,208,M.França,4.4,4.4,Crystal Palace,0,0.00,0,0.00,0,0.00,0,0.00,0,0.00,0,0.00,0,0.00,0,0.00,0,0.00,0,0.00,7,0.36,14,0.78,0.00
G,209,Matthews,4.0,4.0,Crystal Palace,0,0.00,0,0.00,0,0.00,0,0.00,0,0.00,0,0.00,0,0.00,0,0.00,0,0.00,0,0.00,0,0.00,0,0.00,0.01
D,210,Mitchell,4.9,4.9,Crystal Palace,84,2.78,81,3.15,79,2.00,78,2.59,78,2.76,79,1.78,76,1.99,77,2.15,77,2.16,76,3.27,76,2.15,77,2.83,0.00
D,211,Muñoz,4.8,4.8,Crystal Palace,88,3.14,83,3.48,82,2.21,78,2.82,77,3.01,76,1.83,75,2.12,75,2.23,75,2.31,76,3.63,76,2.31,79,3.12,0.00
M,212,Ozoh,4.5,4.5,Crystal Palace,0,0.00,0,0.00,0,0.00,0,0.00,0,0.00,0,0.00,0,0.00,0,0.00,0,0.00,0,0.00,0,0.00,0,0.00,0.00
M,213,Rak-Sakyi,4.5,4.5,Crystal Palace,0,0.00,0,0.00,0,0.00,0,0.00,0,0.00,0,0.00,0,0.00,0,0.00,0,0.00,0,0.00,0,0.00,0,0.00,0.00
M,214,Schlupp,4.8,4.8,Crystal Palace,7,0.39,9,0.48,12,0.53,12,0.60,13,0.62,13,0.55,15,0.69,15,0.65,15,0.68,16,0.85,16,0.73,11,0.53,0.00
D,215,Ward,4.3,4.3,Crystal Palace,6,0.22,9,0.36,11,0.32,12,0.43,12,0.46,12,0.34,14,0.43,13,0.41,15,0.48,13,0.57,17,0.54,12,0.46,0.00
M,216,Wharton,4.8,4.8,Crystal Palace,73,2.45,39,1.35,34,1.07,37,1.28,37,1.36,37,1.10,36,1.16,35,1.11,35,1.14,35,1.36,35,1.18,36,1.29,0.00
M,217,A.Doucoure,5.2,5.2,Everton,76,2.76,72,2.54,69,2.71,66,2.16,63,2.62,60,2.03,60,1.81,63,2.26,62,1.79,61,2.36,62,2.16,62,2.22,0.00
F,218,Beto,5.0,5.0,Everton,23,1.47,25,1.44,26,1.67,23,1.28,22,1.51,24,1.31,23,1.09,28,1.61,24,1.12,24,1.50,23,1.31,24,1.42,0.00
D,219,Branthwaite,4.8,4.8,Everton,89,2.74,86,2.13,83,2.66,83,1.60,82,2.87,81,1.53,79,1.30,78,1.79,80,0.91,79,2.80,79,1.84,79,2.13,0.00
F,220,Calvert-Lewin,6.0,6.0,Everton,80,4.45,76,3.84,71,4.10,70,3.30,70,4.28,68,3.13,67,2.60,68,3.46,65,2.50,67,3.63,67,3.23,66,3.41,0.58
D,221,Coleman,4.3,4.3,Everton,23,0.83,24,0.79,27,1.02,26,0.71,27,1.11,27,0.72,27,0.65,27,0.82,29,0.58,29,1.17,29,0.88,28,0.97,0.00
M,222,Gana,4.9,4.9,Everton,54,1.71,54,1.60,52,1.64,46,1.35,46,1.53,47,1.37,44,1.24,46,1.37,44,1.20,44,1.45,45,1.35,48,1.47,0.00
M,223,Garner,5.0,5.0,Everton,13,0.50,33,1.14,39,1.46,39,1.26,39,1.57,40,1.30,42,1.22,39,1.34,42,1.21,39,1.47,41,1.36,40,1.40,0.00
M,224,Harrison,5.3,5.3,Everton,67,3.09,67,2.82,62,2.93,64,2.54,62,3.06,59,2.30,61,2.09,62,2.58,61,2.04,60,2.76,60,2.47,59,2.54,0.00
D,225,Holgate,4.0,4.0,Everton,0,0.00,0,0.00,0,0.00,0,0.00,0,0.00,0,0.00,0,0.00,0,0.00,0,0.00,0,0.00,0,0.00,0,0.00,0.00
M,226,Iroegbunam,4.5,4.5,Everton,0,0.00,0,0.00,12,0.45,29,0.98,34,1.28,34,1.13,34,1.09,36,1.23,34,1.06,37,1.33,34,1.16,35,1.21,0.00
G,227,J.Virginia,4.0,4.0,Everton,1,0.06,3,0.11,3,0.11,4,0.12,3,0.13,3,0.11,4,0.13,3,0.10,3,0.10,4,0.14,4,0.15,5,0.16,0.01
D,228,Keane,4.2,4.2,Everton,9,0.31,14,0.40,17,0.57,16,0.38,20,0.75,19,0.44,21,0.41,22,0.59,22,0.33,23,0.85,21,0.56,19,0.59,0.01
F,229,Maupay,4.9,4.9,Everton,0,0.00,0,0.00,0,0.00,0,0.00,0,0.00,0,0.00,0,0.00,0,0.00,0,0.00,0,0.00,0,0.00,0,0.00,0.00
M,230,McNeil,5.8,5.8,Everton,90,3.93,84,3.44,82,3.67,80,2.95,79,3.74,79,2.95,80,2.53,79,3.23,78,2.41,79,3.49,80,3.06,78,3.20,0.04
D,231,Mykolenko,4.3,4.3,Everton,88,2.91,84,2.32,82,2.83,80,1.74,79,3.05,78,1.70,79,1.45,79,2.00,78,1.05,78,2.97,78,2.00,78,2.32,0.35
F,232,Ndiaye,5.4,5.4,Everton,79,3.44,76,3.15,75,3.31,71,2.74,73,3.42,73,2.70,71,2.30,72,2.90,71,2.26,71,3.05,72,2.80,73,2.89,0.00
M,233,Onana,5.0,5.0,Aston Villa,59,1.93,52,1.71,47,1.84,46,1.56,45,1.75,46,1.93,47,1.66,44,1.48,45,1.56,46,1.74,47,1.95,45,1.68,0.00
D,234,Patterson,4.4,4.4,Everton,9,0.32,11,0.33,12,0.42,13,0.35,14,0.52,14,0.36,14,0.34,15,0.45,15,0.31,15,0.55,15,0.46,15,0.47,0.00
G,235,Pickford,4.8,4.8,Everton,94,3.46,92,3.19,92,3.37,91,3.07,92,3.50,91,2.92,91,2.95,92,3.10,91,2.92,91,3.50,90,3.11,90,3.18,0.00
D,236,Tarkowski,4.8,4.8,Everton,92,2.85,89,2.24,88,2.85,87,1.68,84,3.05,84,1.63,84,1.36,82,1.88,82,0.95,82,2.91,83,1.98,85,2.36,0.00
F,237,Y. Chermiti,4.9,4.9,Everton,0,0.00,0,0.00,0,0.00,0,0.00,0,0.00,0,0.00,0,0.00,0,0.00,0,0.00,0,0.00,0,0.00,0,0.00,0.00
D,238,Young,4.5,4.5,Everton,71,2.54,68,2.01,66,2.40,66,1.54,65,2.66,64,1.47,65,1.26,65,1.76,64,0.95,63,2.56,63,1.72,64,2.02,0.00
M,239,Adama,5.1,5.1,Fulham,69,3.44,66,2.78,65,3.50,63,2.60,62,2.94,65,2.58,63,2.28,60,3.36,58,2.33,59,2.97,60,3.40,61,2.72,0.00
M,240,Andreas,5.3,5.3,Fulham,77,3.86,77,3.18,73,3.93,69,2.79,69,3.30,71,2.83,70,2.52,65,3.85,66,2.59,64,3.24,67,3.81,68,3.03,0.01
D,241,Bassey,4.5,4.5,Fulham,90,2.99,85,2.59,82,3.07,80,1.40,79,2.40,77,1.99,77,1.19,76,3.02,73,1.38,73,2.41,78,3.07,79,2.13,0.00
G,242,Benda,4.0,4.0,Fulham,1,0.04,2,0.09,4,0.17,4,0.12,4,0.15,5,0.20,6,0.21,6,0.26,6,0.22,7,0.26,5,0.21,5,0.19,0.02
M,243,Cairney,4.8,4.8,Fulham,15,0.74,18,0.80,17,0.89,15,0.68,16,0.76,23,0.97,17,0.72,19,1.02,17,0.77,19,0.94,17,0.91,15,0.71,0.00
D,244,Castagne,4.2,4.2,Fulham,0,0.00,0,0.00,7,0.31,21,0.51,27,0.98,29,0.92,30,0.65,28,1.32,30,0.76,28,1.11,27,1.26,28,0.96,0.00
D,245,Diop,4.4,4.4,Fulham,9,0.32,15,0.47,19,0.69,19,0.38,20,0.64,22,0.61,22,0.40,24,0.97,27,0.57,26,0.90,24,0.97,23,0.69,0.00
M,246,Harris,4.5,4.5,Fulham,0,0.00,0,0.00,0,0.00,0,0.00,0,0.00,0,0.00,0,0.00,0,0.00,0,0.00,0,0.00,0,0.00,0,0.00,0.00
M,247,Iwobi,5.5,5.5,Fulham,84,3.76,82,3.11,79,3.82,80,2.93,80,3.44,78,2.83,76,2.53,76,3.90,76,2.69,75,3.35,75,3.81,76,3.01,0.00
G,248,Leno,5.0,5.0,Fulham,94,3.57,93,3.51,91,3.63,91,3.02,91,3.34,89,3.12,88,2.92,89,3.61,88,2.97,88,3.28,90,3.62,90,3.25,0.00
M,249,Lukić,4.9,4.9,Fulham,0,0.00,0,0.00,27,1.13,54,1.73,53,1.90,54,1.77,53,1.59,54,2.25,56,1.75,57,2.09,57,2.36,60,2.04,0.00
D,250,Mbabu,4.0,4.0,Fulham,0,0.00,0,0.00,0,0.00,0,0.00,0,0.00,0,0.00,0,0.00,0,0.00,0,0.00,0,0.00,0,0.00,0,0.00,0.00
F,251,Muniz,5.7,5.7,Fulham,26,1.69,28,1.50,28,1.87,28,1.52,27,1.65,29,1.46,30,1.39,28,2.00,28,1.43,28,1.73,27,1.97,27,1.59,0.00
F,252,Raúl,5.7,5.7,Fulham,73,4.26,71,3.30,70,4.39,69,3.21,68,3.73,66,2.93,64,2.68,66,4.39,65,2.98,65,3.76,65,4.35,65,3.41,0.04
D,253,Ream,4.5,4.5,Fulham,0,0.00,0,0.00,0,0.00,0,0.00,0,0.00,0,0.00,0,0.00,0,0.00,0,0.00,0,0.00,0,0.00,0,0.00,0.00
M,254,Reed,4.8,4.8,Fulham,23,0.96,25,0.96,21,0.90,15,0.61,18,0.75,21,0.81,19,0.71,19,0.86,19,0.75,19,0.79,17,0.76,17,0.70,0.00
D,255,Robinson,4.7,4.7,Fulham,85,3.16,81,2.58,79,3.21,78,1.47,75,2.48,76,2.07,75,1.24,75,3.27,73,1.48,73,2.62,73,3.13,73,2.16,0.04
F,256,Stansfield,5.0,5.0,Fulham,0,0.00,0,0.00,0,0.00,0,0.00,0,0.00,0,0.00,0,0.00,0,0.00,0,0.00,0,0.00,0,0.00,0,0.00,0.00
D,257,Tete,4.5,4.5,Fulham,87,3.27,84,2.81,79,3.37,72,1.53,69,2.46,69,2.03,66,1.21,67,3.10,66,1.46,66,2.49,68,3.05,69,2.17,0.00
F,258,Vinicius,5.0,5.0,Fulham,3,0.26,4,0.30,5,0.42,5,0.33,6,0.45,8,0.48,7,0.42,7,0.56,8,0.47,7,0.52,8,0.62,7,0.49,0.00
M,259,Wilson,5.3,5.3,Fulham,10,0.68,14,0.73,14,0.94,14,0.74,13,0.80,23,1.17,15,0.72,18,1.22,17,0.87,18,1.14,19,1.30,16,0.95,0.00
F,260,Al-Hamadi,4.9,4.9,Ipswich,1,0.14,2,0.17,2,0.17,3,0.20,3,0.28,3,0.25,3,0.25,4,0.32,3,0.22,4,0.33,3,0.25,4,0.28,0.00
D,261,Baggott,4.0,4.0,Ipswich,0,0.00,0,0.00,0,0.00,0,0.00,0,0.00,0,0.00,0,0.00,0,0.00,0,0.00,0,0.00,0,0.00,0,0.00,0.00
M,262,Broadhead,4.9,4.9,Ipswich,19,1.16,10,0.54,10,0.60,11,0.60,12,0.65,15,0.87,15,0.83,15,0.86,15,0.68,15,0.80,15,0.78,15,0.88,0.00
D,263,Burgess,3.9,3.9,Ipswich,82,2.87,78,1.19,54,1.26,32,0.88,21,0.64,20,0.58,21,0.57,22,0.59,22,0.36,23,0.51,22,0.53,22,0.58,0.01
M,264,Burns,4.9,4.9,Ipswich,53,2.58,40,1.56,39,1.78,40,1.65,39,1.79,37,1.70,37,1.68,38,1.74,40,1.40,39,1.66,39,1.59,39,1.74,0.00
M,265,Chaplin,5.2,5.2,Ipswich,36,2.21,25,1.25,24,1.40,23,1.22,25,1.49,25,1.47,24,1.38,27,1.51,25,1.15,26,1.41,26,1.36,26,1.49,0.00
D,266,H.Clarke,4.0,4.0,Ipswich,42,1.59,18,0.40,12,0.35,5,0.17,5,0.17,5,0.15,5,0.15,4,0.13,5,0.12,5,0.14,4,0.12,5,0.15,0.00
D,267,Davis,4.5,4.5,Ipswich,90,3.86,85,1.57,82,2.42,79,2.37,80,2.96,78,2.68,77,2.41,77,2.35,77,1.26,76,1.91,77,2.12,78,2.42,0.10
F,268,Delap,5.7,5.7,Ipswich,69,3.85,66,2.79,67,3.34,63,2.82,62,3.15,60,3.17,62,3.07,61,3.07,62,2.32,61,2.87,61,2.69,62,3.11,0.02
D,269,Edmundson,4.0,4.0,Ipswich,0,0.00,0,0.00,0,0.00,0,0.00,0,0.00,0,0.00,0,0.00,0,0.00,0,0.00,0,0.00,0,0.00,0,0.00,0.00
D,270,Greaves,4.1,4.1,Ipswich,0,0.00,0,0.00,32,0.73,67,1.63,83,2.47,83,2.15,80,1.99,79,1.86,80,0.96,79,1.48,82,1.70,79,1.88,0.46
M,271,Harness,4.9,4.9,Ipswich,0,0.00,0,0.00,0,0.00,0,0.00,0,0.00,0,0.00,0,0.00,0,0.00,0,0.00,0,0.00,0,0.00,0,0.00,0.00
F,272,Hirst,5.4,5.4,Ipswich,29,1.85,28,1.41,26,1.56,28,1.48,30,1.73,31,1.86,29,1.65,29,1.66,29,1.31,30,1.59,29,1.50,28,1.60,0.00
M,273,Humphreys,4.5,4.5,Ipswich,0,0.00,0,0.00,0,0.00,0,0.00,0,0.00,0,0.00,0,0.00,0,0.00,0,0.00,0,0.00,0,0.00,0,0.00,0.00
M,274,Hutchinson,5.3,5.3,Ipswich,32,1.57,72,2.48,76,3.10,75,2.77,73,3.06,72,3.00,74,2.90,71,2.85,70,2.15,71,2.70,73,2.68,71,2.82,0.00
D,275,Johnson,4.0,4.0,Ipswich,32,1.15,71,1.15,56,1.43,40,1.16,31,1.09,30,0.97,33,0.98,31,0.91,34,0.62,33,0.81,31,0.84,30,0.88,0.02
F,276,Ladapo,4.5,4.5,Ipswich,0,0.00,0,0.00,0,0.00,0,0.00,0,0.00,0,0.00,0,0.00,0,0.00,0,0.00,0,0.00,0,0.00,0,0.00,0.00
M,277,Luongo,4.5,4.5,Ipswich,0,0.00,0,0.00,7,0.30,13,0.52,17,0.72,18,0.72,16,0.63,17,0.71,17,0.64,19,0.75,18,0.70,19,0.76,0.00
M,278,Morsy,4.9,4.9,Ipswich,27,0.79,71,1.64,70,1.79,71,1.79,73,1.95,74,1.95,73,1.86,74,1.90,73,1.62,72,1.80,75,1.81,72,1.85,0.00
D,279,Ndaba,4.0,4.0,Ipswich,0,0.00,0,0.00,0,0.00,0,0.00,0,0.00,0,0.00,0,0.00,0,0.00,0,0.00,0,0.00,0,0.00,0,0.00,0.00
G,280,Slicker,4.0,4.0,Ipswich,0,0.00,0,0.00,0,0.00,0,0.00,0,0.00,0,0.00,0,0.00,0,0.00,0,0.00,0,0.00,0,0.00,0,0.00,0.01
M,281,Taylor,4.8,4.8,Ipswich,33,1.44,12,0.49,12,0.54,10,0.45,10,0.46,9,0.45,10,0.46,10,0.48,9,0.40,10,0.45,10,0.43,10,0.45,0.00
D,282,Tuanzebe,4.0,4.0,Ipswich,0,0.00,0,0.00,30,0.70,56,1.40,69,2.08,69,1.82,67,1.67,68,1.63,67,0.90,67,1.31,68,1.48,69,1.69,0.00
G,283,Walton,4.4,4.4,Ipswich,2,0.06,3,0.08,3,0.10,4,0.13,4,0.14,6,0.19,6,0.20,6,0.19,6,0.19,6,0.19,5,0.18,6,0.21,0.00
D,284,Woolfenden,4.0,4.0,Ipswich,36,1.13,35,0.51,23,0.50,14,0.34,11,0.32,10,0.25,12,0.29,14,0.31,12,0.17,13,0.26,11,0.24,11,0.26,0.00
M,285,B.Soumaré,4.4,4.4,Leicester,4,0.15,6,0.18,7,0.22,7,0.24,8,0.26,12,0.38,9,0.27,10,0.33,11,0.33,11,0.32,10,0.32,8,0.27,0.00
F,286,Cannon,4.5,4.5,Leicester,0,0.00,0,0.00,0,0.00,0,0.00,0,0.00,0,0.00,0,0.00,0,0.00,0,0.00,0,0.00,0,0.00,0,0.00,0.00
M,287,Choudhury,4.4,4.4,Leicester,0,0.00,0,0.00,3,0.12,9,0.32,12,0.42,17,0.55,14,0.44,17,0.56,15,0.47,16,0.51,18,0.54,14,0.47,0.00
D,288,Coady,4.0,4.0,Leicester,7,0.17,9,0.20,7,0.15,6,0.14,7,0.18,8,0.20,9,0.18,10,0.30,10,0.14,10,0.18,10,0.21,11,0.33,0.00
F,289,Daka,4.8,4.8,Leicester,15,0.93,20,1.11,21,1.20,22,1.23,23,1.41,26,1.48,23,1.23,25,1.60,24,1.13,24,1.16,22,1.13,30,1.67,0.00
M,290,De Cordova-Reid,5.2,5.2,Leicester,10,0.61,12,0.59,15,0.79,15,0.77,17,0.96,19,1.01,16,0.78,18,1.01,17,0.77,18,0.83,18,0.84,22,1.14,0.00
D,291,Faes,4.2,4.1,Leicester,92,2.49,89,1.61,86,1.73,83,1.87,82,2.43,81,2.00,80,1.43,82,2.63,82,0.82,79,1.21,80,1.43,79,2.44,0.10
M,292,Golding,4.4,4.4,Leicester,0,0.00,0,0.00,0,0.00,0,0.00,0,0.00,0,0.00,0,0.00,0,0.00,0,0.00,0,0.00,0,0.00,0,0.00,0.00
G,293,Hermansen,4.5,4.5,Leicester,93,3.33,94,3.12,92,3.12,91,3.09,91,3.32,91,3.16,91,3.05,91,3.42,91,2.95,90,2.92,90,2.97,89,3.33,0.00
G,294,Iversen,4.0,4.0,Leicester,0,0.00,0,0.00,2,0.06,2,0.08,2,0.09,2,0.07,2,0.06,2,0.08,3,0.09,3,0.09,3,0.09,3,0.10,0.01
D,295,Justin,4.6,4.6,Leicester,86,2.47,81,1.62,79,1.74,78,1.87,75,2.43,74,2.01,73,1.44,72,2.56,72,0.83,71,1.20,70,1.37,72,2.40,0.00
D,296,Kristiansen,4.5,4.5,Leicester,83,2.39,82,1.64,77,1.70,78,1.87,77,2.48,74,2.01,72,1.46,70,2.48,70,0.85,70,1.21,70,1.42,70,2.33,0.00
M,297,Marcal,4.5,4.5,Leicester,0,0.00,0,0.00,0,0.00,0,0.00,0,0.00,0,0.00,0,0.00,0,0.00,0,0.00,0,0.00,0,0.00,0,0.00,0.00
M,298,Mavididi,5.3,5.3,Leicester,61,3.13,60,2.66,56,2.60,55,2.52,55,2.98,58,2.86,55,2.41,55,3.09,55,2.07,54,2.19,55,2.31,55,2.82,0.01
M,299,McAteer,4.8,4.8,Leicester,2,0.13,3,0.22,4,0.28,5,0.32,5,0.38,10,0.55,6,0.38,7,0.46,7,0.38,7,0.39,7,0.41,7,0.45,0.00
M,300,Ndidi,5.0,5.0,Leicester,82,2.55,79,2.21,72,2.10,70,2.03,68,2.24,68,2.16,68,1.91,65,2.21,66,1.74,66,1.79,65,1.80,72,2.27,0.00
D,301,Okoli,4.0,4.0,Leicester,91,2.35,86,1.52,81,1.58,82,1.77,80,2.35,80,1.92,79,1.38,78,2.46,77,0.74,77,1.10,77,1.36,77,2.29,0.01
D,302,Ricardo,4.3,4.3,Leicester,12,0.44,16,0.44,19,0.56,20,0.60,23,0.88,23,0.73,25,0.64,26,1.01,27,0.47,28,0.63,26,0.67,26,0.97,0.00
D,303,Souttar,4.0,4.0,Leicester,0,0.00,0,0.00,0,0.00,0,0.00,0,0.00,0,0.00,0,0.00,0,0.00,0,0.00,0,0.00,0,0.00,0,0.00,0.00
G,304,Stolarczyk,4.0,4.0,Leicester,0,0.00,0,0.00,0,0.00,0,0.00,0,0.00,0,0.00,0,0.00,0,0.00,0,0.00,0,0.00,0,0.00,0,0.00,0.00
D,305,Thomas,3.9,3.9,Leicester,9,0.31,10,0.28,12,0.35,12,0.35,12,0.42,14,0.44,15,0.39,16,0.59,16,0.32,15,0.37,17,0.44,17,0.59,0.00
F,306,Vardy,5.7,5.7,Leicester,80,4.24,75,3.39,69,3.40,70,3.35,66,3.76,66,3.44,66,2.99,65,3.84,66,2.53,65,2.69,67,2.85,72,3.72,0.02
D,307,Vestergaard,4.0,4.0,Leicester,0,0.00,6,0.13,17,0.38,19,0.47,21,0.66,22,0.61,22,0.45,21,0.71,22,0.28,25,0.44,24,0.47,24,0.80,0.00
G,308,Ward,4.0,4.0,Leicester,0,0.00,0,0.00,1,0.04,2,0.07,2,0.07,2,0.06,2,0.07,2,0.07,1,0.04,2,0.07,2,0.08,3,0.11,0.00
M,309,Winks,4.5,4.5,Leicester,69,2.03,69,1.83,68,1.86,67,1.84,65,1.99,66,1.91,64,1.68,63,1.99,62,1.49,63,1.59,62,1.59,64,1.90,0.06
G,310,A.Becker,5.4,5.4,Liverpool,0,0.00,0,0.00,37,1.57,78,2.89,91,3.54,91,3.79,90,3.89,90,3.21,90,4.17,90,3.67,90,3.63,90,3.79,0.00
D,311,Alexander-Arnold,7.1,7.0,Liverpool,85,4.61,80,3.92,78,4.53,77,3.11,75,3.36,74,4.07,74,4.44,73,2.83,72,4.98,73,3.71,73,3.97,73,3.92,0.41
M,312,Bajcetic,4.5,4.5,Liverpool,0,0.00,0,0.00,0,0.00,0,0.00,0,0.00,0,0.00,0,0.00,0,0.00,0,0.00,0,0.00,0,0.00,0,0.00,0.00
D,313,Bradley,4.7,4.7,Liverpool,6,0.32,16,0.73,22,1.11,23,0.91,24,1.02,24,1.21,26,1.35,26,1.00,28,1.64,25,1.19,24,1.18,26,1.24,0.00
M,314,Carvalho,4.8,4.8,Brentford,24,1.30,28,1.61,22,1.25,17,1.18,15,0.82,16,1.00,17,0.89,19,1.14,17,0.95,18,0.93,17,1.04,18,0.90,0.04
M,315,Clark,4.5,4.5,Liverpool,0,0.00,0,0.00,0,0.00,0,0.00,0,0.00,0,0.00,0,0.00,0,0.00,0,0.00,0,0.00,0,0.00,0,0.00,0.00
F,316,Darwin,7.1,7.1,Liverpool,67,4.49,62,3.89,63,4.41,62,3.19,61,3.55,61,3.89,62,4.28,58,3.35,61,4.78,62,3.79,60,4.12,59,3.43,0.00
M,317,Diogo J.,7.3,7.3,Liverpool,0,0.00,0,0.00,0,0.00,0,0.00,0,0.00,0,0.00,0,0.00,0,0.00,0,0.00,0,0.00,0,0.00,0,0.00,0.00
M,318,Doak,4.5,4.5,Liverpool,0,0.00,0,0.00,0,0.00,0,0.00,0,0.00,0,0.00,0,0.00,0,0.00,0,0.00,0,0.00,0,0.00,0,0.00,0.00
M,319,Elliott,5.2,5.2,Liverpool,8,0.45,17,0.93,21,1.22,21,1.05,23,1.21,23,1.27,24,1.42,25,1.28,25,1.55,26,1.39,25,1.45,25,1.30,0.00
M,320,Endo,4.8,4.8,Liverpool,11,0.50,11,0.49,12,0.55,12,0.47,13,0.56,14,0.60,16,0.70,16,0.67,18,0.83,16,0.69,16,0.72,14,0.59,0.00
F,321,Gakpo,7.1,7.1,Liverpool,45,2.95,46,2.71,44,2.92,44,2.25,45,2.60,45,2.75,45,2.89,47,2.55,45,3.28,43,2.60,45,2.88,46,2.66,0.00
D,322,Gomez,4.8,4.8,Liverpool,9,0.29,8,0.25,10,0.34,13,0.38,14,0.46,17,0.65,16,0.64,18,0.53,17,0.78,18,0.68,18,0.67,17,0.64,0.00
M,323,Gravenberch,5.0,5.0,Liverpool,80,3.20,77,2.87,75,3.10,76,2.54,75,2.69,72,2.85,71,2.94,71,2.49,69,3.19,68,2.69,69,2.84,71,2.73,0.00
M,324,Jones,5.3,5.3,Liverpool,36,1.76,34,1.57,34,1.70,34,1.42,35,1.53,37,1.72,39,1.91,37,1.58,38,2.00,39,1.77,38,1.81,37,1.67,0.00
G,325,Kelleher,4.4,4.4,Liverpool,94,3.81,93,3.63,56,2.38,16,0.59,4,0.15,4,0.17,5,0.22,5,0.18,4,0.20,5,0.19,5,0.19,5,0.21,0.02
D,326,Konaté,5.3,5.3,Liverpool,82,3.21,81,2.84,78,3.29,71,2.13,71,2.32,68,2.75,68,2.96,66,1.80,68,3.35,66,2.46,67,2.56,70,2.83,0.00
M,327,Luis Díaz,7.9,7.9,Liverpool,69,4.38,65,3.81,62,4.10,63,3.11,63,3.44,62,3.75,61,3.95,60,3.23,60,4.51,62,3.72,60,3.82,59,3.36,0.03
M,328,M.Salah,12.6,12.5,Liverpool,88,7.19,85,6.43,82,6.86,81,4.93,80,5.50,81,6.09,82,6.73,81,5.27,79,7.84,79,5.82,80,6.56,80,5.49,0.10
M,329,Mac Allister,6.2,6.2,Liverpool,79,3.46,76,3.15,75,3.44,75,2.74,74,2.94,73,3.14,72,3.33,70,2.68,70,3.67,70,2.98,72,3.25,73,3.02,0.00
M,330,McConnell,4.5,4.5,Liverpool,0,0.00,0,0.00,0,0.00,0,0.00,0,0.00,0,0.00,0,0.00,0,0.00,0,0.00,0,0.00,0,0.00,0,0.00,0.00
M,331,Morton,4.4,4.4,Liverpool,0,0.00,0,0.00,1,0.06,1,0.06,1,0.07,2,0.12,2,0.12,2,0.10,2,0.15,3,0.14,3,0.17,2,0.10,0.00
D,332,N.Phillips,4.0,4.0,Liverpool,0,0.00,0,0.00,0,0.00,0,0.00,0,0.00,0,0.00,0,0.00,0,0.00,0,0.00,0,0.00,0,0.00,0,0.00,0.00
D,333,Quansah,4.0,4.0,Liverpool,15,0.62,19,0.75,22,0.96,27,0.93,26,0.96,29,1.25,29,1.31,30,0.96,29,1.43,31,1.26,31,1.25,29,1.23,0.01
D,334,R.Williams,4.0,4.0,Liverpool,0,0.00,0,0.00,0,0.00,0,0.00,0,0.00,0,0.00,0,0.00,0,0.00,0,0.00,0,0.00,0,0.00,0,0.00,0.00
D,335,Robertson,6.0,6.0,Liverpool,78,3.98,76,3.46,73,4.02,71,2.68,70,2.95,68,3.52,68,3.84,66,2.36,65,4.16,67,3.23,67,3.33,68,3.40,0.12
M,336,Szoboszlai,6.4,6.4,Liverpool,70,3.94,67,3.50,64,3.72,61,2.77,59,2.88,60,3.20,59,3.40,61,2.95,59,3.84,60,3.17,59,3.37,61,3.10,0.00
D,337,Tsimikas,4.6,4.6,Liverpool,17,0.85,19,0.85,20,1.02,21,0.85,23,1.00,24,1.22,24,1.27,26,0.98,27,1.63,25,1.22,25,1.23,25,1.21,0.00
D,338,Van den Berg,4.0,4.0,Brentford,85,2.36,77,2.50,67,2.15,65,2.66,63,1.50,63,1.89,64,1.20,64,2.40,63,1.51,62,1.57,60,1.99,64,1.30,0.05
D,339,Virgil,6.1,6.1,Liverpool,91,3.77,86,3.19,85,3.76,84,2.56,84,2.87,82,3.51,82,3.79,83,2.33,82,4.32,81,3.15,82,3.29,81,3.43,0.00
D,340,Akanji,5.5,5.5,Man City,74,3.06,69,2.76,65,2.59,67,2.06,65,3.31,63,2.81,63,2.81,66,2.55,65,3.43,67,3.28,67,3.31,66,2.84,0.01
D,341,Aké,5.3,5.3,Man City,41,1.77,50,2.10,60,2.58,61,2.00,61,3.29,60,2.79,60,2.84,61,2.45,59,3.28,59,3.02,60,3.11,60,2.70,0.00
M,342,Bernardo,6.5,6.5,Man City,69,3.29,59,2.79,57,2.93,56,2.22,57,3.09,56,2.71,56,2.97,54,2.49,55,3.18,55,2.93,55,3.12,56,2.79,0.00
M,343,Bobb,4.7,4.7,Man City,0,0.00,0,0.00,0,0.00,0,0.00,0,0.00,0,0.00,10,0.70,16,0.98,21,1.58,20,1.44,21,1.56,19,1.31,0.00
G,344,Carson,4.0,4.0,Man City,0,0.00,0,0.00,0,0.00,0,0.00,0,0.00,0,0.00,0,0.00,0,0.00,0,0.00,0,0.00,0,0.00,0,0.00,0.00
M,345,De Bruyne,9.4,9.4,Man City,30,1.93,64,3.86,70,4.77,72,3.59,67,4.86,68,4.24,68,4.81,67,3.93,64,5.05,65,4.62,65,4.97,65,4.25,0.00
M,346,Doku,6.3,6.3,Man City,13,0.79,29,1.64,42,2.56,39,1.92,43,2.75,40,2.33,40,2.58,40,2.14,39,2.69,41,2.65,38,2.58,39,2.31,0.00
G,347,Ederson M.,5.5,5.5,Man City,92,3.66,92,3.62,89,3.44,89,3.19,87,3.95,87,3.65,85,3.48,86,3.34,86,3.92,86,3.77,86,3.77,87,3.54,0.05
M,348,Foden,9.3,9.3,Man City,77,5.03,69,4.19,67,4.54,68,3.46,67,4.83,66,4.17,65,4.51,64,3.76,64,4.99,62,4.49,64,4.88,63,4.17,0.20
M,349,Grealish,6.4,6.4,Man City,22,1.27,40,2.19,42,2.55,44,2.08,39,2.54,42,2.35,43,2.68,42,2.22,40,2.75,42,2.65,42,2.78,39,2.25,0.00
D,350,Gvardiol,6.1,6.1,Man City,77,3.44,72,3.04,71,3.04,68,2.16,68,3.79,69,3.24,68,3.25,69,2.79,69,3.89,66,3.51,65,3.50,66,3.04,0.27
F,351,Haaland,15.4,15.4,Man City,89,6.49,83,5.79,81,6.78,79,4.60,78,6.76,76,5.42,76,6.42,76,4.96,74,6.97,76,6.44,78,7.28,76,5.67,0.92
F,352,J.Alvarez,7.0,7.0,Man City,0,0.00,0,0.00,0,0.00,0,0.00,0,0.00,0,0.00,0,0.00,0,0.00,0,0.00,0,0.00,0,0.00,0,0.00,0.00
D,353,João Cancelo,5.3,5.3,Man City,0,0.00,0,0.00,0,0.00,0,0.00,0,0.00,0,0.00,0,0.00,0,0.00,0,0.00,0,0.00,0,0.00,0,0.00,0.00
M,354,Kovačić,5.6,5.6,Man City,72,2.61,64,2.29,61,2.31,55,1.80,56,2.31,58,2.12,57,2.23,55,1.96,54,2.29,54,2.20,57,2.38,58,2.17,0.00
D,355,Lewis,4.8,4.8,Man City,70,3.14,62,2.65,59,2.57,59,1.96,60,3.32,58,2.73,56,2.71,59,2.39,58,3.22,57,2.99,58,3.12,58,2.68,0.62
M,356,Matheus N.,4.9,4.9,Man City,25,1.33,16,0.83,14,0.74,14,0.64,16,0.93,18,0.92,16,0.86,17,0.83,17,1.00,15,0.84,16,0.91,16,0.85,0.00
M,357,McAtee,4.7,4.7,Man City,12,0.79,6,0.48,5,0.43,5,0.35,7,0.56,8,0.59,7,0.54,6,0.43,5,0.46,5,0.43,5,0.45,5,0.43,0.00
G,358,Ortega Moreno,5.3,5.3,Man City,3,0.11,3,0.14,6,0.23,6,0.21,8,0.37,7,0.31,10,0.41,9,0.34,9,0.41,9,0.41,9,0.39,8,0.32,0.00
M,359,Phillips,4.9,4.9,Ipswich,79,2.50,66,1.75,65,1.91,63,1.82,60,1.91,60,1.88,61,1.84,59,1.78,59,1.55,58,1.69,60,1.73,59,1.81,0.00
M,360,Rodrigo,6.3,6.3,Man City,0,0.00,0,0.00,0,0.00,0,0.00,0,0.00,0,0.00,0,0.00,0,0.00,0,0.00,0,0.00,0,0.00,0,0.00,0.00
D,361,Rúben,5.5,5.5,Man City,79,3.23,70,2.74,64,2.48,66,1.94,65,3.27,63,2.73,64,2.79,62,2.36,63,3.27,61,2.91,64,3.14,64,2.73,0.00
D,362,Stones,5.3,5.3,Man City,48,2.00,48,1.96,48,1.96,48,1.51,51,2.67,48,2.17,50,2.29,49,1.92,50,2.72,53,2.59,48,2.42,48,2.12,0.00
D,363,Walker,5.3,5.3,Man City,18,0.78,39,1.60,44,1.83,47,1.45,46,2.41,47,2.09,47,2.11,48,1.85,47,2.46,50,2.46,48,2.39,47,2.04,0.00
M,364,Amad,4.9,4.9,Man Utd,34,1.86,34,2.18,33,1.96,36,2.25,36,1.56,40,2.35,37,1.54,38,2.21,37,2.07,39,2.22,39,1.68,38,2.60,0.00
M,365,Antony,5.7,5.7,Man Utd,5,0.31,11,0.71,14,0.88,16,1.04,16,0.77,18,1.10,17,0.80,17,1.07,18,1.06,19,1.11,19,0.92,18,1.25,0.00
M,366,B.Fernandes,8.2,8.2,Man Utd,87,4.83,81,5.53,80,4.88,78,5.30,78,3.21,76,4.83,77,3.07,75,4.84,75,4.40,74,4.50,75,3.21,75,5.58,0.34
G,367,Bayindir,4.4,4.4,Man Utd,1,0.04,2,0.09,3,0.12,3,0.14,4,0.14,4,0.17,3,0.11,5,0.19,4,0.16,5,0.18,4,0.14,5,0.20,0.00
M,368,Casemiro,4.8,4.8,Man Utd,41,1.56,35,1.57,33,1.36,32,1.44,34,1.16,37,1.52,36,1.18,35,1.48,36,1.43,35,1.40,36,1.22,33,1.50,0.00
D,369,Dalot,5.1,5.1,Man Utd,91,2.64,86,3.99,85,3.33,83,3.75,80,1.76,78,3.52,79,1.35,75,3.00,76,2.81,76,2.83,77,1.43,78,3.76,0.01
M,370,Eriksen,5.4,5.4,Man Utd,56,2.54,46,2.54,41,2.10,40,2.22,40,1.58,41,2.17,40,1.52,39,2.09,39,1.95,40,2.05,39,1.56,40,2.34,0.00
D,371,Evans,4.4,4.4,Man Utd,11,0.28,9,0.30,8,0.23,10,0.33,10,0.23,12,0.42,12,0.21,14,0.44,14,0.43,15,0.47,14,0.28,13,0.47,0.00
M,372,Garnacho,6.2,6.2,Man Utd,78,3.88,73,4.44,71,4.03,70,4.12,69,2.66,67,3.77,65,2.44,65,3.73,66,3.54,66,3.52,67,2.64,66,4.38,0.02
M,373,Hannibal,4.5,4.5,Man Utd,0,0.00,0,0.00,0,0.00,0,0.00,0,0.00,0,0.00,0,0.00,0,0.00,0,0.00,0,0.00,0,0.00,0,0.00,0.00
G,374,Heaton,4.0,4.0,Man Utd,0,0.00,0,0.00,0,0.00,0,0.00,0,0.00,0,0.00,0,0.00,0,0.00,0,0.00,0,0.00,0,0.00,0,0.00,0.00
F,375,Højlund,6.9,6.9,Man Utd,63,3.35,57,3.66,54,3.20,56,3.57,56,2.33,52,3.08,54,2.19,55,3.29,54,3.10,52,2.97,51,2.23,53,3.62,0.00
D,376,Lindelof,4.3,4.3,Man Utd,6,0.20,3,0.12,1,0.04,2,0.06,2,0.05,3,0.09,3,0.06,2,0.09,2,0.08,2,0.08,3,0.07,3,0.12,0.00
D,377,Maguire,4.9,4.9,Man Utd,20,0.66,35,1.57,39,1.53,40,1.79,40,1.01,42,1.81,41,0.84,38,1.53,41,1.53,39,1.46,41,0.90,42,1.95,0.00
M,378,Mainoo,5.2,5.2,Man Utd,36,1.17,62,2.22,70,2.36,68,2.39,69,1.89,66,2.28,68,1.81,71,2.37,70,2.27,72,2.32,72,1.93,75,2.70,0.00
D,379,Malacia,4.4,4.4,Man Utd,0,0.00,2,0.11,6,0.22,7,0.30,8,0.24,8,0.35,9,0.24,10,0.39,10,0.38,11,0.41,10,0.27,11,0.49,0.00
D,380,Martinez,4.5,4.5,Man Utd,87,2.31,82,3.43,78,2.73,74,3.04,73,1.54,69,2.85,71,1.14,70,2.51,69,2.35,69,2.32,68,1.19,71,3.11,0.00
M,381,McTominay,4.9,4.9,Man Utd,0,0.00,0,0.00,0,0.00,0,0.00,0,0.00,0,0.00,0,0.00,0,0.00,0,0.00,0,0.00,0,0.00,0,0.00,0.00
M,382,Mount,6.3,6.3,Man Utd,17,0.86,26,1.54,31,1.75,32,1.85,33,1.37,33,1.82,35,1.39,35,1.99,34,1.77,34,1.80,33,1.38,33,2.08,0.00
G,383,Onana,5.0,5.0,Man Utd,94,3.20,93,3.72,92,3.49,92,3.65,91,3.04,91,3.66,91,3.01,90,3.36,91,3.41,90,3.28,91,2.98,90,3.67,0.00
M,384,Pellistri,5.0,5.0,Man Utd,0,0.00,0,0.00,0,0.00,0,0.00,0,0.00,0,0.00,0,0.00,0,0.00,0,0.00,0,0.00,0,0.00,0,0.00,0.00
M,385,Rashford,6.9,6.9,Man Utd,72,4.16,71,5.03,69,4.48,66,4.64,66,2.90,66,4.34,68,2.87,66,4.42,66,4.08,64,4.08,63,2.86,64,5.00,0.00
M,386,Sancho,6.4,6.4,Chelsea,0,0.00,62,2.93,62,3.50,61,3.32,60,3.51,60,2.90,60,3.54,59,3.16,57,3.30,57,3.32,57,2.90,56,3.28,0.00
D,387,Shaw,4.9,4.9,Man Utd,33,1.02,63,2.94,72,2.83,72,3.24,68,1.58,66,2.94,67,1.22,68,2.72,67,2.53,66,2.41,67,1.31,65,3.13,0.00
D,388,Wan-Bissaka,4.4,4.4,West Ham,87,2.54,85,3.08,82,1.78,81,1.95,80,2.60,78,2.86,79,1.90,78,2.26,77,2.46,77,1.55,78,0.95,80,2.62,0.00
F,389,Zirkzee,6.7,6.7,Man Utd,35,2.02,38,2.55,40,2.58,39,2.51,38,1.73,40,2.41,39,1.75,39,2.48,41,2.42,42,2.52,42,1.95,39,2.75,0.00
D,390,A.Murphy,4.0,4.0,Newcastle,0,0.00,0,0.00,0,0.00,0,0.00,0,0.00,0,0.00,1,0.04,0,0.00,0,0.00,0,0.00,0,0.00,0,0.00,0.00
M,391,Almirón,5.6,5.6,Newcastle,11,0.56,13,0.67,10,0.65,11,0.60,12,0.63,12,0.64,15,0.95,14,0.81,15,0.82,14,0.76,14,0.73,15,0.92,0.00
M,392,Barnes,6.5,6.5,Newcastle,56,2.66,55,2.76,53,3.24,53,2.70,54,2.59,53,2.80,51,3.33,52,3.12,49,2.65,52,2.55,50,2.43,50,3.21,0.00
D,393,Botman,4.4,4.4,Newcastle,0,0.00,0,0.00,0,0.00,0,0.00,0,0.00,0,0.00,0,0.00,0,0.00,21,0.72,41,1.04,65,1.33,75,3.13,0.00
M,394,Bruno G.,6.2,6.2,Newcastle,90,2.83,88,2.90,85,3.42,82,2.76,81,2.66,79,2.71,80,3.48,79,3.06,77,2.75,77,2.51,77,2.42,80,3.32,0.00
D,395,Burn,4.4,4.4,Newcastle,73,2.03,71,2.71,72,2.79,72,2.37,73,1.87,70,2.17,72,3.22,73,2.68,68,2.33,59,1.55,54,1.17,50,2.10,0.00
G,396,Dúbravka,4.3,4.3,Newcastle,0,0.00,0,0.00,0,0.00,0,0.00,0,0.00,0,0.00,0,0.00,1,0.04,1,0.05,0,0.00,0,0.00,0,0.00,0.00
M,397,Fraser,4.8,4.8,Southampton,24,1.31,24,1.19,23,1.03,21,0.96,24,1.14,22,0.99,23,1.13,25,1.15,27,1.36,23,1.08,24,1.24,24,1.08,0.00
M,398,Gordon,7.2,7.2,Newcastle,86,3.68,84,3.85,81,4.67,78,3.65,77,3.26,77,3.65,75,4.52,76,4.10,75,3.72,73,3.22,76,3.20,75,4.49,0.00
D,399,Hall,4.3,4.3,Newcastle,74,2.24,74,2.97,68,2.88,67,2.37,65,1.75,64,2.19,63,3.11,64,2.56,58,2.19,56,1.60,53,1.27,53,2.47,0.00
M,400,Hayden,4.5,4.5,Newcastle,2,0.16,5,0.26,5,0.28,6,0.30,6,0.31,7,0.34,8,0.40,8,0.39,6,0.32,5,0.27,4,0.23,3,0.21,0.00
F,401,Isak,8.3,8.3,Newcastle,89,4.46,84,4.22,78,5.28,77,4.12,76,4.02,74,4.11,74,5.40,72,4.57,73,4.26,72,3.85,72,3.67,72,5.12,0.00
M,402,J.Murphy,5.1,5.1,Newcastle,47,2.05,46,2.17,44,2.45,43,2.03,42,1.91,45,2.18,44,2.58,44,2.33,44,2.17,45,2.05,44,1.94,45,2.57,0.00
M,403,Joelinton,6.0,6.0,Newcastle,56,1.92,60,2.25,61,2.66,64,2.33,64,2.21,62,2.35,63,2.98,65,2.73,64,2.50,65,2.28,64,2.18,67,3.02,0.00
D,404,Kelly,4.4,4.4,Newcastle,35,1.17,37,1.50,38,1.56,38,1.35,36,1.07,40,1.39,38,1.72,38,1.50,31,1.17,25,0.80,17,0.51,12,0.53,0.00
D,405,Krafth,4.4,4.4,Newcastle,18,0.49,21,0.77,21,0.79,18,0.55,19,0.49,19,0.58,18,0.75,18,0.61,13,0.40,10,0.26,5,0.11,5,0.17,0.00
M,406,Kuol,4.5,4.5,Newcastle,0,0.00,0,0.00,0,0.00,0,0.00,0,0.00,1,0.09,0,0.00,0,0.00,0,0.00,1,0.10,1,0.11,1,0.11,0.00
D,407,Lascelles,4.5,4.5,Newcastle,0,0.00,0,0.00,0,0.00,0,0.00,0,0.00,0,0.00,0,0.00,0,0.00,8,0.28,13,0.37,13,0.34,11,0.46,0.00
D,408,Lewis,4.0,4.0,Newcastle,0,0.00,0,0.00,0,0.00,0,0.00,0,0.00,0,0.00,0,0.00,0,0.00,0,0.00,0,0.00,0,0.00,0,0.00,0.00
D,409,Livramento,4.5,4.5,Newcastle,83,2.56,80,3.28,62,2.68,44,1.67,34,1.05,34,1.26,36,1.80,38,1.58,37,1.42,35,1.09,35,0.94,37,1.71,0.00
M,410,Longstaff,4.7,4.7,Newcastle,31,1.19,30,1.22,33,1.42,32,1.27,33,1.23,33,1.32,33,1.47,32,1.34,33,1.31,34,1.30,35,1.29,31,1.39,0.00
M,411,Miley,5.0,5.0,Newcastle,5,0.23,6,0.31,7,0.39,7,0.34,8,0.36,9,0.40,9,0.46,9,0.45,10,0.47,9,0.42,9,0.41,9,0.44,0.00
G,412,Odysseas,4.4,4.4,Newcastle,2,0.06,2,0.07,3,0.11,4,0.13,3,0.10,4,0.14,3,0.14,3,0.13,4,0.16,3,0.12,3,0.11,3,0.11,0.00
G,413,Pope,5.0,5.0,Newcastle,93,3.25,93,3.69,92,3.54,91,3.35,92,3.09,91,3.26,91,3.77,91,3.43,89,3.27,91,3.12,91,3.01,92,3.63,0.00
G,414,Ruddy,4.0,4.0,Newcastle,0,0.00,0,0.00,0,0.00,0,0.00,0,0.00,0,0.00,0,0.00,0,0.00,0,0.00,0,0.00,0,0.00,0,0.00,0.00
D,415,Schär,5.4,5.4,Newcastle,90,2.59,86,3.43,84,3.41,84,2.77,81,2.08,81,2.51,81,3.70,79,2.98,77,2.69,77,1.98,77,1.62,78,3.34,0.00
D,416,Targett,4.0,4.0,Newcastle,0,0.00,3,0.11,3,0.12,3,0.12,2,0.08,3,0.11,3,0.16,4,0.16,3,0.11,2,0.08,1,0.05,0,0.00,0.00
M,417,Tonali,5.5,5.5,Newcastle,68,2.27,65,2.34,63,2.60,63,2.30,61,2.08,60,2.20,60,2.68,58,2.33,58,2.23,59,2.05,58,1.96,60,2.61,0.00
D,418,Trippier,5.6,5.6,Newcastle,0,0.00,0,0.00,25,1.28,48,1.98,65,2.12,64,2.56,61,3.50,60,2.85,60,2.62,60,2.01,59,1.69,58,3.04,0.00
M,419,White,4.5,4.5,Newcastle,0,0.00,0,0.00,0,0.00,0,0.00,0,0.00,0,0.00,0,0.00,0,0.00,0,0.00,0,0.00,0,0.00,0,0.00,0.00
M,420,Willock,4.8,4.8,Newcastle,27,1.18,26,1.20,26,1.37,24,1.17,24,1.12,27,1.32,27,1.51,29,1.50,29,1.42,29,1.31,28,1.26,26,1.41,0.00
F,421,Wilson,6.9,6.9,Newcastle,0,0.00,7,0.45,26,1.95,32,1.92,31,1.81,32,1.99,33,2.59,32,2.19,33,2.15,31,1.88,35,1.96,32,2.48,0.00
D,422,Aina,4.5,4.5,Nott'm Forest,85,3.32,82,2.97,80,1.75,79,3.60,78,1.27,76,1.93,80,2.67,75,2.38,75,2.12,74,2.60,74,2.61,77,1.89,0.01
M,423,Anderson,5.0,5.0,Nott'm Forest,78,2.86,60,2.15,57,1.79,54,2.35,53,1.64,52,1.84,52,1.97,51,1.89,51,1.92,49,1.85,47,1.82,51,1.76,0.00
F,424,Awoniyi,5.6,5.6,Nott'm Forest,35,2.24,26,1.47,24,1.14,25,1.75,23,1.07,24,1.31,25,1.46,23,1.30,24,1.42,25,1.46,26,1.45,26,1.35,0.00
D,425,Boly,4.3,4.3,Nott'm Forest,15,0.57,15,0.58,20,0.53,21,0.93,20,0.45,21,0.62,22,0.79,22,0.74,22,0.69,23,0.88,24,0.87,22,0.64,0.00
M,426,Bowler,4.5,4.5,Nott'm Forest,0,0.00,0,0.00,0,0.00,0,0.00,0,0.00,0,0.00,0,0.00,0,0.00,0,0.00,0,0.00,0,0.00,0,0.00,0.00
G,427,C.Miguel,4.3,4.3,Nott'm Forest,1,0.04,1,0.05,3,0.10,3,0.12,4,0.13,4,0.15,6,0.21,5,0.19,5,0.17,5,0.19,5,0.18,4,0.13,0.00
M,428,Da Silva Moreira,4.5,4.5,Nott'm Forest,5,0.34,1,0.09,0,0.00,2,0.14,1,0.08,1,0.09,2,0.14,1,0.11,1,0.09,0,0.00,0,0.00,0,0.00,0.00
M,429,Danilo,4.7,4.7,Nott'm Forest,0,0.00,0,0.00,0,0.00,0,0.00,0,0.00,0,0.00,0,0.00,14,0.54,26,0.97,31,1.18,33,1.28,32,1.18,0.00
F,430,Dennis,4.9,4.9,Nott'm Forest,3,0.27,1,0.08,2,0.11,2,0.17,2,0.13,2,0.18,3,0.20,3,0.20,3,0.20,2,0.17,2,0.18,2,0.17,0.00
M,431,Dominguez,4.8,4.8,Nott'm Forest,63,2.44,40,1.52,36,1.23,36,1.65,34,1.16,34,1.30,34,1.36,32,1.29,33,1.35,31,1.29,31,1.30,32,1.23,0.00
M,432,Elanga,5.2,5.2,Nott'm Forest,66,3.43,55,2.46,53,1.96,52,2.95,52,1.90,54,2.25,51,2.35,50,2.30,51,2.43,51,2.37,50,2.41,48,2.05,0.00
M,433,Gibbs-White,6.3,6.3,Nott'm Forest,34,1.79,69,2.96,77,2.60,74,4.06,74,2.49,73,2.92,72,3.28,73,3.09,71,3.21,71,3.17,71,3.23,71,2.81,0.00
M,434,Hudson-Odoi,5.4,5.4,Nott'm Forest,71,3.49,67,2.84,63,2.19,63,3.30,60,2.06,59,2.38,60,2.63,58,2.49,59,2.58,60,2.58,60,2.68,60,2.35,0.00
M,435,Mighten,4.5,4.5,Nott'm Forest,0,0.00,0,0.00,0,0.00,0,0.00,0,0.00,0,0.00,0,0.00,0,0.00,0,0.00,0,0.00,0,0.00,0,0.00,0.00
D,436,Murillo,4.5,4.5,Nott'm Forest,91,3.25,88,2.90,83,1.65,83,3.38,83,1.20,80,1.82,80,2.47,79,2.24,80,1.99,78,2.54,79,2.50,79,1.79,0.00
D,437,N.Williams,4.4,4.4,Nott'm Forest,25,0.99,26,0.98,28,0.71,28,1.25,31,0.63,31,0.87,61,2.04,33,1.08,30,0.94,33,1.20,31,1.13,31,0.85,0.00
D,438,O.Richards,4.5,4.5,Nott'm Forest,0,0.00,0,0.00,0,0.00,0,0.00,0,0.00,0,0.00,0,0.00,0,0.00,0,0.00,0,0.00,0,0.00,0,0.00,0.00
M,439,O'Brien,5.0,5.0,Nott'm Forest,0,0.00,0,0.00,0,0.00,0,0.00,0,0.00,0,0.00,0,0.00,0,0.00,0,0.00,0,0.00,0,0.00,0,0.00,0.00
D,440,Omobamidele,4.3,4.3,Nott'm Forest,1,0.05,2,0.06,2,0.07,4,0.15,4,0.09,5,0.14,5,0.18,5,0.17,5,0.16,5,0.17,7,0.22,5,0.13,0.00
D,441,Panzo,4.0,4.0,Nott'm Forest,0,0.00,0,0.00,0,0.00,0,0.00,0,0.00,0,0.00,0,0.00,0,0.00,0,0.00,0,0.00,0,0.00,0,0.00,0.00
M,442,Sangaré,4.4,4.4,Nott'm Forest,0,0.00,0,0.00,22,0.69,41,1.59,53,1.47,52,1.60,51,1.69,48,1.58,46,1.53,44,1.50,44,1.51,44,1.40,0.01
G,443,Sels,4.6,4.6,Nott'm Forest,94,3.53,94,3.44,92,3.08,92,3.69,91,2.95,90,3.10,89,3.23,90,3.18,90,3.02,90,3.37,90,3.36,91,2.99,0.02
D,444,Toffolo,4.3,4.3,Nott'm Forest,9,0.37,9,0.31,9,0.26,11,0.48,11,0.27,12,0.36,34,1.27,13,0.46,13,0.45,13,0.52,13,0.51,11,0.33,0.00
G,445,Turner,4.0,4.0,Crystal Palace,2,0.06,3,0.11,4,0.12,4,0.15,4,0.14,4,0.14,5,0.16,4,0.13,5,0.17,5,0.19,6,0.20,5,0.19,0.01
F,446,Ui-jo,4.5,4.5,Nott'm Forest,0,0.00,0,0.00,0,0.00,0,0.00,0,0.00,0,0.00,0,0.00,0,0.00,0,0.00,0,0.00,0,0.00,0,0.00,0.00
F,447,Wood,6.4,6.4,Nott'm Forest,62,3.44,80,3.69,80,2.92,77,4.65,77,2.82,78,3.46,76,3.68,77,3.54,75,3.81,76,3.60,75,3.73,76,3.29,0.23
D,448,Worrall,4.5,4.5,Nott'm Forest,0,0.00,0,0.00,0,0.00,0,0.00,0,0.00,0,0.00,0,0.00,0,0.00,0,0.00,0,0.00,0,0.00,0,0.00,0.00
M,449,Yates,4.9,4.9,Nott'm Forest,89,2.94,81,2.49,72,1.89,63,2.36,60,1.61,59,1.78,60,1.92,58,1.83,53,1.73,55,1.78,54,1.85,53,1.60,0.00
M,450,Alcaraz,4.9,4.9,Southampton,0,0.00,0,0.00,0,0.00,0,0.00,0,0.00,0,0.00,0,0.00,0,0.00,0,0.00,0,0.00,0,0.00,0,0.00,0.00
M,451,Amo-Ameyaw,4.5,4.5,Southampton,0,0.00,0,0.00,0,0.00,0,0.00,2,0.12,0,0.00,1,0.08,1,0.10,2,0.15,2,0.13,2,0.13,2,0.11,0.00
M,452,Aribo,4.9,4.9,Southampton,67,2.50,51,1.85,46,1.57,45,1.55,48,1.72,46,1.53,45,1.66,47,1.60,46,1.80,44,1.54,44,1.69,46,1.54,0.00
F,453,Armstrong,5.2,5.2,Southampton,28,1.87,26,1.61,24,1.31,25,1.37,26,1.56,27,1.40,27,1.60,26,1.44,27,1.74,27,1.49,28,1.76,27,1.47,0.00
G,454,Bazunu,4.4,4.4,Southampton,0,0.00,0,0.00,0,0.00,0,0.00,0,0.00,0,0.00,0,0.00,0,0.00,0,0.00,0,0.00,0,0.00,0,0.00,0.00
D,455,Bednarek,4.0,4.0,Southampton,90,2.70,85,2.13,83,1.22,83,1.36,81,1.50,79,1.28,77,1.30,77,1.60,77,2.16,77,1.71,80,2.16,78,1.18,0.01
D,456,Bella-Kotchap,3.9,3.9,Southampton,5,0.18,6,0.19,10,0.24,8,0.21,9,0.24,11,0.27,12,0.31,12,0.35,12,0.41,14,0.40,11,0.38,11,0.27,0.00
D,457,Bree,4.0,4.0,Southampton,5,0.22,3,0.12,5,0.15,5,0.14,5,0.15,6,0.17,5,0.17,6,0.20,8,0.30,6,0.19,6,0.24,5,0.15,0.00
M,458,Charles,4.5,4.5,Southampton,0,0.00,0,0.00,0,0.00,0,0.00,0,0.00,0,0.00,0,0.00,0,0.00,0,0.00,0,0.00,0,0.00,0,0.00,0.00
M,459,Edozie,4.9,4.9,Southampton,0,0.00,0,0.00,0,0.00,0,0.00,0,0.00,0,0.00,0,0.00,0,0.00,0,0.00,0,0.00,0,0.00,0,0.00,0.00
D,460,Edwards,3.9,3.9,Southampton,0,0.00,0,0.00,0,0.00,0,0.00,0,0.00,0,0.00,0,0.00,0,0.00,0,0.00,0,0.00,0,0.00,0,0.00,0.00
D,461,Harwood-Bellis,4.1,4.1,Southampton,83,2.71,81,2.19,77,1.28,74,1.35,72,1.47,70,1.25,71,1.35,71,1.58,71,2.08,72,1.73,71,2.08,73,1.23,0.06
M,462,Kamaldeen,5.0,5.0,Southampton,7,0.45,7,0.45,7,0.39,8,0.43,9,0.47,8,0.45,10,0.54,10,0.49,12,0.67,9,0.49,10,0.54,9,0.46,0.00
M,463,Lallana,5.0,5.0,Southampton,39,1.67,32,1.31,28,1.08,27,1.06,34,1.29,26,1.03,28,1.14,27,1.05,28,1.22,29,1.12,29,1.22,28,1.06,0.00
D,464,Larios,4.0,4.0,Southampton,0,0.00,0,0.00,0,0.00,0,0.00,0,0.00,0,0.00,0,0.00,0,0.00,0,0.00,0,0.00,0,0.00,0,0.00,0.00
G,465,Lis,4.0,4.0,Southampton,0,0.00,0,0.00,0,0.00,0,0.00,0,0.00,0,0.00,0,0.00,0,0.00,0,0.00,0,0.00,0,0.00,0,0.00,0.00
G,466,Lumley,4.0,4.0,Southampton,0,0.00,0,0.00,0,0.00,0,0.00,0,0.00,0,0.00,0,0.00,0,0.00,0,0.00,0,0.00,0,0.00,0,0.00,0.01
D,467,Manning,4.3,4.3,Southampton,51,2.47,37,1.50,34,1.00,34,1.03,39,1.30,31,0.95,35,1.17,33,1.15,35,1.55,35,1.22,35,1.58,31,0.93,0.00
F,468,Mara,5.0,5.0,Southampton,0,0.00,0,0.00,0,0.00,0,0.00,0,0.00,0,0.00,0,0.00,0,0.00,0,0.00,0,0.00,0,0.00,0,0.00,0.00
G,469,McCarthy,4.4,4.4,Southampton,1,0.05,2,0.08,3,0.11,3,0.10,4,0.12,3,0.11,3,0.11,4,0.13,3,0.12,4,0.15,4,0.16,3,0.11,0.00
F,470,Onuachu,4.9,4.9,Southampton,22,1.38,23,1.37,18,0.99,21,1.16,20,1.11,23,1.14,21,1.23,22,1.17,23,1.44,23,1.21,23,1.38,20,1.07,0.00
M,471,Smallbone,5.0,5.0,Southampton,0,0.00,22,0.89,49,1.74,50,1.76,55,2.02,49,1.69,50,1.93,48,1.72,48,2.02,49,1.80,47,1.95,48,1.70,0.00
D,472,Stephens,4.0,4.0,Southampton,36,1.22,41,1.18,43,0.77,45,0.85,45,0.94,46,0.85,45,0.87,44,1.01,46,1.35,46,1.09,46,1.32,46,0.79,0.00
F,473,Stewart,4.6,4.6,Southampton,0,0.00,10,0.60,27,1.38,26,1.40,28,1.55,26,1.32,25,1.47,26,1.39,26,1.63,26,1.36,26,1.59,26,1.36,0.05
D,474,Sugawara,4.5,4.5,Southampton,48,2.05,81,2.80,80,1.73,77,1.82,77,1.99,77,1.75,75,1.95,74,2.08,73,2.76,75,2.21,74,2.74,75,1.64,0.00
D,475,Taylor,3.9,3.9,Southampton,50,1.70,34,1.01,34,0.65,35,0.73,40,0.86,38,0.75,37,0.78,40,0.95,40,1.21,39,0.98,38,1.16,41,0.75,0.00
D,476,Walker-Peters,4.4,4.4,Southampton,77,2.63,65,1.80,64,1.11,65,1.23,62,1.32,64,1.19,63,1.25,62,1.41,62,1.88,60,1.45,62,1.82,59,1.03,0.00
D,477,Wood,4.0,4.0,Southampton,0,0.00,2,0.04,2,0.04,3,0.05,5,0.09,5,0.08,6,0.11,5,0.10,5,0.12,4,0.09,4,0.10,4,0.07,0.00
D,478,A.Phillips,4.0,4.0,Spurs,0,0.00,0,0.00,0,0.00,0,0.00,0,0.00,0,0.00,0,0.00,0,0.00,0,0.00,0,0.00,0,0.00,0,0.00,0.00
G,479,Austin,4.0,4.0,Spurs,0,0.00,0,0.00,0,0.00,0,0.00,0,0.00,0,0.00,0,0.00,0,0.00,0,0.00,0,0.00,0,0.00,0,0.00,0.00
M,480,Bentancur,5.0,5.0,Spurs,38,1.48,39,1.64,38,1.21,38,1.51,38,1.39,38,1.40,38,1.51,37,1.29,34,1.27,35,1.51,37,1.43,37,1.20,0.00
M,481,Bergvall,4.5,4.5,Spurs,6,0.34,5,0.29,6,0.27,6,0.35,8,0.38,8,0.40,8,0.42,9,0.41,10,0.47,9,0.51,9,0.47,8,0.36,0.00
M,482,Bissouma,4.9,4.9,Spurs,56,1.88,53,1.99,53,1.52,51,1.83,50,1.63,49,1.66,50,1.79,50,1.57,49,1.61,49,1.83,48,1.67,50,1.46,0.00
M,483,Bryan,5.0,5.0,Spurs,0,0.00,0,0.00,0,0.00,0,0.00,0,0.00,0,0.00,0,0.00,0,0.00,0,0.00,0,0.00,0,0.00,0,0.00,0.00
D,484,Davies,4.4,4.4,Spurs,6,0.19,7,0.28,10,0.20,13,0.47,13,0.41,14,0.44,15,0.56,15,0.43,17,0.60,17,0.76,17,0.62,15,0.38,0.00
M,485,Devine,4.5,4.5,Spurs,0,0.00,0,0.00,0,0.00,0,0.00,0,0.00,0,0.00,0,0.00,0,0.00,0,0.00,0,0.00,0,0.00,0,0.00,0.00
D,486,Dragusin,4.3,4.3,Spurs,11,0.38,18,0.78,22,0.43,24,0.97,26,0.83,28,0.88,28,1.06,29,0.80,27,0.99,30,1.30,30,1.06,27,0.65,0.00
D,487,E.Royal,4.5,4.5,Spurs,0,0.00,0,0.00,0,0.00,0,0.00,0,0.00,0,0.00,0,0.00,0,0.00,0,0.00,0,0.00,0,0.00,0,0.00,0.00
G,488,Forster,4.4,4.4,Spurs,3,0.09,3,0.11,3,0.09,4,0.14,5,0.17,3,0.12,5,0.18,4,0.15,5,0.19,4,0.17,4,0.15,5,0.17,0.00
M,489,Gray,4.7,4.7,Spurs,7,0.27,9,0.36,11,0.37,12,0.46,15,0.53,15,0.51,17,0.62,15,0.53,17,0.60,17,0.65,18,0.64,17,0.56,0.00
M,490,Højbjerg,5.0,5.0,Spurs,0,0.00,0,0.00,0,0.00,0,0.00,0,0.00,0,0.00,0,0.00,0,0.00,0,0.00,0,0.00,0,0.00,0,0.00,0.00
M,491,Johnson,6.7,6.7,Spurs,72,4.09,64,4.39,62,2.56,59,3.70,58,3.20,60,3.40,56,3.63,58,3.03,57,3.10,59,4.12,59,3.60,60,2.50,0.16
M,492,Kulusevski,6.3,6.3,Spurs,79,3.58,76,4.09,75,2.57,73,3.60,71,3.13,70,3.18,70,3.56,70,2.89,71,3.10,70,3.92,68,3.38,71,2.46,0.01
M,493,Lo Celso,4.9,4.9,Spurs,0,0.00,0,0.00,0,0.00,0,0.00,0,0.00,0,0.00,0,0.00,0,0.00,0,0.00,0,0.00,0,0.00,0,0.00,0.00
M,494,Maddison,7.6,7.6,Spurs,76,4.34,74,5.12,71,2.86,71,4.40,69,3.75,67,3.80,67,4.24,67,3.37,65,3.48,65,4.51,66,3.96,68,2.83,0.02
D,495,Pedro Porro,5.5,5.5,Spurs,90,3.78,83,4.76,81,1.79,79,3.90,78,3.04,77,3.03,78,3.83,78,2.59,77,3.40,76,4.29,76,3.50,79,2.14,0.49
D,496,Reguilón,4.3,4.3,Spurs,0,0.00,1,0.07,1,0.03,2,0.11,2,0.08,3,0.10,3,0.12,3,0.12,4,0.16,4,0.19,4,0.16,3,0.10,0.00
F,497,Richarlison,6.8,6.8,Spurs,46,2.77,36,2.60,30,1.42,33,2.14,32,1.93,34,2.07,33,2.29,34,1.88,34,1.95,33,2.46,32,2.14,33,1.58,0.00
D,498,Romero,5.1,5.1,Spurs,90,2.89,86,3.80,83,1.31,80,3.05,80,2.33,80,2.29,80,2.94,79,1.92,80,2.72,78,3.25,78,2.59,80,1.64,0.00
M,499,P.M.Sarr,4.9,4.9,Spurs,24,1.06,26,1.21,26,0.96,27,1.21,29,1.17,31,1.26,30,1.31,31,1.20,33,1.30,33,1.49,33,1.41,31,1.08,0.00
F,500,Scarlett,4.5,4.5,Spurs,0,0.00,0,0.00,0,0.00,0,0.00,0,0.00,0,0.00,0,0.00,0,0.00,0,0.00,0,0.00,0,0.00,0,0.00,0.00
M,501,Skipp,4.9,4.9,Leicester,53,1.61,51,1.45,55,1.55,53,1.51,53,1.62,56,1.62,53,1.45,51,1.58,52,1.36,50,1.35,52,1.41,52,1.58,0.00
M,502,Solomon,5.4,5.4,Spurs,0,0.00,0,0.00,0,0.00,0,0.00,0,0.00,0,0.00,0,0.00,0,0.00,0,0.00,0,0.00,0,0.00,0,0.00,0.00
M,503,Son,9.9,9.9,Spurs,15,1.05,49,3.92,84,3.87,83,5.93,83,5.20,83,5.44,82,6.01,80,4.59,81,4.91,79,6.51,81,5.75,81,3.77,0.21
D,504,Spence,4.4,4.4,Spurs,5,0.22,15,0.73,19,0.55,21,0.94,22,0.87,22,0.87,21,0.96,22,0.80,23,0.98,25,1.23,23,1.00,20,0.67,0.00
D,505,Udogie,4.9,4.9,Spurs,86,3.24,81,4.20,79,1.57,78,3.49,76,2.64,75,2.59,74,3.19,75,2.21,72,2.83,69,3.48,70,2.83,72,1.80,0.01
D,506,Van de Ven,4.7,4.7,Spurs,88,2.69,84,3.54,82,1.29,79,2.85,78,2.16,76,2.07,76,2.69,74,1.75,75,2.46,73,2.90,75,2.44,77,1.65,0.02
F,507,Veliz,5.0,5.0,Spurs,0,0.00,0,0.00,0,0.00,0,0.00,0,0.00,0,0.00,0,0.00,0,0.00,0,0.00,0,0.00,0,0.00,0,0.00,0.00
G,508,Vicario,5.0,5.0,Spurs,92,3.39,92,3.85,92,3.10,91,3.58,90,3.28,92,3.23,90,3.52,90,3.06,90,3.44,90,3.65,91,3.37,90,3.11,0.00
M,509,Werner,6.2,6.2,Spurs,23,1.58,15,1.19,8,0.49,10,0.76,11,0.76,11,0.81,12,0.94,12,0.77,13,0.83,14,1.10,12,0.94,13,0.75,0.00
G,510,Whiteman,4.0,4.0,Spurs,0,0.00,0,0.00,0,0.00,0,0.00,0,0.00,0,0.00,0,0.00,0,0.00,0,0.00,0,0.00,0,0.00,0,0.00,0.00
M,511,Álvarez,5.0,5.0,West Ham,65,1.95,67,2.15,63,1.78,61,1.71,63,1.94,61,2.00,61,1.75,60,1.82,61,1.91,62,1.70,61,1.51,61,1.92,0.00
F,512,Antonio,5.4,5.4,West Ham,70,3.03,57,2.98,42,1.91,42,1.81,42,2.14,44,2.52,44,2.08,42,2.18,41,2.15,42,1.87,42,1.58,42,2.22,0.00
G,513,Areola,4.4,4.4,West Ham,94,3.38,93,3.56,93,3.16,91,3.05,90,3.43,90,3.46,90,3.08,90,3.17,89,3.32,89,2.97,89,2.88,89,3.33,0.00
M,514,Bowen,7.4,7.4,West Ham,90,4.36,86,5.35,82,3.88,82,3.58,80,4.41,80,5.19,81,3.99,78,4.29,78,4.43,79,3.61,76,2.75,77,4.40,0.04
M,515,Cornet,4.8,4.8,Southampton,11,0.72,12,0.67,12,0.61,12,0.62,12,0.65,13,0.64,13,0.72,14,0.73,0,0.00,12,0.65,12,0.71,14,0.74,0.00
D,516,Coufal,4.3,4.3,West Ham,11,0.37,14,0.54,17,0.47,19,0.53,21,0.79,21,0.86,22,0.67,24,0.81,25,0.89,22,0.58,24,0.44,22,0.81,0.00
D,517,Cresswell,4.0,4.0,West Ham,15,0.57,16,0.71,17,0.56,22,0.71,21,0.85,24,1.08,25,0.86,25,0.95,26,1.05,25,0.75,26,0.57,23,0.98,0.00
M,518,Downes,4.8,4.8,Southampton,29,0.86,63,1.70,71,1.75,68,1.70,69,1.75,70,1.71,70,1.77,70,1.76,71,1.97,71,1.80,73,1.99,74,1.76,0.00
M,519,Earthy,4.5,4.5,West Ham,0,0.00,0,0.00,0,0.00,0,0.00,0,0.00,0,0.00,0,0.00,0,0.00,0,0.00,0,0.00,0,0.00,0,0.00,0.00
D,520,Emerson,4.4,4.4,West Ham,77,2.70,76,3.28,74,1.98,70,2.01,70,2.71,67,2.97,66,1.97,66,2.34,65,2.55,66,1.69,65,1.04,68,2.71,0.00
G,521,Fabianski,4.0,4.0,West Ham,0,0.00,0,0.00,0,0.00,2,0.06,2,0.07,3,0.10,3,0.09,3,0.12,3,0.10,3,0.11,3,0.11,3,0.10,0.36
G,522,Foderingham,4.4,4.4,West Ham,0,0.00,1,0.05,1,0.04,2,0.07,3,0.10,2,0.10,3,0.09,2,0.08,4,0.14,3,0.09,3,0.09,3,0.12,0.00
F,523,Ings,5.0,5.0,West Ham,8,0.51,5,0.41,2,0.16,3,0.20,3,0.28,4,0.32,3,0.26,4,0.33,5,0.39,4,0.30,5,0.31,4,0.30,0.00
D,524,Kilman,4.5,4.5,West Ham,90,2.63,87,3.12,84,1.84,79,1.91,79,2.60,77,2.90,77,1.90,76,2.25,76,2.48,76,1.56,74,0.92,79,2.65,0.00
M,525,Kudus,6.2,6.2,West Ham,0,0.00,0,0.00,73,3.04,71,2.83,71,3.43,70,3.87,70,3.08,68,3.32,70,3.55,70,2.83,71,2.36,71,3.52,0.00
M,526,L.Guilherme,4.8,4.8,West Ham,3,0.23,5,0.37,3,0.19,3,0.20,4,0.27,4,0.34,4,0.27,5,0.35,5,0.37,6,0.35,5,0.30,5,0.33,0.00
M,527,L.Paquetá,5.9,5.9,West Ham,76,3.49,74,4.18,68,3.03,68,2.79,67,3.47,64,3.75,65,2.96,63,3.21,64,3.33,65,2.83,65,2.34,64,3.32,0.00
D,528,Mavropanos,4.5,4.5,West Ham,12,0.39,16,0.61,22,0.56,27,0.73,26,0.97,29,1.20,29,0.85,29,0.98,30,1.09,32,0.77,32,0.50,27,1.00,0.00
D,529,N.Aguerd,4.4,4.4,West Ham,0,0.00,0,0.00,0,0.00,0,0.00,0,0.00,0,0.00,0,0.00,0,0.00,0,0.00,0,0.00,0,0.00,0,0.00,0.00
M,530,Souček,5.0,5.0,West Ham,64,2.40,65,2.77,57,2.02,60,2.04,58,2.30,55,2.45,56,2.04,56,2.23,57,2.30,57,1.96,57,1.70,59,2.37,0.00
M,531,Ward-Prowse,6.2,6.2,Nott'm Forest,0,0.00,56,2.31,50,1.71,47,2.35,48,1.62,45,1.78,49,2.04,47,1.95,43,1.83,42,1.76,43,1.87,42,1.65,0.00
D,532,Zouma,4.4,4.4,West Ham,0,0.00,0,0.00,0,0.00,0,0.00,0,0.00,0,0.00,0,0.00,0,0.00,0,0.00,0,0.00,0,0.00,0,0.00,0.00
D,533,Aït-Nouri,4.5,4.5,Wolves,71,2.73,70,3.16,71,2.12,72,2.61,73,2.48,72,2.10,72,3.25,72,2.69,74,2.30,73,1.34,77,3.06,78,1.79,0.18
M,534,B.Traore,4.8,4.8,Wolves,0,0.00,0,0.00,0,0.00,0,0.00,0,0.00,0,0.00,0,0.00,0,0.00,0,0.00,0,0.00,0,0.00,5,0.19,0.00
M,535,Bellegarde,5.0,5.0,Wolves,44,2.14,44,2.32,43,1.82,41,2.00,43,1.92,42,1.86,42,2.22,42,1.99,42,1.94,41,1.66,42,1.99,40,1.68,0.00
G,536,Bentley,4.0,4.0,Wolves,1,0.05,0,0.00,0,0.00,0,0.00,0,0.00,0,0.00,0,0.00,0,0.00,0,0.00,0,0.00,0,0.00,0,0.00,0.03
M,537,Chiquinho,4.5,4.5,Wolves,0,0.00,0,0.00,0,0.00,0,0.00,0,0.00,0,0.00,0,0.00,0,0.00,0,0.00,0,0.00,0,0.00,0,0.00,0.00
M,538,Chirewa,4.5,4.5,Wolves,0,0.00,0,0.00,0,0.00,0,0.00,0,0.00,0,0.00,0,0.00,0,0.00,0,0.00,0,0.00,0,0.00,0,0.00,0.00
F,539,Chiwome,4.5,4.5,Wolves,9,0.48,8,0.49,6,0.34,7,0.40,6,0.37,7,0.39,7,0.45,7,0.40,8,0.42,8,0.41,8,0.42,7,0.36,0.02
M,540,Cundle,4.5,4.5,Wolves,2,0.13,2,0.17,2,0.15,3,0.20,3,0.19,3,0.23,4,0.28,4,0.27,5,0.30,4,0.25,4,0.24,3,0.18,0.00
F,541,Cunha,6.5,6.5,Wolves,81,4.28,75,4.46,75,3.29,74,3.90,72,3.44,72,3.41,71,4.33,71,3.65,71,3.62,71,3.04,73,3.74,73,3.17,0.01
D,542,Dawson,4.4,4.4,Wolves,85,2.71,77,2.83,79,1.88,75,2.21,75,2.10,71,1.68,70,2.58,71,2.17,71,1.83,70,0.99,72,2.46,71,1.40,0.00
D,543,Doherty,4.4,4.4,Wolves,32,1.32,34,1.54,30,0.98,29,1.16,28,1.04,30,0.99,30,1.42,29,1.12,28,0.99,30,0.71,24,1.03,25,0.72,0.00
M,544,Doyle,4.8,4.8,Wolves,29,1.33,29,1.39,25,1.07,27,1.23,27,1.15,28,1.16,29,1.41,28,1.20,30,1.27,30,1.17,26,1.17,26,1.04,0.00
F,545,Fábio Silva,5.0,5.0,Wolves,0,0.00,0,0.00,0,0.00,0,0.00,0,0.00,0,0.00,0,0.00,0,0.00,0,0.00,0,0.00,0,0.00,0,0.00,0.00
F,546,Fraser,4.5,4.5,Wolves,0,0.00,0,0.00,0,0.00,0,0.00,0,0.00,0,0.00,0,0.00,0,0.00,0,0.00,0,0.00,0,0.00,0,0.00,0.00
M,547,Gonzalez,4.5,4.5,Wolves,0,0.00,0,0.00,0,0.00,0,0.00,0,0.00,0,0.00,0,0.00,0,0.00,0,0.00,0,0.00,0,0.00,0,0.00,0.00
M,548,Guedes,5.3,5.3,Wolves,29,1.69,29,1.77,29,1.44,25,1.43,28,1.48,28,1.44,28,1.75,29,1.61,28,1.53,26,1.28,27,1.51,26,1.31,0.00
D,549,H.Bueno,4.5,4.5,Wolves,0,0.00,0,0.00,0,0.00,0,0.00,0,0.00,0,0.00,0,0.00,0,0.00,0,0.00,0,0.00,0,0.00,0,0.00,0.00
M,550,Hee Chan,6.1,6.1,Wolves,0,0.00,14,0.95,36,1.82,35,2.08,35,1.89,36,1.96,35,2.42,35,2.05,36,2.07,35,1.73,35,2.05,37,1.82,0.00
M,551,Hodge,4.5,4.5,Wolves,0,0.00,0,0.00,0,0.00,0,0.00,0,0.00,0,0.00,0,0.00,0,0.00,0,0.00,0,0.00,0,0.00,0,0.00,0.00
D,552,Hoever,4.0,4.0,Wolves,0,0.00,0,0.00,0,0.00,0,0.00,0,0.00,0,0.00,0,0.00,0,0.00,0,0.00,0,0.00,0,0.00,0,0.00,0.00
M,553,J.Gomes,4.9,4.9,Wolves,59,1.80,62,2.07,64,1.80,66,2.04,67,1.94,66,1.88,66,2.21,66,1.95,67,1.95,67,1.74,69,2.06,69,1.82,0.00
G,554,José Sá,4.3,4.3,Wolves,54,1.97,18,0.70,6,0.21,8,0.28,8,0.28,7,0.23,10,0.40,9,0.35,9,0.32,10,0.32,9,0.36,9,0.32,0.00
F,555,Kalajdžić,4.8,4.8,Wolves,0,0.00,0,0.00,0,0.00,0,0.00,0,0.00,0,0.00,0,0.00,0,0.00,0,0.00,0,0.00,0,0.00,1,0.11,0.00
G,556,King,4.0,4.0,Wolves,0,0.00,0,0.00,0,0.00,0,0.00,0,0.00,0,0.00,0,0.00,0,0.00,0,0.00,0,0.00,0,0.00,0,0.00,0.00
M,557,Mario Jr.,5.0,5.0,Wolves,84,2.77,80,2.94,79,2.35,77,2.57,75,2.32,73,2.21,71,2.64,70,2.26,69,2.24,69,1.95,71,2.40,71,2.07,0.00
D,558,Mosquera,4.0,4.0,Wolves,0,0.00,0,0.00,0,0.00,0,0.00,0,0.00,0,0.00,0,0.00,0,0.00,0,0.00,0,0.00,0,0.00,0,0.00,0.02
D,559,N.Semedo,4.5,4.5,Wolves,71,2.33,71,2.70,73,1.81,74,2.27,75,2.15,72,1.80,74,2.87,74,2.38,74,1.95,74,1.10,76,2.69,76,1.54,0.00
M,560,Neto,6.2,6.2,Chelsea,47,2.52,25,1.37,25,1.67,26,1.63,27,1.83,27,1.56,29,2.00,31,1.87,30,1.95,30,2.00,29,1.69,29,1.92,0.00
D,561,Pedro Lima,4.0,4.0,Wolves,0,0.00,0,0.00,0,0.00,0,0.00,0,0.00,0,0.00,0,0.00,0,0.00,0,0.00,0,0.00,0,0.00,0,0.00,0.00
M,562,Podence,5.5,5.5,Wolves,0,0.00,0,0.00,0,0.00,0,0.00,0,0.00,0,0.00,0,0.00,0,0.00,0,0.00,0,0.00,0,0.00,0,0.00,0.00
M,563,R.Gomes,5.2,5.2,Wolves,34,1.68,33,1.75,28,1.25,31,1.49,31,1.46,31,1.42,32,1.78,31,1.48,31,1.49,31,1.33,31,1.57,29,1.27,0.00
D,564,S.Bueno,4.3,4.3,Wolves,50,1.63,54,1.93,50,1.28,47,1.44,43,1.25,45,1.14,45,1.65,45,1.43,47,1.22,47,0.73,44,1.54,46,0.97,0.00
M,565,Sarabia,5.1,5.1,Wolves,14,0.91,14,0.97,12,0.70,14,0.93,15,0.90,16,0.94,17,1.19,18,1.13,16,1.00,16,0.91,16,1.04,15,0.87,0.00
F,566,Strand Larsen,5.5,5.5,Wolves,77,3.87,73,4.05,68,2.96,69,3.52,68,3.17,67,3.08,66,3.86,66,3.20,65,3.17,66,2.81,65,3.26,66,2.83,0.01
D,567,Toti,4.3,4.3,Wolves,74,2.32,76,2.76,73,1.75,74,2.13,77,2.12,77,1.82,77,2.73,78,2.33,78,1.90,76,1.00,81,2.65,80,1.45,0.00
G,568,Muric,4.4,4.4,Ipswich,93,3.48,92,2.94,92,3.09,91,3.14,91,3.28,89,3.08,89,3.10,89,2.97,89,2.87,89,2.88,89,3.02,89,2.98,0.03
M,569,Jaden,5.3,5.3,Aston Villa,19,1.00,21,1.01,23,1.37,25,1.19,26,1.59,25,1.70,26,1.36,27,1.24,28,1.42,29,1.64,28,1.82,28,1.52,0.00
M,570,A.Fatawu,5.4,5.4,Leicester,49,2.28,51,2.09,50,2.11,51,2.11,51,2.42,53,2.32,50,1.97,48,2.36,49,1.73,50,1.79,48,1.84,49,2.16,0.00
M,571,Sávio,6.5,6.5,Man City,61,3.47,48,2.71,44,2.72,46,2.20,45,2.90,48,2.78,44,2.83,43,2.29,44,3.05,43,2.79,43,2.93,45,2.70,0.02
D,572,Yoro,4.3,4.3,Man Utd,2,0.06,0,0.00,2,0.08,2,0.10,2,0.07,4,0.15,4,0.10,4,0.17,3,0.13,4,0.15,4,0.10,4,0.16,0.00
D,573,Milenković,4.5,4.5,Nott'm Forest,90,3.12,86,2.81,84,1.61,83,3.40,81,1.17,81,1.80,81,2.45,80,2.19,81,2.01,78,2.48,78,2.45,82,1.79,0.01
D,574,Pivas,4.0,4.0,Newcastle,0,0.00,0,0.00,0,0.00,0,0.00,0,0.00,0,0.00,0,0.00,0,0.00,0,0.00,0,0.00,0,0.00,0,0.00,0.00
D,575,Wiley,4.0,4.0,Chelsea,0,0.00,0,0.00,0,0.00,0,0.00,0,0.00,0,0.00,0,0.00,0,0.00,0,0.00,0,0.00,0,0.00,0,0.00,0.00
M,576,Irving,4.9,4.9,West Ham,9,0.41,10,0.52,7,0.33,9,0.37,10,0.45,11,0.53,11,0.47,13,0.60,13,0.61,13,0.53,14,0.55,11,0.51,0.00
M,577,Lindstrøm,5.2,5.2,Everton,34,1.73,36,1.74,38,1.96,37,1.67,36,2.02,38,1.68,38,1.47,40,1.91,39,1.47,39,1.99,37,1.72,39,1.87,0.00
D,578,Calafiori,5.8,5.8,Arsenal,0,0.00,0,0.00,33,1.75,64,2.76,75,3.32,74,3.17,73,3.91,74,3.24,73,4.06,71,3.08,72,2.80,71,2.86,0.00
D,579,Sessegnon,4.3,4.3,Fulham,20,0.86,24,0.93,24,1.13,22,0.67,24,0.99,28,0.98,25,0.67,24,1.26,27,0.81,28,1.26,27,1.39,26,0.99,0.00
D,580,Huijsen,4.4,4.4,Bournemouth,19,0.47,21,0.74,27,1.00,30,1.08,35,1.02,37,1.39,36,1.40,35,0.95,35,1.43,36,1.16,35,1.51,32,0.77,0.00
G,581,Jørgensen,4.3,4.3,Chelsea,2,0.08,4,0.15,5,0.19,7,0.25,7,0.29,7,0.22,9,0.34,10,0.37,8,0.32,7,0.29,9,0.34,8,0.32,0.00
D,582,O'Brien,4.7,4.7,Everton,0,0.00,2,0.07,3,0.12,4,0.12,4,0.18,6,0.16,6,0.16,8,0.23,6,0.12,6,0.25,6,0.19,6,0.22,0.00
D,583,Townsend,4.0,4.0,Ipswich,10,0.41,10,0.26,10,0.31,10,0.33,9,0.33,10,0.36,10,0.33,10,0.33,9,0.22,11,0.32,9,0.29,10,0.32,0.00
M,584,Brereton Díaz,5.1,5.1,Southampton,26,1.72,24,1.44,20,1.13,23,1.26,23,1.33,26,1.33,23,1.38,25,1.35,26,1.66,24,1.32,23,1.50,25,1.31,0.00
M,585,I.Sarr,5.7,5.7,Crystal Palace,43,2.31,46,2.44,42,1.94,47,2.44,46,2.50,46,2.01,47,2.18,46,2.05,47,2.29,47,2.91,44,2.19,43,2.32,0.00
D,586,J.Cuenca,4.4,4.4,Fulham,2,0.08,6,0.22,7,0.30,8,0.22,9,0.30,10,0.33,8,0.21,9,0.40,10,0.27,12,0.43,8,0.35,9,0.29,0.00
M,587,Summerville,5.7,5.7,West Ham,47,2.39,47,2.77,29,1.49,31,1.48,30,1.75,31,2.01,33,1.73,35,1.96,34,2.02,33,1.62,34,1.40,35,1.95,0.00
M,588,G.Rodríguez,4.9,4.9,West Ham,82,2.26,79,2.40,73,1.97,73,1.94,71,2.09,70,2.20,70,1.94,70,2.03,69,2.05,66,1.75,67,1.65,71,2.10,0.00
F,589,Füllkrug,6.7,6.7,West Ham,15,0.90,34,2.29,36,2.00,38,1.93,36,2.27,37,2.66,37,2.07,37,2.30,36,2.29,38,1.97,39,1.72,36,2.27,0.00
F,590,Osula,5.0,5.0,Newcastle,7,0.45,7,0.45,3,0.29,3,0.23,3,0.21,4,0.30,3,0.31,4,0.35,4,0.31,4,0.32,4,0.28,4,0.36,0.00
D,591,Todibo,4.4,4.4,West Ham,88,2.59,85,3.05,83,1.83,80,1.92,80,2.65,80,2.90,78,1.95,79,2.29,77,2.46,77,1.61,76,0.94,77,2.56,0.00
D,592,J.Araujo,4.4,4.4,Bournemouth,39,1.14,40,1.47,39,1.51,37,1.46,38,1.27,39,1.62,39,1.67,39,1.19,38,1.61,39,1.38,38,1.78,39,1.03,0.00
D,593,De Ligt,5.0,5.0,Man Utd,83,2.28,71,3.03,70,2.60,69,2.90,69,1.54,69,2.87,68,1.14,70,2.49,70,2.42,69,2.34,68,1.24,66,2.94,0.00
D,594,Mazraoui,4.6,4.6,Man Utd,47,1.70,28,1.43,21,0.93,23,1.15,28,0.87,30,1.48,28,0.74,30,1.33,29,1.28,30,1.32,29,0.80,29,1.55,0.01
M,595,Gruda,5.4,5.4,Brighton,26,1.21,17,0.82,13,0.71,14,0.92,16,0.85,17,0.99,18,1.02,18,0.99,17,1.04,18,0.92,17,0.86,19,1.14,0.00
M,596,Jota Silva,5.9,5.9,Nott'm Forest,29,1.66,18,0.94,18,0.79,18,1.19,17,0.75,19,0.96,22,1.16,20,1.08,19,1.03,19,1.02,19,1.08,19,0.94,0.00
M,597,Lewis-Skelly,4.5,4.5,Arsenal,5,0.26,4,0.20,3,0.17,1,0.07,1,0.08,1,0.06,1,0.08,2,0.09,2,0.13,2,0.10,1,0.07,1,0.08,0.00
D,598,Bogarde,4.0,4.0,Aston Villa,4,0.09,6,0.14,8,0.26,8,0.19,9,0.29,9,0.36,11,0.34,10,0.27,11,0.32,12,0.42,10,0.40,10,0.34,0.00
G,599,Dennis,4.0,4.0,Bournemouth,1,0.04,0,0.00,0,0.00,0,0.00,0,0.00,0,0.00,0,0.00,0,0.00,0,0.00,0,0.00,0,0.00,6,0.20,0.00
M,600,Ayari,5.0,5.0,Brighton,56,1.82,40,1.39,33,1.30,34,1.60,33,1.31,36,1.49,34,1.43,34,1.36,36,1.53,34,1.25,32,1.20,33,1.41,0.00
M,601,Moran,5.0,5.0,Brighton,0,0.00,0,0.00,0,0.00,0,0.00,0,0.00,0,0.00,0,0.00,0,0.00,0,0.00,0,0.00,0,0.00,0,0.00,0.00
M,602,Trevitt,4.5,4.5,Brentford,0,0.00,0,0.00,0,0.00,0,0.00,0,0.00,0,0.00,0,0.00,0,0.00,0,0.00,0,0.00,0,0.00,0,0.00,0.00
M,603,Armstrong,4.5,4.5,Everton,0,0.00,0,0.00,0,0.00,0,0.00,0,0.00,0,0.00,0,0.00,0,0.00,0,0.00,0,0.00,0,0.00,0,0.00,0.00
M,604,King,4.5,4.5,Fulham,0,0.00,0,0.00,0,0.00,0,0.00,0,0.00,0,0.00,0,0.00,0,0.00,0,0.00,0,0.00,0,0.00,0,0.00,0.00
M,605,Godo,4.5,4.5,Fulham,0,0.00,0,0.00,0,0.00,0,0.00,0,0.00,0,0.00,0,0.00,0,0.00,0,0.00,0,0.00,0,0.00,0,0.00,0.00
M,606,Alves,4.5,4.5,Leicester,0,0.00,0,0.00,0,0.00,0,0.00,0,0.00,0,0.00,0,0.00,0,0.00,0,0.00,0,0.00,0,0.00,0,0.00,0.00
M,607,O’Reilly,5.0,5.0,Man City,1,0.12,0,0.00,0,0.00,0,0.00,1,0.11,1,0.11,1,0.10,1,0.09,1,0.11,1,0.11,0,0.00,0,0.00,0.00
M,608,Dibling,4.6,4.6,Southampton,63,3.49,61,3.07,56,2.48,54,2.41,53,2.57,51,2.21,51,2.56,51,2.35,52,2.88,50,2.36,51,2.78,51,2.25,0.11
F,609,Lankshear,4.5,4.5,Spurs,0,0.00,0,0.00,0,0.00,0,0.00,0,0.00,0,0.00,0,0.00,0,0.00,0,0.00,0,0.00,0,0.00,0,0.00,0.00
M,610,Moore,4.5,4.5,Spurs,0,0.00,0,0.00,0,0.00,0,0.00,0,0.00,0,0.00,0,0.00,0,0.00,0,0.00,0,0.00,0,0.00,0,0.00,0.00
M,611,Szmodics,5.8,5.8,Ipswich,67,3.94,55,2.38,54,2.82,52,2.49,54,2.90,53,2.92,51,2.62,52,2.69,52,1.98,52,2.56,51,2.34,52,2.70,0.00
M,612,Odobert,5.3,5.3,Spurs,43,2.32,47,2.96,33,1.48,36,2.17,36,1.95,36,1.98,37,2.24,38,1.92,38,2.00,41,2.64,39,2.25,34,1.52,0.00
M,613,Collyer,4.5,4.5,Man Utd,0,0.00,0,0.00,0,0.00,0,0.00,0,0.00,0,0.00,0,0.00,0,0.00,0,0.00,0,0.00,0,0.00,0,0.00,0.00
M,614,Metcalfe,4.5,4.5,Everton,0,0.00,0,0.00,0,0.00,0,0.00,0,0.00,0,0.00,0,0.00,0,0.00,0,0.00,0,0.00,0,0.00,0,0.00,0.00
G,615,Rushworth,4.0,4.0,Brighton,0,0.00,0,0.00,0,0.00,0,0.00,0,0.00,0,0.00,0,0.00,0,0.00,0,0.00,0,0.00,0,0.00,0,0.00,0.00
D,616,Nelson,4.0,4.0,Leicester,0,0.00,0,0.00,0,0.00,0,0.00,0,0.00,0,0.00,0,0.00,0,0.00,0,0.00,0,0.00,0,0.00,0,0.00,0.00
F,617,Evanilson,5.9,5.9,Bournemouth,57,2.62,56,3.04,55,3.16,56,3.15,56,3.09,54,3.17,53,3.23,53,2.67,55,3.16,55,2.75,51,3.23,54,2.55,0.00
M,618,Georginio,5.5,5.5,Brighton,61,2.56,46,2.05,40,2.09,39,2.64,45,2.27,42,2.40,42,2.39,43,2.30,43,2.56,41,1.92,42,1.95,42,2.43,0.01
M,619,Cajuste,4.5,4.5,Ipswich,46,1.70,41,1.34,37,1.37,34,1.21,32,1.23,32,1.23,33,1.21,32,1.18,33,1.07,32,1.15,31,1.13,32,1.17,0.00
M,620,Sosa,5.5,5.5,Nott'm Forest,20,1.08,6,0.38,6,0.32,6,0.44,7,0.35,7,0.40,8,0.47,6,0.39,6,0.38,6,0.37,6,0.38,5,0.30,0.00
M,621,João Félix,6.1,6.1,Chelsea,25,1.61,17,1.06,20,1.45,22,1.54,22,1.75,25,1.53,24,1.80,24,1.69,25,1.78,25,1.86,23,1.51,24,1.74,0.00
M,622,Berge,5.0,5.0,Fulham,77,2.67,73,2.26,60,2.25,47,1.50,46,1.63,50,1.55,46,1.36,48,1.88,48,1.46,46,1.67,45,1.78,44,1.51,0.00
M,623,M.Fernandes,5.0,5.0,Southampton,79,2.62,73,2.31,66,1.98,67,1.97,65,2.02,62,1.82,62,1.98,61,1.87,63,2.14,60,1.85,63,2.13,63,1.86,0.00
G,624,Begovic,4.0,4.0,Everton,0,0.00,0,0.00,0,0.00,0,0.00,0,0.00,0,0.00,0,0.00,0,0.00,0,0.00,0,0.00,0,0.00,0,0.00,0.01
M,625,Gündogan,6.5,6.5,Man City,66,3.26,59,2.81,54,2.80,53,2.14,55,3.06,57,2.75,56,3.00,53,2.42,55,3.27,55,2.93,55,3.15,54,2.70,0.00
D,626,Kaboré,4.5,4.5,Man City,0,0.00,0,0.00,0,0.00,0,0.00,0,0.00,0,0.00,0,0.00,0,0.00,0,0.00,0,0.00,0,0.00,0,0.00,0.00
D,627,Dixon,4.0,4.0,Everton,0,0.00,0,0.00,0,0.00,0,0.00,0,0.00,0,0.00,0,0.00,0,0.00,0,0.00,0,0.00,0,0.00,0,0.00,0.00
D,628,F.Kadıoğlu,4.5,4.5,Brighton,53,1.25,50,1.47,51,1.79,51,2.58,49,1.80,50,2.18,49,2.20,48,1.80,49,2.19,46,1.49,46,1.59,52,2.18,0.00
M,629,O'Riley,5.5,5.5,Brighton,0,0.00,0,0.00,0,0.00,0,0.00,0,0.00,0,0.00,0,0.00,0,0.00,0,0.00,0,0.00,0,0.00,0,0.00,0.00
D,630,O'Shea,4.0,4.0,Ipswich,91,3.06,83,1.21,82,1.89,77,1.89,75,2.27,77,2.09,77,1.90,77,1.83,76,0.99,75,1.46,77,1.67,77,1.86,0.01
M,631,J.Clarke,5.5,5.5,Ipswich,58,3.05,50,1.91,44,2.04,48,1.97,45,2.12,45,2.17,45,2.04,45,2.07,47,1.63,44,1.93,44,1.81,46,2.12,0.00
M,632,Ogbene,5.0,5.0,Ipswich,17,0.94,32,1.35,35,1.71,35,1.58,32,1.62,36,1.79,35,1.66,35,1.66,33,1.28,33,1.52,34,1.51,35,1.67,0.00
M,633,Merino,6.0,6.0,Arsenal,30,1.28,32,1.38,32,1.59,36,1.58,39,1.82,40,1.69,43,2.15,42,1.77,42,2.26,41,1.74,43,1.75,42,1.89,0.00
M,634,G.Nunes,4.9,4.9,Brentford,0,0.00,0,0.00,7,0.35,13,0.77,14,0.69,15,0.83,16,0.79,16,0.88,15,0.78,16,0.79,17,0.94,16,0.75,0.00
M,635,El Khannouss,4.9,4.9,Leicester,29,1.40,35,1.46,35,1.50,37,1.55,38,1.78,48,2.04,38,1.52,37,1.81,39,1.39,39,1.43,38,1.48,34,1.56,0.00
M,636,Chiesa,6.8,6.8,Liverpool,12,0.91,26,1.68,31,2.31,33,1.86,35,2.13,33,2.25,32,2.29,35,2.19,36,2.98,35,2.35,36,2.58,35,2.25,0.00
D,637,Meupiyou,4.0,4.0,Wolves,0,0.00,0,0.00,6,0.17,16,0.50,19,0.58,21,0.59,20,0.71,20,0.65,19,0.54,22,0.43,18,0.66,18,0.43,0.00
M,638,Oulad M'hand,4.5,4.5,Arsenal,0,0.00,0,0.00,0,0.00,0,0.00,0,0.00,0,0.00,0,0.00,0,0.00,0,0.00,0,0.00,0,0.00,0,0.00,0.00
G,639,Setford,4.5,4.5,Arsenal,0,0.00,0,0.00,0,0.00,0,0.00,0,0.00,0,0.00,0,0.00,0,0.00,0,0.00,0,0.00,0,0.00,0,0.00,0.00
D,640,Swinkels,4.0,4.0,Aston Villa,0,0.00,0,0.00,0,0.00,0,0.00,0,0.00,0,0.00,0,0.00,0,0.00,0,0.00,0,0.00,0,0.00,0,0.00,0.00
G,641,Zych,4.0,4.0,Aston Villa,0,0.00,0,0.00,0,0.00,0,0.00,0,0.00,0,0.00,0,0.00,0,0.00,0,0.00,0,0.00,0,0.00,0,0.00,0.00
M,642,André,5.0,5.0,Wolves,0,0.00,0,0.00,0,0.00,0,0.00,0,0.00,0,0.00,0,0.00,0,0.00,0,0.00,0,0.00,0,0.00,0,0.00,0.00
D,643,Casey,4.0,4.0,West Ham,0,0.00,0,0.00,0,0.00,0,0.00,0,0.00,1,0.04,0,0.00,1,0.03,0,0.00,1,0.02,1,0.02,0,0.00,0.00
M,644,Umeh-Chibueze,4.5,4.5,Crystal Palace,0,0.00,0,0.00,0,0.00,0,0.00,0,0.00,0,0.00,0,0.00,0,0.00,0,0.00,0,0.00,0,0.00,0,0.00,0.00
M,645,Devenny,4.5,4.5,Crystal Palace,0,0.00,0,0.00,0,0.00,0,0.00,0,0.00,0,0.00,0,0.00,0,0.00,0,0.00,0,0.00,0,0.00,0,0.00,0.00
M,646,Agbinone,4.5,4.5,Crystal Palace,0,0.00,0,0.00,0,0.00,0,0.00,0,0.00,0,0.00,0,0.00,0,0.00,0,0.00,0,0.00,0,0.00,0,0.00,0.00
M,647,Rodney,4.5,4.5,Crystal Palace,0,0.00,0,0.00,0,0.00,0,0.00,0,0.00,0,0.00,0,0.00,0,0.00,0,0.00,0,0.00,0,0.00,0,0.00,0.00
F,648,Wheatley,4.5,4.5,Man Utd,0,0.00,0,0.00,0,0.00,0,0.00,0,0.00,0,0.00,0,0.00,0,0.00,0,0.00,0,0.00,0,0.00,0,0.00,0.00
D,649,Meghoma,4.0,4.0,Brentford,2,0.08,1,0.05,0,0.00,0,0.00,0,0.00,0,0.00,0,0.00,0,0.00,0,0.00,0,0.00,0,0.00,0,0.00,0.00
D,650,Lacroix,4.5,4.5,Crystal Palace,80,2.55,72,2.69,70,1.72,64,1.97,59,2.00,58,1.27,60,1.46,58,1.56,61,1.65,58,2.37,69,1.86,59,2.07,0.00
M,651,Mangala,5.0,5.0,Everton,53,1.78,51,1.64,44,1.52,42,1.34,41,1.50,42,1.33,42,1.26,40,1.33,42,1.25,42,1.45,42,1.35,41,1.36,0.00
M,652,Ugarte,4.9,4.9,Man Utd,45,1.43,35,1.24,32,1.13,35,1.25,34,1.03,31,1.12,32,0.98,32,1.13,33,1.13,33,1.14,33,0.99,33,1.22,0.00
D,653,Morato,4.5,4.5,Nott'm Forest,0,0.00,0,0.00,0,0.00,0,0.00,0,0.00,0,0.00,0,0.00,0,0.00,0,0.00,0,0.00,0,0.00,0,0.00,0.00
M,654,C.Soler,5.0,5.0,West Ham,42,1.78,42,2.00,34,1.37,34,1.31,37,1.62,41,1.92,39,1.55,40,1.70,38,1.69,39,1.49,38,1.31,37,1.71,0.00
M,655,Forbs,5.5,5.5,Wolves,40,1.85,39,2.00,36,1.52,34,1.63,32,1.47,34,1.54,33,1.75,34,1.56,34,1.61,35,1.40,35,1.65,33,1.40,0.00
M,656,Young,4.5,4.5,Aston Villa,0,0.00,0,0.00,0,0.00,0,0.00,0,0.00,0,0.00,0,0.00,0,0.00,0,0.00,0,0.00,0,0.00,0,0.00,0.00
D,657,Kacurri,4.0,4.0,Arsenal,0,0.00,0,0.00,0,0.00,0,0.00,0,0.00,0,0.00,0,0.00,0,0.00,0,0.00,0,0.00,0,0.00,0,0.00,0.00
D,658,Heaven,4.0,4.0,Arsenal,0,0.00,0,0.00,0,0.00,0,0.00,0,0.00,0,0.00,0,0.00,0,0.00,0,0.00,0,0.00,0,0.00,0,0.00,0.00
M,659,Kabia,4.5,4.5,Arsenal,0,0.00,0,0.00,0,0.00,0,0.00,0,0.00,0,0.00,0,0.00,0,0.00,0,0.00,0,0.00,0,0.00,0,0.00,0.00
G,660,Jaros,4.0,4.0,Liverpool,1,0.05,2,0.08,2,0.09,0,0.00,0,0.00,0,0.00,0,0.00,0,0.00,0,0.00,0,0.00,0,0.00,0,0.00,0.00
M,661,Yogane,4.5,4.5,Brentford,0,0.00,0,0.00,0,0.00,0,0.00,0,0.00,0,0.00,0,0.00,0,0.00,0,0.00,0,0.00,0,0.00,0,0.00,0.00
D,662,Nichols,4.0,4.0,Arsenal,0,0.00,0,0.00,0,0.00,0,0.00,0,0.00,0,0.00,0,0.00,0,0.00,0,0.00,0,0.00,0,0.00,0,0.00,0.00
D,663,Samuels,4.0,4.0,Brighton,0,0.00,0,0.00,0,0.00,0,0.00,0,0.00,0,0.00,0,0.00,0,0.00,0,0.00,0,0.00,0,0.00,0,0.00,0.00
D,664,Pond,4.0,4.0,Wolves,0,0.00,1,0.04,2,0.05,0,0.00,0,0.00,0,0.00,0,0.00,0,0.00,0,0.00,0,0.00,0,0.00,0,0.00,0.00
F,665,Butler-Oyedeji,4.5,4.5,Arsenal,0,0.00,0,0.00,0,0.00,0,0.00,0,0.00,0,0.00,0,0.00,0,0.00,0,0.00,0,0.00,0,0.00,0,0.00,0.00
D,666,Kporha,4.0,4.0,Crystal Palace,0,0.00,0,0.00,0,0.00,0,0.00,0,0.00,0,0.00,0,0.00,0,0.00,0,0.00,0,0.00,0,0.00,0,0.00,0.00
M,667,Fletcher,4.5,4.5,Man Utd,0,0.00,0,0.00,0,0.00,0,0.00,0,0.00,0,0.00,0,0.00,0,0.00,0,0.00,0,0.00,0,0.00,0,0.00,0.00
D,10001,Josh Wilson-Esbrand,99.9,99.9,Man City,2,0.10,1,0.08,1,0.07,1,0.07,3,0.17,3,0.16,3,0.18,2,0.12,3,0.19,2,0.15,2,0.13,2,0.14,0.00
G,10068,Mark Gillespie,99.9,99.9,Newcastle,0,0.00,0,0.00,0,0.00,0,0.00,0,0.00,0,0.00,0,0.00,0,0.00,0,0.00,0,0.00,0,0.00,0,0.00,0.00
G,10076,Matthew Cox,99.9,99.9,Brentford,0,0.00,0,0.00,0,0.00,0,0.00,0,0.00,0,0.00,0,0.00,0,0.00,0,0.00,0,0.00,0,0.00,0,0.00,0.00
M,10077,Paris Maghoma,99.9,99.9,Brentford,0,0.00,1,0.06,1,0.07,2,0.09,1,0.08,2,0.11,2,0.12,2,0.11,3,0.14,2,0.13,2,0.11,1,0.06,0.00
M,10083,Daniel Gore,99.9,99.9,Man Utd,0,0.00,0,0.00,0,0.00,0,0.00,0,0.00,0,0.00,0,0.00,0,0.00,0,0.00,0,0.00,0,0.00,0,0.00,0.00
D,10129,Zach Abbott,99.9,99.9,Nott'm Forest,0,0.00,0,0.00,0,0.00,0,0.00,0,0.00,0,0.00,0,0.00,0,0.00,0,0.00,0,0.00,0,0.00,0,0.00,0.00
D,10145,Morato,99.9,99.9,Nott'm Forest,6,0.20,9,0.27,13,0.29,12,0.46,14,0.26,16,0.42,22,0.73,15,0.46,16,0.45,18,0.59,17,0.55,16,0.43,0.00
F,10148,Carlos Forbs,99.9,99.9,Wolves,0,0.00,0,0.00,0,0.00,0,0.00,0,0.00,0,0.00,0,0.00,0,0.00,0,0.00,0,0.00,0,0.00,0,0.00,0.00
M,10149,André,99.9,99.9,Wolves,64,2.05,64,2.17,62,1.81,60,1.91,58,1.78,59,1.77,58,2.02,60,1.87,58,1.80,56,1.60,55,1.80,56,1.61,0.00
G,10151,Jack Porter,99.9,99.9,Arsenal,0,0.00,0,0.00,0,0.00,0,0.00,0,0.00,0,0.00,0,0.00,0,0.00,0,0.00,0,0.00,0,0.00,0,0.00,0.00