ID,Pos,Name,BV,SV,Team,11_xMins,11_Pts,12_xMins,12_Pts,13_xMins,13_Pts,14_xMins,14_Pts,15_xMins,15_Pts,16_xMins,16_Pts,17_xMins,17_Pts,18_xMins,18_Pts,19_xMins,19_Pts,20_xMins,20_Pts,21_xMins,21_Pts,22_xMins,22_Pts,Elite%,Mins 4,Mins 5,Mins 6,Mins 7,Mins 8,Mins 9,Mins 10,Mins 11,Mins 12,Mins 13,Mins 14,Mins 15,EV4,EV5,EV6,EV7,EV8,EV9,EV10,EV11,EV12,EV13,EV14,EV15,Max EV,Max Mins,Sum EV,Sum Mins,Logic,PosPr,PosPrTeam,tv_loss_sell_penalty,hold_penalty,pos_noise
311,D,Alexander-Arnold,7.0,7.0,Liverpool,81,4.28,80,4.579130397077956,79,3.326870336501025,76,3.0735421990983984,76,4.599241405749114,76,5.59932424423156,76,2.750900267194389,75,6.103525329649357,74,3.427694270849215,74,3.7992369638208365,76,3.4672331732836543,75,5.139285388789954,0.5,81,80,79,76,76,76,76,75,74,74,76,75,4.28,4.59,3.18,3.31,4.06,4.4,2.9,5.1,3.92,3.9,3.85,3.77,5.1,81,47.26,918,True,D7,D7Liverpool,0.0,0,0.0
339,D,Virgil,6.2,6.2,Liverpool,92,3.65,87,3.813078853704067,88,2.635343096674256,83,2.4006829921467507,84,3.616638101727326,83,3.813298347141442,83,2.3940246117763735,82,3.898891847846886,83,3.1729713678293536,82,3.743796617433429,82,3.1151374809650987,82,3.607737725059889,0.01,92,87,88,83,84,83,83,82,83,82,82,82,3.65,3.86,2.69,2.75,3.49,3.68,2.36,4.23,3.3,3.24,3.3,3.14,4.23,92,39.69,1011,True,D6.2,D6Liverpool,0.0,0,0.0
350,D,Gvardiol,6.2,6.2,Man City,87,3.46,79,3.543812758035578,71,1.9804640368270565,67,5.6686304017612725,68,2.5426839859854873,70,3.5230176831613194,69,3.2729194720207566,67,3.576645699338247,68,4.18115797175382,68,3.4008025819627665,67,2.798381362400193,68,4.540187640043553,0.23,87,79,71,67,68,70,69,67,68,68,67,68,3.46,3.37,2.2,3.65,3.13,3.24,2.76,3.79,3.54,3.76,3.01,3.53,3.79,87,39.44,849,True,D6.2,D6Man City,0.0,0,0.0
24,D,White,6.2,6.2,Arsenal,87,2.75,80,4.41451006536718,75,4.020051986893776,72,2.880051943883073,71,3.696711475548641,69,3.3418903475973143,69,2.65948393660987,69,2.6657774856774687,70,1.9877805143896123,68,2.3135901738736746,69,2.5417450922108746,70,3.2053716741578233,0.0,87,80,75,72,71,69,69,69,70,68,69,70,2.75,3.9,3.18,3.05,2.87,3.48,2.94,3.7,2.94,2.5,2.72,3.07,3.9,87,37.1,869,True,D6.2,D6Arsenal,0.0,0,0.0
3,D,Gabriel,6.2,6.1,Arsenal,92,3.0,87,4.212774584527963,84,3.8161224725006977,82,4.2128945531996935,81,3.334674690135842,77,4.071510054428538,78,3.4367159186780816,79,4.520239329738761,79,2.820946484206763,78,2.6948416012066967,79,3.3635445860063484,79,3.532154758335668,0.68,92,87,84,82,81,77,78,79,79,78,79,79,3.0,4.4,3.76,3.69,3.36,4.08,3.46,4.5,3.41,2.96,3.23,3.56,4.5,92,43.41,975,True,D6.1,D6Arsenal,0.0,0,0.0
18,D,Saliba,6.0,6.0,Arsenal,91,2.75,88,4.189036892565068,86,3.7264262155142767,84,3.434755559046402,83,3.508559681841429,82,3.971739252712464,82,3.6136825900862477,80,3.230435110242982,80,2.854752235510253,78,3.028943640738006,80,3.5953627373436032,81,3.741467371000208,0.03,91,88,86,84,83,82,82,80,80,78,80,81,2.75,4.11,3.63,3.46,3.27,4.07,3.41,4.15,3.23,2.8,3.07,3.41,4.15,91,41.36,995,True,D6,D6Arsenal,0.0,0,0.0
335,D,Robertson,6.0,6.0,Liverpool,63,3.15,63,2.6648973432803973,63,1.6815338072672645,64,2.4986796667942945,61,3.060721954001269,62,3.3888508385124765,61,1.3427825479911355,60,3.8268893802135495,59,4.1756930734336,58,3.627909372119499,59,3.1703490162440184,59,5.202689370810339,0.06,63,63,63,64,61,62,61,60,59,58,59,59,3.15,3.48,2.45,2.75,3.18,3.38,2.26,3.84,2.94,2.91,2.87,2.86,3.84,64,36.07,732,True,D6,D6Liverpool,0.0,0,0.0
578,D,Calafiori,5.8,5.8,Arsenal,0,0.0,33,1.6531768695614852,65,1.416428689967999,74,3.196917202590768,76,3.757834426918685,75,3.534226219483406,74,4.291706132940506,74,4.943561266720746,72,3.2679746356913237,72,2.546456423006477,71,2.9486731121765617,72,1.3354356867727797,0.0,0,33,65,74,76,75,74,74,72,72,71,72,0.0,1.75,2.99,3.37,3.22,4.08,3.35,4.22,3.13,2.82,2.94,3.37,4.22,76,35.24,758,True,D5.8,D6Arsenal,0.0,0,0.0
495,D,Pedro Porro,5.5,5.5,Spurs,87,5.25,86,1.9151011471397255,83,4.242289719357846,81,3.350386029860832,80,2.9333026027673568,79,3.2256493564132223,79,2.8601086625544556,77,2.26418476120523,75,4.274986168596376,76,2.5816064504266985,77,2.279870509141615,79,4.134742303858288,0.51,87,86,83,81,80,79,79,77,75,76,77,79,5.25,1.91,4.04,3.14,3.2,3.79,2.65,3.29,4.27,3.47,2.13,3.5,5.25,87,40.64,959,True,D5.5,D5.5Spurs,0.0,0,0.0
340,D,Akanji,5.5,5.5,Man City,89,3.27,80,3.680855882078659,67,2.117186930895423,67,3.378781620455416,66,3.449874349227396,67,2.7186366934069275,65,1.5607264378723797,66,4.276237555938874,66,2.0996741565554196,62,4.416936168970923,65,1.0696937322189835,64,4.246866013346789,0.01,89,80,67,67,66,67,65,66,66,62,65,64,3.27,3.23,1.99,3.42,2.89,2.91,2.43,3.38,3.2,3.13,2.73,3.1,3.42,89,35.68,824,True,D5.5,D5.5Man City,0.0,0,0.0
361,D,Rúben,5.5,5.5,Man City,0,0.0,29,1.2993869798941575,60,1.7068641564155926,68,3.9071636118260558,67,3.1118724335415737,65,3.0184618189165238,65,2.1319623659169133,64,3.007519813440889,65,2.399754000921442,66,4.447114472402056,67,3.844667245042219,65,1.3149997027580593,0.0,0,29,60,68,67,65,65,64,65,66,67,65,0.0,1.15,1.67,3.36,2.84,2.76,2.35,3.25,3.04,3.23,2.79,3.08,3.36,68,29.52,681,True,D5.5,D5.5Man City,0.0,0,0.0
6,D,J.Timber,5.5,5.5,Arsenal,78,2.62,59,2.3553388491126,43,3.17658562004186,40,1.9539670759016319,38,1.0244418376193893,40,2.5888464854530313,40,2.5145515466528088,40,3.343520128168629,40,1.4250450353469626,41,2.539448043811179,41,2.5124490786014633,40,2.337659432914756,0.0,78,59,43,40,38,40,40,40,40,41,41,40,2.62,2.94,1.93,1.77,1.59,2.07,1.78,2.2,1.75,1.62,1.68,1.8,2.94,78,23.75,540,True,D5.5,D5.5Arsenal,0.0,0,0.0
415,D,Schär,5.4,5.4,Newcastle,91,3.1,73,3.2085362532023263,74,2.369118849188273,74,1.9209122720133838,73,2.7910827915378102,73,3.2186839126147104,74,3.2519525452982276,75,2.6833251127066684,75,0.9996925612567571,73,1.7488286363235919,77,2.982109702492953,77,2.594105143341793,0.0,91,73,74,74,73,73,74,75,75,73,77,77,3.1,3.25,2.54,1.93,2.38,3.42,2.93,2.64,1.97,1.66,3.32,2.94,3.42,91,32.08,909,True,D5.4,D5.5Newcastle,0.0,0,0.0
341,D,Aké,5.3,5.3,Man City,72,2.88,73,2.746943358323534,62,1.5304524837464981,58,3.216939811067763,59,3.1256114533140487,60,3.0914692469408207,59,3.2024356249653554,59,3.8520555653880586,59,3.7585973962613757,60,3.9225616304269355,59,2.532143192349869,59,2.7226095462842457,0.0,72,73,62,58,59,60,59,59,59,60,59,59,2.88,3.09,1.94,3.06,2.71,2.75,2.36,3.14,2.97,3.15,2.65,2.96,3.15,73,33.66,739,True,D5.3,D5.5Man City,0.0,0,0.0
326,D,Konaté,5.3,5.3,Liverpool,66,2.46,82,3.081214967038336,77,1.9328302528558787,73,1.9152350434798704,71,2.7671174657441258,71,2.627818596366227,70,2.368234347898316,72,2.8017493830921447,69,3.0716853089223535,69,3.2291182242782623,71,2.1544187495812883,73,2.044749189617089,0.01,66,82,77,73,71,71,70,72,69,69,71,73,2.46,3.4,2.29,2.27,2.83,2.94,1.87,3.48,2.6,2.53,2.73,2.64,3.48,82,32.04,864,True,D5.3,D5.5Liverpool,0.0,0,0.0
369,D,Dalot,5.1,5.1,Man Utd,87,4.19,80,3.1312532428795956,76,3.2317886696973948,74,1.9367653227886117,71,3.9944333432840327,69,1.1585491683350515,69,2.851605859498527,68,2.454292057281941,69,2.3750935593517304,70,1.4124382772312267,73,2.606264680439355,76,2.316426706775027,0.04,87,80,76,74,71,69,69,68,69,70,73,76,4.19,3.25,3.48,1.66,3.08,1.27,2.79,2.56,2.58,1.34,3.48,2.81,4.19,87,32.49,882,True,D5.1,D5Man Utd,0.0,0,0.0
498,D,Romero,5.1,5.1,Spurs,55,2.52,88,1.391318607310447,85,2.9395982978383772,83,2.2483737866820803,82,2.5358341532760766,81,2.962151732038456,79,1.982815113969987,79,2.1983404819533434,79,3.5009547291844836,79,2.549033386256154,81,1.6517369675724218,82,2.965614064827909,0.0,55,88,85,83,82,81,79,79,79,79,81,82,2.52,1.39,3.13,2.41,2.4,2.88,1.98,2.63,3.3,2.68,1.69,2.8,3.3,88,29.81,953,True,D5.1,D5Spurs,0.0,0,0.0
593,D,De Ligt,5.0,5.0,Man Utd,81,3.57,75,2.9312314521105707,72,2.481818163673653,71,1.7837972337485515,68,2.5202281666632005,69,0.8497056051699383,67,3.1480495009012004,66,1.9237759489383477,65,2.662175378533741,64,1.106993912667196,66,2.466172533936287,65,1.8143544566637633,0.0,81,75,72,71,68,69,67,66,65,64,66,65,3.57,2.82,3.06,1.56,2.78,1.23,2.46,2.27,2.2,1.19,2.87,2.26,3.57,81,28.27,829,True,D5,D5Man Utd,0.0,0,0.0
122,D,Estupiñan,5.0,5.0,Brighton,63,1.85,59,2.2898718517163466,58,3.0925797478759547,57,0.9845944336693311,57,3.1772839205693146,56,2.7562150628094835,57,1.4686900637595781,57,2.383294785003246,55,1.0868670131487947,56,1.9143004547343478,58,2.240508545452816,57,1.6213728792932214,0.0,63,59,58,57,57,56,57,57,55,56,58,57,1.85,2.09,3.08,2.08,2.59,2.66,2.27,2.63,1.75,1.88,2.64,1.83,3.08,63,27.35,690,True,D5,D5Brighton,0.0,0,0.0
172,D,James,4.9,4.9,Chelsea,73,3.12,69,3.428490362483402,63,3.7818171813979666,63,2.278551605630762,64,1.3147688458556874,63,2.863572685088541,63,1.8787564161093568,59,4.967195561906887,61,4.112280950445195,60,3.0666642546096226,61,2.4509530674042033,60,3.9532790307014167,0.0,73,69,63,63,64,63,63,59,61,60,61,60,3.12,3.64,3.23,3.34,2.31,3.66,3.21,3.26,3.42,2.88,3.35,3.69,3.69,73,39.11,759,True,D4.9,D5Chelsea,0.0,0,0.0
505,D,Udogie,4.9,4.9,Spurs,85,4.55,83,1.6399260745707183,79,3.492278831740484,79,2.2834552365239507,76,2.4222359155647237,74,2.913088165738766,74,2.1762786843027366,73,2.995495465810708,73,4.906952648604292,71,2.47946266938416,77,2.0584509524010564,75,2.910013355834207,0.01,85,83,79,79,76,74,74,73,73,71,77,75,4.55,1.65,3.43,2.73,2.62,3.16,2.25,2.81,3.53,2.86,1.92,3.03,4.55,85,34.54,919,True,D4.9,D5Spurs,0.0,0,0.0
355,D,Lewis,4.9,4.9,Man City,69,2.79,63,3.020142194937494,59,2.9030452684281416,57,2.7617930369953925,57,2.2187816005245704,56,1.8264178617121887,56,2.784865953310839,56,1.3876505981987106,57,2.988386059634934,55,2.5541096557709952,55,2.3449417410628923,57,3.139742946678229,0.6,69,63,59,57,57,56,56,56,57,55,55,57,2.79,2.71,1.88,3.04,2.63,2.67,2.25,3.08,2.93,2.96,2.46,2.94,3.08,69,32.34,697,True,D4.9,D5Man City,0.0,0,0.0
171,D,Gusto,4.9,4.9,Chelsea,66,2.28,64,2.7111429144371337,64,2.4984527943976604,66,1.9799496125285176,63,1.7847391185424517,61,4.78374091809541,61,3.230664717808247,61,2.9343481340717275,60,2.0344456184882396,60,2.3134976728888317,62,2.768748494518517,64,2.398933290544133,0.0,66,64,64,66,63,61,61,61,60,60,62,64,2.28,2.83,2.64,2.94,1.8,2.88,2.62,2.73,2.77,2.41,2.77,3.23,3.23,66,31.9,752,True,D4.9,D5Chelsea,0.0,0,0.0
210,D,Mitchell,4.9,4.9,Crystal Palace,84,3.04,82,2.206975520655648,80,2.783880720482778,78,3.2424786469591504,78,2.286859786790444,77,1.9252799406668928,78,2.024266272474331,76,2.214156686271915,75,3.2800366292880248,77,2.3424914215805526,77,3.0193979941588456,76,3.012295288007458,0.0,84,82,80,78,78,77,78,76,75,77,77,76,3.04,2.12,2.71,2.91,1.86,2.01,2.17,2.2,3.23,2.19,2.83,2.48,3.23,84,29.75,938,True,D4.9,D5Crystal Palace,0.0,0,0.0
387,D,Shaw,4.9,4.9,Man Utd,34,1.69,75,2.668784474596297,71,3.1123155567821272,72,1.7112943832272283,70,3.1343651636474408,68,1.1430949978294507,69,3.089449743536403,67,1.8249424781701933,66,1.4487802653861983,67,1.3596321884949647,66,2.968279733818376,65,2.6061857521716,0.0,34,75,71,72,70,68,69,67,66,67,66,65,1.69,3.1,3.3,1.69,3.14,1.32,2.77,2.5,2.47,1.32,3.16,2.39,3.3,75,28.85,790,True,D4.9,D5Man Utd,0.0,0,0.0
211,D,Muñoz,4.8,4.8,Crystal Palace,89,3.36,69,1.8784542566616256,70,2.223408782192726,72,3.526394067295335,74,2.125134090445612,73,2.461748606604024,75,2.3098542565959947,76,1.9302440180367026,77,3.123736077028416,77,1.8517198902532026,79,3.4600676772198993,80,2.2022516322455354,0.0,89,69,70,72,74,73,75,76,77,77,79,80,3.36,1.88,2.54,2.9,1.85,2.04,2.17,2.29,3.58,2.36,3.09,2.75,3.58,89,30.81,911,True,D4.8,D5Crystal Palace,0.0,0,0.0
79,D,Senesi,4.8,4.8,Bournemouth,86,2.48,84,2.880448412318208,77,2.0077837825407574,74,1.4583883603641994,73,3.2506319255252696,72,3.0168177858190566,73,1.9087867302441992,70,3.2122706492844846,72,2.6253630707404403,72,2.9661743902808837,78,1.1757422866502216,75,2.0454939428630796,0.0,86,84,77,74,73,72,73,70,72,72,78,75,2.48,2.87,2.47,1.89,2.58,2.75,1.65,2.65,1.99,2.87,1.44,1.8,2.87,86,27.44,906,True,D4.8,D5Bournemouth,0.0,0,0.0
236,D,Tarkowski,4.8,4.8,Everton,91,2.52,89,2.9171998251617577,84,1.8309920382978524,82,3.2231471442510586,81,1.5673213343967143,79,1.2058265912948305,77,1.6474085549060713,80,1.030687734923563,79,2.917450155882977,81,1.9590564109982092,86,2.5386362943955607,86,2.0119727618629843,0.0,91,89,84,82,81,79,77,80,79,81,86,86,2.52,2.92,1.69,3.03,1.61,1.31,1.84,1.03,2.85,1.96,2.42,2.03,3.03,91,25.21,995,True,D4.8,D5Everton,0.0,0,0.0
219,D,Branthwaite,4.8,4.8,Everton,59,1.61,83,2.7706389041180817,81,1.7695395094137896,78,2.932967509447,77,1.641334448356176,76,1.3537948846931098,75,1.6394214059726953,76,1.1424563042623814,76,2.818077467649564,75,1.4050792490530237,76,2.0058374427998276,76,1.853325646811829,0.0,59,83,81,78,77,76,75,76,76,75,76,76,1.61,2.71,1.63,2.83,1.56,1.31,1.78,0.99,2.72,1.81,2.16,1.79,2.83,83,22.9,908,True,D4.8,D5Everton,0.0,0,0.0
36,D,Digne,4.7,4.7,Aston Villa,73,1.82,69,3.566221801968745,67,1.676194977705977,66,2.5973446990717672,62,2.3644819463084774,63,1.9316316691238993,62,2.081749830907182,60,1.3636532299910806,61,3.2151412641788473,60,4.308218449023475,65,2.801055990713236,64,2.020795857353274,0.0,73,69,67,66,62,63,62,60,61,60,65,64,1.82,3.5,1.98,3.24,3.43,2.64,1.98,2.14,2.7,3.49,2.86,1.81,3.5,73,31.59,772,True,D4.7,D4.5Aston Villa,0.0,0,0.0
533,D,Aït-Nouri,4.7,4.7,Wolves,85,3.72,71,2.0588654183170307,68,2.9552164646928714,70,2.391462596233029,73,1.697683371757574,71,3.098719951412128,74,3.3736947327351845,73,2.4847433618156463,73,1.4943074826540086,73,2.343464560018392,77,2.275740371974149,75,1.4839431016511355,0.26,85,71,68,70,73,71,74,73,73,73,77,75,3.72,2.22,2.55,2.43,2.38,3.41,2.77,2.38,1.44,2.97,1.89,1.49,3.72,85,29.65,883,True,D4.7,D4.5Wolves,0.0,0,0.0
255,D,Robinson,4.7,4.7,Fulham,86,2.69,81,3.51172408507948,78,1.621243132459261,77,2.405978436202097,78,2.0899817230969595,75,1.1522412704897336,75,2.5001082625400137,75,1.4520877671304147,72,2.842276842108068,72,3.451010317250256,76,2.6940469293710207,75,2.325124128184341,0.03,86,81,78,77,78,75,75,75,72,72,76,75,2.69,3.29,1.55,2.55,2.09,1.28,3.22,1.51,2.53,3.21,2.39,2.77,3.29,86,29.08,920,True,D4.7,D4.5Fulham,0.0,0,0.0
162,D,Colwill,4.6,4.6,Chelsea,91,2.76,88,3.3760237811557374,85,3.2934594128121604,83,3.038170039609317,80,2.06420749763244,78,3.8486134582322755,80,2.837586669626979,81,2.9140793386053714,81,3.661460535614749,80,2.7192179500531197,80,2.4186672645051663,79,3.4645937962917137,0.07,91,88,85,83,80,78,80,81,81,80,80,79,2.76,3.36,3.06,3.16,1.92,3.21,2.96,3.18,3.24,2.78,3.08,3.46,3.46,91,36.17,986,True,D4.6,D4.5Chelsea,0.0,0,0.0
422,D,Aina,4.6,4.6,Nott'm Forest,85,3.05,82,1.5771357966049282,80,3.8082409867615636,79,1.4207732305147047,78,2.0214353843893282,82,3.0344385990625726,77,2.7907022541597377,78,2.3612288233642764,76,3.9778798766908867,75,2.777863690106465,75,2.1443060067294577,75,3.4764538256496653,0.01,85,82,80,79,78,82,77,78,76,75,75,75,3.05,1.69,3.82,1.45,2.1,2.87,2.54,2.4,2.81,2.78,1.99,3.46,3.82,85,30.96,942,True,D4.6,D4.5Nott'm Forest,0.0,0,0.0
506,D,Van de Ven,4.6,4.6,Spurs,0,0.0,35,0.5328214766378263,72,2.763350730128112,74,2.2146644804768574,71,1.2966794008327278,74,2.4336969508286765,74,2.097471085752727,73,2.312521748217035,75,2.196844797148179,74,2.552019913934211,79,2.0209512076977356,79,3.4417105977483438,0.01,0,35,72,74,71,74,74,73,75,74,79,79,0.0,0.57,2.56,2.05,1.97,2.6,1.81,2.39,3.0,2.41,1.66,2.65,3.0,79,23.67,780,True,D4.6,D4.5Spurs,0.0,0,0.0
189,D,W.Fofana,4.5,4.5,Chelsea,86,2.6,83,3.3617507211803805,80,3.3855601863378078,76,3.070631591037192,76,2.0994632397173496,76,3.350798986013414,73,2.6988993174617972,71,3.657393696548422,71,2.9490938723872215,72,2.8710981622065845,70,1.7167526727269558,69,4.280728294939587,0.0,86,83,80,76,76,76,73,71,71,72,70,69,2.6,3.2,2.86,2.91,1.8,3.09,2.71,2.8,2.85,2.49,2.73,3.02,3.2,86,33.06,903,True,D4.5,D4.5Chelsea,0.0,0,0.0
44,D,Konsa,4.5,4.5,Aston Villa,89,1.67,86,3.5539193583946687,85,1.9562255414909109,82,3.152799154306159,82,3.889605933239687,82,2.5716887690369754,82,2.1555493406754884,81,1.9656188710202107,82,3.021002729433886,81,3.126109928594236,81,2.970669541943243,81,2.108133600969495,0.19,89,86,85,82,82,82,82,81,82,81,81,81,1.67,3.59,1.93,3.21,3.63,2.82,2.09,2.23,2.79,3.75,2.89,1.82,3.75,89,32.42,994,True,D4.5,D4.5Aston Villa,0.0,0,0.0
144,D,Van Hecke,4.5,4.5,Brighton,91,1.97,88,2.3544451147139798,87,3.658203156688624,84,2.5938088934824295,84,2.8565585162461886,82,3.7528031034378717,81,2.5405191367804676,81,2.5481826596827974,81,2.070239521640376,81,1.8305921633486324,80,2.2596541841587925,82,2.2463770841080484,0.0,91,88,87,84,84,82,81,81,81,81,80,82,1.97,2.37,3.58,2.36,2.96,3.11,2.53,2.98,1.97,2.12,2.9,1.85,3.58,91,30.7,1002,True,D4.5,D4.5Brighton,0.0,0,0.0
52,D,Pau,4.5,4.5,Aston Villa,86,1.61,81,2.982892491413131,80,1.751095895263799,76,3.4268843136407883,78,2.5201749833012728,76,3.175531221774588,75,1.6603969097431817,74,2.5581574577732478,75,2.3330315315176025,75,3.7303641082513015,75,2.249058688423648,74,1.7243149488534508,0.01,86,81,80,76,78,76,75,74,75,75,75,74,1.61,3.38,1.79,2.96,3.38,2.57,1.88,2.02,2.59,3.36,2.64,1.66,3.38,86,29.84,925,True,D4.5,D4.5Aston Villa,0.0,0,0.0
436,D,Murillo,4.5,4.5,Nott'm Forest,91,2.92,87,1.5939624182976018,85,3.5930629128712654,85,1.3811196993899,84,1.7788763833860586,83,2.7370429529255413,80,2.3370164198784282,80,1.9367343445767584,78,1.2762980767937644,79,2.581426065161301,81,1.9303399139427386,80,3.6752475933875135,0.0,91,87,85,85,84,83,80,80,78,79,81,80,2.92,1.59,3.66,1.41,2.02,2.71,2.44,2.23,2.64,2.62,1.92,3.39,3.66,91,29.55,993,True,D4.5,D4.5Nott'm Forest,0.0,0,0.0
573,D,Milenković,4.5,4.5,Nott'm Forest,90,2.88,87,1.5667308958594868,84,3.5259530743123593,81,1.3459220022618636,82,1.8849021784714421,80,2.8565464140554915,80,2.1425991738907118,79,2.176971960788978,79,2.652795127327848,78,3.077413936603231,78,2.280254613106445,80,2.7414244509730765,0.01,90,87,84,81,82,80,80,79,79,78,78,80,2.88,1.57,3.63,1.35,1.96,2.6,2.4,2.18,2.65,2.58,1.86,3.31,3.63,90,28.97,978,True,D4.5,D4.5Nott'm Forest,0.0,0,0.0
257,D,Tete,4.5,4.5,Fulham,83,2.73,80,3.691341137269867,77,1.5988175121981965,74,3.1508895244500144,71,1.7188795448702003,71,1.2342794992351507,68,2.2490541972774576,69,1.6727842415699272,67,2.177141366227682,68,3.9569757021255025,70,1.1064073830271404,68,1.9835854945942974,0.0,83,80,77,74,71,71,68,69,67,68,70,68,2.73,3.41,1.65,2.54,2.01,1.28,3.03,1.46,2.48,3.2,2.36,2.58,3.41,83,28.73,866,True,D4.5,D4.5Fulham,0.0,0,0.0
241,D,Bassey,4.5,4.5,Fulham,91,2.66,86,3.224417857489362,82,1.5860078992063311,79,2.3166957174534004,80,2.6323344061068803,76,1.1600170696307013,74,2.5111277601274065,76,1.1689963528835876,73,1.8037991045171198,75,2.8030683549120714,78,2.3702349611327738,77,1.5911568635873432,0.0,91,86,82,79,80,76,74,76,73,75,78,77,2.66,3.24,1.52,2.38,2.08,1.18,2.92,1.43,2.39,3.09,2.27,2.62,3.24,91,27.78,947,True,D4.5,D4.5Fulham,0.0,0,0.0
104,D,Pinnock,4.5,4.5,Brentford,91,2.96,87,2.721083065686678,85,3.704459259190312,82,1.9857784651576604,80,2.5564777071629914,80,1.4643190708177063,78,3.299958600148429,80,1.596815186370572,81,1.6779425682685174,80,2.8792134055142866,81,1.9865183946826117,82,2.042895761561635,0.05,91,87,85,82,80,80,78,80,81,80,81,82,2.96,2.71,3.52,1.85,2.42,1.44,2.9,1.81,2.05,2.56,1.66,1.7,3.52,91,27.58,987,True,D4.5,D4.5Brentford,0.0,0,0.0
650,D,Lacroix,4.5,4.5,Crystal Palace,88,2.95,80,1.9029766399104773,78,2.0450418493766427,73,3.041320884591908,75,1.9434475184760298,74,2.069186007552778,71,1.635490014567808,71,2.0067550240708214,70,3.382439115468387,74,2.6483021205345625,71,2.937390701571229,69,2.74467313611713,0.0,88,80,78,73,75,74,71,71,70,74,71,69,2.95,1.96,2.49,2.62,1.71,1.83,1.9,1.95,2.89,2.01,2.52,2.16,2.95,88,26.99,894,True,D4.5,D4.5Crystal Palace,0.0,0,0.0
524,D,Kilman,4.5,4.5,West Ham,89,3.25,88,1.9626784643554256,83,2.0752757404222972,81,2.0643460158793703,80,2.7416315125579356,78,1.927430902202717,77,2.5093161303198923,76,3.233837093051886,74,0.9856922188424211,76,0.6397805126716046,79,2.181642704195008,80,3.519974176746538,0.0,89,88,83,81,80,78,77,76,74,76,79,80,3.25,1.93,1.9,2.59,2.88,1.87,2.18,2.38,1.46,0.94,2.54,2.77,3.25,89,26.69,961,True,D4.5,D4.5West Ham,0.0,0,0.0
88,D,Collins,4.5,4.5,Brentford,90,2.8,85,2.626153607331998,82,3.3909969442391765,80,1.8282842890663593,81,2.299889771711337,79,1.5402811145583277,79,2.1296421230860716,79,1.4908445543560558,79,1.7291354396893888,76,1.5993742281139223,79,1.3973921405328094,79,1.5835721371322382,0.01,90,85,82,80,81,79,79,79,79,76,79,79,2.8,2.58,3.28,1.74,2.34,1.35,2.83,1.74,1.89,2.37,1.59,1.6,3.28,90,26.11,968,True,D4.5,D4.5Brentford,0.0,0,0.0
559,D,N.Semedo,4.5,4.5,Wolves,87,3.29,71,1.9340933052634648,68,1.5707013689783482,73,2.904094783700549,73,2.3576167066652567,75,2.809193279443211,75,2.4578748641374384,75,0.8777891116281513,76,1.3206886742950892,75,2.609918699910031,78,1.7398119174508102,76,1.069229973199858,0.0,87,71,68,73,73,75,75,75,76,75,78,76,3.29,1.86,2.16,2.18,2.07,3.05,2.43,2.08,1.26,2.68,1.63,1.26,3.29,87,25.95,902,True,D4.5,D4.5Wolves,0.0,0,0.0
267,D,Davis,4.5,4.5,Ipswich,90,1.44,88,2.5430211256762623,84,2.5809612635833035,81,2.8986853367366057,80,3.116776880793932,79,2.5432366166390774,79,2.3977728834535124,79,1.5241878126702837,78,1.7623452297482962,79,1.629227143160493,79,1.7426359118167107,80,1.9154838982827294,0.1,90,88,84,81,80,79,79,79,78,79,79,80,1.44,2.57,2.35,2.95,2.67,2.37,2.34,1.21,1.9,1.95,2.33,1.47,2.95,90,25.55,976,True,D4.5,D4.5Ipswich,0.0,0,0.0
409,D,Livramento,4.5,4.5,Newcastle,83,3.02,68,3.1422559295176664,60,1.7679499946857689,51,1.345179892798576,52,1.5389115127981319,50,3.2301615017170238,50,2.9057371910282495,50,2.0664754025847865,47,0.6564145928824905,48,1.306593715609323,47,4.264345303366518,46,2.3699603502474487,0.0,83,68,60,51,52,50,50,50,47,48,47,46,3.02,3.17,2.21,1.55,1.95,2.44,2.1,1.94,1.46,1.28,2.2,1.96,3.17,83,25.28,652,True,D4.5,D4.5Newcastle,0.0,0,0.0
238,D,Young,4.5,4.5,Everton,77,2.38,74,2.6205963576851574,76,1.9098594380773704,75,2.855178536309064,73,1.6361092156487722,70,1.1525712216671369,69,2.125452852681364,71,1.2772776791819667,70,2.222461419631536,68,2.044655455164312,71,1.916724614676081,70,2.057386594096345,0.0,77,74,76,75,73,70,69,71,70,68,71,70,2.38,2.67,1.74,3.01,1.68,1.34,1.85,1.06,2.68,1.85,2.23,1.87,3.01,77,24.36,864,True,D4.5,D4.5Everton,0.0,0,0.0
628,D,F.Kadıoğlu,4.5,4.5,Brighton,55,1.6,52,1.6062389592895026,52,2.4189708354161463,53,1.1796743973562451,51,2.3195509926649436,52,1.975417695706735,49,1.3902007492297608,51,0.8884748786715239,51,1.1580960962993436,51,1.2697731654405406,50,1.9898668455447588,52,1.3491086357927222,0.0,55,52,52,53,51,52,49,51,51,51,50,52,1.6,1.76,2.53,1.84,2.15,2.37,1.87,2.23,1.6,1.67,2.19,1.58,2.53,55,23.39,619,True,D4.5,D4.5Brighton,0.0,0,0.0
145,D,Veltman,4.5,4.5,Brighton,68,1.62,62,2.8341211358429312,61,2.2189194386049174,60,1.4945146836200323,59,1.7471252155220487,59,3.3899653268682335,58,2.450156073762502,56,2.7085855050231045,57,1.1068230985232967,58,1.3804918469100111,59,2.742337009292195,56,1.1085171388919397,0.0,68,62,61,60,59,59,58,56,57,58,59,56,1.62,1.8,2.65,1.81,2.21,2.36,1.95,2.17,1.49,1.62,2.23,1.41,2.65,68,23.32,713,True,D4.5,D4.5Brighton,0.0,0,0.0
296,D,Kristiansen,4.5,4.5,Leicester,67,1.27,81,1.9341802058534987,80,1.965912126750988,78,2.5343408212617127,76,1.8747994054831147,75,1.4263281700901729,74,2.46450262705872,73,0.794097535684468,72,1.0465602671741274,72,1.7912325492210126,72,3.3600247857549865,73,1.9180842322767626,0.0,67,81,80,78,76,75,74,73,72,72,72,73,1.27,1.9,1.91,2.57,1.97,1.45,2.54,0.84,1.27,1.39,2.38,2.2,2.57,81,21.69,893,True,D4.5,D4.5Leicester,0.0,0,0.0
120,D,Dunk,4.4,4.4,Brighton,31,0.76,90,2.6073061929867993,88,3.9925085787621,88,2.649147376894277,87,3.459371507501905,85,4.121336403877765,84,2.373259438657326,86,3.334240701945969,84,2.2728923925115376,82,2.338881143480881,85,1.894367183622013,85,2.1275018876861607,0.32,31,90,88,88,87,85,84,86,84,82,85,85,0.76,2.61,4.06,2.63,3.41,3.5,2.84,3.42,2.2,2.33,3.32,2.15,4.06,90,33.23,975,True,D4.4,D4.5Brighton,0.0,0,0.0
200,D,Guéhi,4.4,4.4,Crystal Palace,92,3.15,89,2.1893348956325016,88,2.8166334713882075,87,3.1164155037574273,86,2.003354357161618,87,2.204983435539849,85,2.5924012088986452,86,2.395334889395753,85,3.350416116330112,84,2.151742730957098,84,3.149381701643624,84,2.3702229462256366,0.01,92,89,88,87,86,87,85,86,85,84,84,84,3.15,2.19,2.81,3.1,1.95,2.12,2.29,2.34,3.55,2.24,2.98,2.63,3.55,92,31.35,1037,True,D4.4,D4.5Crystal Palace,0.0,0,0.0
32,D,Cash,4.4,4.4,Aston Villa,44,1.05,72,4.064517381066525,69,2.0007216195982163,69,4.068856996725546,68,3.2402102847171053,69,2.130906703797494,67,2.296363717775767,66,2.6158347007832545,65,2.706893874982849,64,4.0632281817905955,66,3.97448862372115,65,2.239545412585387,0.0,44,72,69,69,68,69,67,66,65,64,66,65,1.05,3.4,1.86,3.2,3.51,2.67,1.96,2.14,2.65,3.32,2.67,1.67,3.51,72,30.1,784,True,D4.4,D4.5Aston Villa,0.0,0,0.0
70,D,Kerkez,4.4,4.4,Bournemouth,83,2.59,79,3.2192875261875975,77,2.3429948403914866,76,1.7697660471839909,73,3.1999845900958714,73,3.402246522510707,74,1.8983869762168997,73,3.1987380183358525,71,2.5867183206807036,70,3.0977322995567484,72,1.1863628859740072,72,1.6671887701339767,0.0,83,79,77,76,73,73,74,73,71,70,72,72,2.59,2.95,2.67,2.24,2.86,3.04,1.85,2.97,2.14,3.03,1.56,1.94,3.04,83,29.84,893,True,D4.4,D4.5Bournemouth,0.0,0,0.0
26,D,Alex Moreno,4.4,4.4,Nott'm Forest,75,3.1,73,1.694401935298857,70,3.133636811837066,70,1.1374742600483982,68,2.6369038591924525,0,0.0,68,2.354946445288252,67,2.1102881740623682,66,2.0516002627054064,68,1.8263940621694137,69,2.0424693392325675,67,3.758852402533908,0.0,75,73,70,70,68,0,68,67,66,68,69,67,3.1,1.81,3.83,1.63,2.19,0.0,2.62,2.43,2.79,2.83,2.16,3.49,3.83,75,28.88,761,True,D4.4,D4.5Nott'm Forest,0.0,0,0.0
380,D,Martinez,4.4,4.4,Man Utd,86,3.71,69,2.6814740265479027,67,2.1277916372375234,68,1.2173785172140688,68,1.9332817980892478,72,1.226963126287093,68,2.3766104419677423,73,1.4508185955024269,71,2.6022567657188485,72,1.7596786572200576,74,3.041276744982174,74,2.52536811974246,0.01,86,69,67,68,68,72,68,73,71,72,74,74,3.71,2.57,2.83,1.44,2.78,1.23,2.45,2.48,2.42,1.25,3.17,2.46,3.71,86,28.79,862,True,D4.4,D4.5Man Utd,0.0,0,0.0
520,D,Emerson,4.4,4.4,West Ham,78,3.35,75,2.173073927628624,73,2.2213095771422116,69,2.079655434651998,69,2.6503921087503377,66,1.7031363567896445,66,1.7384653499385767,64,2.467163633951115,64,1.0911339495845744,66,1.5593104187419777,70,2.807456903975023,71,2.7914472165431556,0.0,78,75,73,69,69,66,66,64,64,66,70,71,3.35,2.05,1.98,2.63,2.97,1.98,2.31,2.33,1.6,1.07,2.66,2.9,3.35,78,27.83,831,True,D4.4,D4.5West Ham,0.0,0,0.0
388,D,Wan-Bissaka,4.4,4.4,West Ham,90,3.22,86,1.93376555917887,85,1.947001862097143,84,2.7815114803902534,81,2.6466186589032246,79,1.8181585974936483,80,1.8883245734288836,79,2.6911543051553206,79,1.2460908436404683,79,1.1872421878501127,79,2.614207985884505,79,2.528662348055127,0.0,90,86,85,84,81,79,80,79,79,79,79,79,3.22,1.9,1.94,2.63,2.9,1.87,2.27,2.43,1.52,0.98,2.48,2.72,3.22,90,26.86,980,True,D4.4,D4.5West Ham,0.0,0,0.0
85,D,Zabarnyi,4.4,4.4,Bournemouth,90,2.3,87,2.657371898988038,86,2.428511454236586,84,1.885116564990892,82,2.5909598162341223,81,2.4718559004159286,82,1.7138057314107422,80,2.8248155869550424,80,2.443452519526148,81,3.3343610024721384,80,1.4049282964279586,79,1.6881334015818037,0.0,90,87,86,84,82,81,82,80,80,81,80,79,2.3,2.63,2.41,1.89,2.54,2.75,1.65,2.73,2.02,2.89,1.34,1.7,2.89,90,26.85,992,True,D4.4,D4.5Bournemouth,0.0,0,0.0
395,D,Burn,4.4,4.4,Newcastle,83,2.75,71,3.3617645505756397,72,3.1370103102219273,69,1.325045340845487,70,2.8605398391216488,70,2.500622871342386,70,3.0239205926476926,67,1.8472755585214609,62,1.3722623109531107,58,1.4456645888795987,51,1.9722588036954714,51,2.104727925943963,0.0,83,71,72,69,70,70,70,67,62,58,51,51,2.75,2.92,2.35,1.73,2.23,3.12,2.68,2.25,1.59,1.26,2.1,1.85,3.12,83,26.83,794,True,D4.4,D4.5Newcastle,0.0,0,0.0
159,D,Chalobah,4.4,4.4,Crystal Palace,84,2.88,81,1.932476198437836,77,2.552346036449218,76,3.07366456865705,74,1.7596334569003316,73,1.2718788693571477,71,1.7329106060403616,71,2.3804642625564076,71,3.0804698918448086,0,0.0,72,2.054648611061704,73,2.052537891163667,0.0,84,81,77,76,74,73,71,71,71,0,72,73,2.88,1.97,2.49,2.72,1.67,1.83,1.89,1.94,2.93,0.0,2.58,2.3,2.93,84,25.2,823,True,D4.4,D4.5Crystal Palace,0.0,0,0.0
542,D,Dawson,4.4,4.4,Wolves,71,2.56,74,2.0661583833927373,72,2.286207135475559,71,2.7804924441842203,71,1.2256065212094616,72,2.5195394567776845,70,1.8580732904466806,68,1.8258394611627593,70,1.4902732442337077,70,3.182047945457494,67,2.122110059370694,68,1.1289002301763262,0.0,71,74,72,71,71,72,70,68,70,70,67,68,2.56,1.88,2.19,2.05,1.87,2.76,2.19,1.77,1.11,2.42,1.37,1.07,2.76,74,23.24,844,True,D4.4,D4.5Wolves,0.0,0,0.0
393,D,Botman,4.4,4.4,Newcastle,0,0.0,0,0.0,0,0.0,0,0.0,0,0.0,0,0.0,0,0.0,12,0.08958872700992496,30,0.04192027189361874,50,1.5792291510147052,70,3.5188818915896865,71,1.3372527336475348,0.0,0,0,0,0,0,0,0,12,30,50,70,71,0.0,0.0,0.0,0.0,0.0,0.0,0.0,0.43,0.8,1.12,2.95,2.63,2.95,71,7.93,233,True,D4.4,D4.5Newcastle,0.0,0,0.0
399,D,Hall,4.3,4.3,Newcastle,79,2.85,78,3.7500835733202122,74,3.181406482476587,71,2.4062746470447403,69,2.9282689202519707,69,4.026293856791084,70,2.8416432129940006,65,2.924558346778274,64,2.112972356974924,62,1.9566356505569462,63,2.8926950072659783,61,2.001439466754357,0.01,79,78,74,71,69,69,70,65,64,62,63,61,2.85,3.55,2.64,1.97,2.4,3.39,2.93,2.45,1.82,1.52,2.9,2.52,3.55,79,30.94,825,True,D4.3,D4.5Newcastle,0.0,0,0.0
191,D,Andersen,4.3,4.3,Fulham,89,2.76,85,3.5222353512858127,83,1.7967811163180982,83,2.6239092520702796,83,1.8933881156044834,82,1.3581190826081557,81,2.8877030132400225,80,1.7573738957000495,81,3.1842363955508355,80,3.618847044013915,81,2.2300415344948874,82,2.8357816051046445,0.11,89,85,83,83,83,82,81,80,81,80,81,82,2.76,3.46,1.63,2.67,2.19,1.32,3.43,1.57,2.81,3.48,2.5,2.9,3.48,89,30.72,990,True,D4.3,D4.5Fulham,0.0,0,0.0
231,D,Mykolenko,4.3,4.3,Everton,87,2.61,85,3.0204682507034635,86,2.013884908530711,82,3.734399865970674,81,1.7683335707392256,79,2.0845797603745484,79,1.9547974108743544,80,1.2054326546517646,79,3.0072584757685266,78,1.228637757552668,78,2.3580631996057733,77,0.7705151057712485,0.35,87,85,86,82,81,79,79,80,79,78,78,77,2.61,3.0,1.92,3.24,1.8,1.51,2.06,1.19,2.94,2.07,2.4,2.0,3.24,87,26.74,971,True,D4.3,D4.5Everton,0.0,0,0.0
567,D,Toti,4.3,4.3,Wolves,86,3.06,69,1.7193452296082443,70,2.0756047950926435,70,1.8172390236122273,68,1.7601981637902155,71,3.152327724516065,69,2.1923372089600424,71,2.5177076559901015,75,1.121301135495024,72,2.5880440612085054,77,1.5020490964961069,77,1.3883961842176746,0.0,86,69,70,70,68,71,69,71,75,72,77,77,3.06,1.81,2.15,2.04,1.87,2.78,2.22,1.91,1.18,2.49,1.56,1.2,3.06,86,24.27,875,True,D4.3,D4.5Wolves,0.0,0,0.0
92,D,Henry,4.3,4.3,Brentford,19,0.71,60,2.5536842033086278,75,2.5797408153498496,75,1.8939909102875168,73,2.192685955797501,72,1.5743323150148185,73,2.082558494404955,71,1.3146822279226014,71,1.9789413338058057,70,2.8538812432711174,71,1.6792000805026166,72,1.2700661641893232,0.0,19,60,75,75,73,72,73,71,71,70,71,72,0.71,2.04,3.31,1.86,2.38,1.45,2.83,1.77,1.91,2.46,1.59,1.65,3.31,75,23.96,802,True,D4.3,D4.5Brentford,0.0,0,0.0
591,D,Todibo,4.3,4.3,West Ham,75,2.7,73,1.4418064335967742,74,1.8567874547650927,70,2.6800059349020793,68,3.1419070877332507,69,2.348328416045872,70,2.6352787454297104,67,2.165467549742529,71,1.4629213724164862,70,0.8775002993770211,69,2.151371303123922,68,2.6673725390781353,0.0,75,73,74,70,68,69,70,67,71,70,69,68,2.7,1.67,1.72,2.26,2.44,1.69,1.99,2.08,1.41,0.91,2.19,2.33,2.7,75,23.39,844,True,D4.3,D4.5West Ham,0.0,0,0.0
564,D,S.Bueno,4.3,4.3,Wolves,72,2.43,73,1.8013152764866966,72,2.271218675767409,70,1.9803266261013588,68,2.127232004844416,70,3.1296255822970953,69,2.663040558839872,70,1.9752459594398368,68,1.0762064497172978,69,1.824245445357048,70,1.595015405065477,68,1.2545131984350792,0.0,72,73,72,70,68,70,69,70,68,69,70,68,2.43,1.79,2.08,1.96,1.76,2.58,2.07,1.77,1.04,2.27,1.38,1.04,2.58,73,22.17,839,True,D4.3,D4.5Wolves,0.0,0,0.0
486,D,Dragusin,4.3,4.3,Spurs,82,3.67,47,1.2086342652806543,28,1.445084749632241,25,1.1706434305510172,29,0.3927056677569787,27,1.1319124319975626,28,0.46158263973319313,30,0.7830841361263856,28,2.5695939425390937,27,0.4460630579103505,24,0.703194669306231,25,1.3324061968598269,0.0,82,47,28,25,29,27,28,30,28,27,24,25,3.67,0.88,1.08,0.82,0.93,1.04,0.77,1.09,1.19,0.98,0.59,0.94,3.67,82,13.98,400,True,D4.3,D4.5Spurs,0.0,0,0.0
484,D,Davies,4.3,4.3,Spurs,52,2.47,22,0.04972606168434332,11,0.5102898422742798,13,0.6116217966300346,15,0.4328156565018523,16,0.6719329838444996,14,0.42360900964967385,16,0.7621605888343129,17,1.2399369202253299,18,-0.11147873320039277,13,0.709858233894895,12,0.5873223640640611,0.0,52,22,11,13,15,16,14,16,17,18,13,12,2.47,0.49,0.42,0.41,0.48,0.63,0.41,0.58,0.73,0.68,0.32,0.44,2.47,52,8.06,219,True,D4.3,D4.5Spurs,0.0,0,0.0
291,D,Faes,4.2,4.1,Leicester,92,1.49,88,1.889674288954575,86,1.7973274325042257,84,2.498453549936312,83,2.172760314205854,82,1.54732429570747,82,2.1651525511378256,79,0.9077466212436213,78,1.086165762786139,80,1.5756452618320782,80,3.1470283808429835,81,1.9415864988081044,0.1,92,88,86,84,83,82,82,79,78,80,80,81,1.49,1.88,1.91,2.58,1.97,1.44,2.62,0.75,1.2,1.36,2.45,2.21,2.62,92,21.86,995,True,D4.1,D4Leicester,0.0,0,0.0
338,D,Van den Berg,4.0,4.0,Brentford,82,2.63,68,2.541853907687222,61,3.0091281630996867,63,1.844063673813329,63,2.108466062676762,60,0.9542955771888729,62,2.2007331586818735,62,1.8436548680720213,62,1.9877153215179586,64,2.3997094695656913,60,0.8779310474598723,62,1.236280680860746,0.04,82,68,61,63,63,60,62,62,62,64,60,62,2.63,2.15,2.48,1.41,1.89,1.06,2.23,1.39,1.5,2.06,1.24,1.3,2.63,82,21.34,769,True,D4,D4Brentford,0.0,0,0.0
630,D,O'Shea,4.0,4.0,Ipswich,89,1.06,85,2.012878242016945,82,1.8161170273731793,81,2.3157435211645847,80,2.036667589482047,77,1.808907152244644,78,1.8962345133210599,77,0.9264870385092225,75,1.5852170095311986,75,1.8831825357870946,76,1.0811564827921394,75,1.2134925572435038,0.01,89,85,82,81,80,77,78,77,75,75,76,75,1.06,2.0,1.91,2.39,2.06,1.87,1.79,0.96,1.41,1.52,1.77,1.11,2.39,89,19.85,950,True,D4,D4Ipswich,0.0,0,0.0
475,D,Taylor,3.9,3.9,Southampton,32,0.96,36,0.6025806440176535,36,0.2589971013127539,40,0.9286300957005522,40,1.263291119125162,37,0.7442796767960318,40,0.7610916103442634,42,1.770732540291759,42,1.5225980888601576,40,1.559235541344254,39,0.6704329725231065,40,1.1794429195196994,0.0,32,36,36,40,40,37,40,42,42,40,39,40,0.96,0.75,0.78,0.93,0.82,0.88,0.94,1.38,1.11,1.31,0.78,1.09,1.38,42,11.73,464,False,D3.9,D4Southampton,0.0,0,0.0
351,F,Haaland,15.3,15.3,Man City,90,6.33,85,7.004772179199267,81,4.668499007131345,79,5.755679733983821,78,5.7798801515560205,79,7.182277180504319,79,5.190941741471385,77,7.180262505811469,77,7.004528549477864,77,7.997130797166462,78,6.367759230256016,77,5.385732258199339,0.38,90,85,81,79,78,79,79,77,77,77,78,77,6.33,6.97,4.76,6.45,5.41,6.48,5.22,7.01,6.44,7.11,5.75,6.58,7.11,90,74.51,957,True,F15.3,F15.5Man City,0.0,0,-0.0414
58,F,Watkins,9.0,9.0,Aston Villa,82,3.71,81,4.5605227945620195,81,3.85063709185607,79,5.317048444762658,79,5.475733330074079,79,3.2833654886862367,77,3.179486169272169,77,3.451887309713531,77,5.0454046940834685,76,5.182799055825499,77,3.599551209511556,79,3.161136882742502,0.02,82,81,81,79,79,79,77,77,77,76,77,79,3.71,4.88,3.96,5.19,5.64,4.04,3.73,3.9,4.75,5.51,4.25,3.18,5.64,82,52.74,944,True,F9,F9Aston Villa,0.0,0,-0.0414
401,F,Isak,8.3,8.3,Newcastle,90,4.61,82,5.543177717269554,79,4.2656681914578565,75,3.6786747986347366,77,3.5354372862207213,75,6.252693781284163,75,5.496633890424912,73,3.470231191851788,74,4.232305867142041,74,3.3084274691802897,73,4.505664169406352,74,6.116873460529528,0.03,90,82,79,75,77,75,75,73,74,74,73,74,4.61,5.44,4.16,4.03,4.33,5.6,4.7,4.32,3.89,3.75,5.08,4.81,5.6,90,54.72,921,True,F8.3,F8.5Newcastle,0.0,0,-0.0414
4,F,Havertz,8.1,8.1,Arsenal,89,3.97,84,4.799347419396922,82,4.269504424850201,81,3.970913245480703,78,3.6656434415013237,77,4.9937773884917736,77,3.6034961331992803,78,5.238118729154107,76,2.9164920576332367,77,3.725049153902051,77,3.10898275943725,77,4.772382226455396,0.04,89,84,82,81,78,77,77,78,76,77,77,77,3.97,4.82,4.39,4.4,3.83,4.61,3.67,5.24,3.86,3.75,4.08,4.07,5.24,89,50.69,953,True,F8.1,F8Arsenal,0.0,0,-0.0414
180,F,N.Jackson,7.9,7.9,Chelsea,82,3.82,66,3.4453667470809095,66,4.835973467052974,65,3.3333948842629537,66,4.413419209935212,66,3.7137648240831336,69,3.318415334357351,68,3.6521724480498916,68,4.074729468040404,70,3.9696592000697075,72,5.8589349015066805,72,3.6444844054141177,0.01,82,66,66,65,66,66,69,68,68,70,72,72,3.82,4.05,3.98,4.16,3.45,4.41,3.9,4.25,4.5,3.77,4.65,4.98,4.98,82,49.92,830,True,F7.9,F8Chelsea,0.0,0,-0.0414
82,F,Solanke,7.6,7.5,Spurs,82,6.12,81,3.1463176497417678,78,5.761931159018938,77,4.344654118426418,76,4.681948123899314,74,5.380691464289676,75,4.918518753162351,72,4.344914380733254,73,4.203944833595214,74,5.156453779418549,73,3.0657602823061954,72,4.365195258847908,0.75,82,81,78,77,76,74,75,72,73,74,73,72,6.12,3.39,4.93,4.36,4.44,4.65,4.17,3.79,5.12,4.61,3.08,4.2,6.12,82,52.86,907,True,F7.5,F7.5Spurs,0.0,0,-0.0414
207,F,Mateta,7.3,7.3,Crystal Palace,83,4.44,73,3.517618963118263,66,3.7591464674706696,63,2.659773877601152,61,3.398903541113827,63,2.7950003706236255,61,2.7184264148902884,62,2.4613925332467446,61,3.132380085135896,61,3.2455439792949785,59,2.377922231977,61,4.707782520758076,0.0,83,73,66,63,61,63,61,62,61,61,59,61,4.44,3.35,3.68,3.58,2.78,3.1,2.69,3.11,3.9,3.18,3.3,3.15,4.44,83,40.26,774,True,F7.3,F7.5Crystal Palace,0.0,0,-0.0414
316,F,Darwin,7.1,7.1,Liverpool,70,4.5,57,3.1344671417722267,42,2.004570092723407,38,3.34068783363622,38,1.5132759530403874,39,3.633973868244199,39,2.133349993117646,39,5.511500831043137,41,4.190803796877551,40,3.59670032664562,41,3.3774970066004517,43,3.168011885915084,0.03,70,57,42,38,38,39,39,39,41,40,41,43,4.5,3.91,2.35,2.3,2.5,2.72,2.28,3.19,2.7,2.85,2.45,2.83,4.5,70,34.58,527,True,F7.1,F7Liverpool,0.0,0,-0.0414
321,F,Gakpo,7.1,7.1,Liverpool,58,3.49,45,3.641720629297812,39,1.3438691055478214,37,1.3781479502240215,37,3.2137313953880717,37,2.2015166495596357,36,2.0671638922287228,39,3.3076658661530933,37,2.847193711703737,40,1.6993638757046445,36,2.6917058267522824,37,2.744804166517395,0.0,58,45,39,37,37,37,36,39,37,40,36,37,3.49,2.84,2.06,2.15,2.29,2.51,2.05,2.96,2.31,2.59,2.1,2.31,3.49,58,29.66,478,True,F7.1,F7Liverpool,0.0,0,-0.0414
375,F,Højlund,6.9,6.9,Man Utd,60,3.9,56,3.425478818749508,53,2.9180811387053476,54,1.9220842039694293,53,3.7027343407333935,52,2.6496460293753423,53,2.04348606044202,52,3.572528958437429,51,3.153792212625385,51,2.8885035021807615,54,3.021229887925293,53,2.7260645708357614,0.0,60,56,53,54,53,52,53,52,51,51,54,53,3.9,3.27,3.33,2.26,3.0,2.18,3.18,2.96,2.9,2.28,3.6,3.05,3.9,60,35.91,642,True,F6.9,F7Man Utd,0.0,0,-0.0414
389,F,Zirkzee,6.7,6.7,Man Utd,38,2.6,38,3.0891390981312727,40,3.050729765614891,39,1.920938114479704,40,2.877848177194825,40,2.1629417593513245,40,2.9508300890704535,39,2.908083329553158,41,2.1748674107051245,41,2.931592092134465,39,3.5408107720711475,40,1.8824106847816495,0.0,38,38,40,39,40,40,40,39,41,41,39,40,2.6,2.38,2.59,1.8,2.33,1.84,2.48,2.3,2.4,1.96,2.65,2.37,2.65,41,27.7,475,True,F6.7,F6.5Man Utd,0.0,0,-0.0414
541,F,Cunha,6.6,6.6,Wolves,81,4.68,79,3.282388624709292,75,5.154575954615771,73,3.9948848921809206,73,3.4453914208333374,71,4.830076509046041,73,3.068573422358938,74,4.532105054770113,70,2.692038918397251,70,4.174408945561383,71,4.075453309985639,71,2.6416345028929076,0.24,81,79,75,73,73,71,73,74,70,70,71,71,4.68,3.36,4.0,3.38,3.47,4.32,3.69,3.76,3.0,3.47,3.1,2.95,4.68,81,43.18,881,True,F6.6,F6.5Wolves,0.0,0,-0.0414
447,F,Wood,6.5,6.5,Nott'm Forest,83,4.2,82,3.110155365088523,80,4.638093165315084,78,3.2965184507234477,77,3.5765475020774264,73,4.435968055186393,75,3.6153848249158678,75,5.0680632718386045,76,4.014603289540559,75,4.138603011272266,75,2.6566149056216695,74,2.8281801746635624,0.23,83,82,80,78,77,73,75,75,76,75,75,74,4.2,3.08,4.85,2.94,3.43,3.73,3.7,3.76,3.65,3.71,3.38,4.42,4.85,83,44.85,923,True,F6.5,F6.5Nott'm Forest,0.0,0,-0.0414
110,F,Wissa,6.0,6.0,Brentford,73,3.84,64,3.585921160491843,56,2.1598793077901366,52,2.226363057515761,52,1.8777546742379445,51,2.4176783914333733,51,2.4285197124892193,51,2.6111552162186187,50,1.4966994932819557,51,1.3109567759456053,51,2.480009459514598,51,1.1590711045711741,0.02,73,64,56,52,52,51,51,51,50,51,51,51,3.84,3.14,3.4,2.36,2.73,2.22,2.7,2.46,2.13,2.71,2.21,2.34,3.84,73,32.24,653,True,F6,F6Brentford,0.0,0,-0.0414
148,F,Welbeck,5.9,5.9,Brighton,80,3.83,75,3.1511247188999496,72,4.344145590096619,71,2.402164638266823,71,3.5322031463775283,68,3.941188139867451,67,3.660115511005479,68,2.932723573688737,66,3.6867198295494816,68,2.8887725039656713,67,4.471147161093438,68,1.4412622092761167,0.01,80,75,72,71,71,68,67,68,66,68,67,68,3.83,3.49,4.65,3.4,3.98,3.79,3.53,4.04,3.11,2.98,3.85,3.29,4.65,80,43.94,841,True,F5.9,F6Brighton,0.0,0,-0.0414
220,F,Calvert-Lewin,5.9,5.9,Everton,76,3.92,72,4.255216823982028,68,3.245448122812408,67,4.464980573106003,65,3.1670489744202155,63,2.8382596975513312,65,4.519297066149656,62,2.392769376543501,64,3.559949695678792,64,3.8593369166543554,66,4.272202087762638,64,3.6604886464303332,0.57,76,72,68,67,65,63,65,62,64,64,66,64,3.92,4.15,3.18,4.07,3.06,2.49,3.35,2.47,3.47,3.17,3.49,3.41,4.15,76,40.23,796,True,F5.9,F6Everton,0.0,0,-0.0414
617,F,Evanilson,5.9,5.9,Bournemouth,63,3.39,62,5.175207822785283,60,3.4999956205769616,61,4.02817017712626,62,3.4776512523219396,61,3.468345336028264,57,2.1519792509058653,57,3.5398039435910875,56,3.6808852904736264,59,4.207677117329961,56,3.2035451595775966,55,1.9412113454635882,0.0,63,62,60,61,62,61,57,57,56,59,56,55,3.39,3.57,3.33,3.38,3.62,3.74,2.82,3.28,2.85,3.57,2.61,2.71,3.74,63,38.87,709,True,F5.9,F6Bournemouth,0.0,0,-0.0414
11,F,Nketiah,5.9,5.9,Crystal Palace,84,3.73,71,3.4156759756983406,66,2.529064548323031,64,3.8761207733081147,62,2.259791855287469,59,2.2804968824826126,59,1.4514960494083158,57,1.9847927428168972,58,3.320007368221211,58,3.286107601461519,58,2.897848387486719,58,2.7658408340452523,0.0,84,71,66,64,62,59,59,57,58,58,58,58,3.73,2.89,3.12,3.22,2.51,2.6,2.37,2.57,3.26,2.71,2.91,2.72,3.73,84,34.61,754,True,F5.9,F6Crystal Palace,0.0,0,-0.0414
107,F,Thiago,5.9,5.9,Brentford,0,0.0,24,1.1271759765646818,49,2.3291760935302963,57,2.592941380120353,59,3.5375220903106936,56,2.5796863245735713,57,3.148261828505767,55,3.0043717343400957,57,2.186473035684485,56,3.297339190617587,55,0.609975213612931,55,3.318733778326718,0.0,0,24,49,57,59,56,57,55,57,56,55,55,0.0,1.23,3.09,2.61,3.11,2.47,2.93,2.62,2.42,3.01,2.38,2.55,3.11,59,28.42,580,True,F5.9,F6Brentford,0.0,0,-0.0414
252,F,Raúl,5.8,5.7,Fulham,75,3.69,74,4.627681651191559,72,3.521526355432596,70,3.4845100169196566,68,2.6981270145814715,67,2.7179823080737813,67,4.140487181927981,67,2.8519775175910813,66,4.0623023879233715,66,5.105260676957772,66,4.380374200529481,64,3.8901564304492244,0.36,75,74,72,70,68,67,67,67,66,66,66,64,3.69,4.35,3.38,4.05,3.02,2.93,4.42,3.15,3.89,4.55,3.57,3.68,4.55,75,44.68,822,True,F5.7,F5.5Fulham,0.0,0,-0.0414
306,F,Vardy,5.7,5.7,Leicester,81,3.57,77,4.576453732083256,75,3.4770751845734287,73,4.171873020956376,72,4.101798712994393,70,3.262906733443498,69,4.325007896644738,66,2.7199250769219225,69,2.5525509803291544,69,3.020018957735793,74,3.4337582218566487,71,4.738330023596232,0.02,81,77,75,73,72,70,69,66,69,69,74,71,3.57,3.82,3.56,4.19,3.79,3.12,3.95,2.64,2.88,2.96,3.87,3.71,4.19,81,42.06,866,True,F5.7,F5.5Leicester,0.0,0,-0.0414
268,F,Delap,5.7,5.7,Ipswich,64,2.66,63,3.6824292644753305,61,3.0066880094384554,59,2.873604355559969,60,3.759152924262472,57,1.41972296892989,57,2.171860723683162,55,2.664372664739479,55,3.1554168970348444,55,1.9239328850979438,57,2.6279232504184016,55,2.579017759553477,0.02,64,63,61,59,60,57,57,55,55,55,57,55,2.66,3.07,2.61,2.92,3.12,2.71,2.77,1.99,2.56,2.38,2.84,2.21,3.12,64,31.84,698,True,F5.7,F5.5Ipswich,0.0,0,-0.0414
566,F,Strand Larsen,5.6,5.6,Wolves,75,4.24,71,2.7370453845137424,68,3.088421690891948,68,2.4986377409353104,66,3.6098176424156363,64,5.2853469981260135,65,4.090192556695763,64,3.8358911431626455,61,1.7260614823658513,63,2.5228398569082433,64,2.802868276409953,64,2.2323851006757587,0.02,75,71,68,68,66,64,65,64,61,63,64,64,4.24,3.11,3.54,3.12,3.09,3.85,3.25,3.19,2.61,3.07,2.75,2.55,4.24,75,38.37,793,True,F5.6,F5.5Wolves,0.0,0,-0.0414
129,F,João Pedro,5.4,5.4,Brighton,12,0.71,63,3.5652493168685537,63,5.852904460149526,63,4.455762644460498,59,2.784039331825985,61,2.5880291176451586,61,3.110471823197866,58,2.7638203090646662,59,3.8437196259516995,61,3.4671668870007837,58,5.381268164669695,57,4.0589743877801965,0.17,12,63,63,63,59,61,61,58,59,61,58,57,0.71,3.4,4.61,3.44,3.8,3.82,3.62,3.96,3.11,3.01,3.78,3.15,4.61,63,40.41,675,True,F5.4,F5.5Brighton,0.0,0,-0.0414
232,F,Ndiaye,5.4,5.4,Everton,82,3.21,76,3.2851894828848787,75,2.5276837756902144,72,3.275372273609568,71,2.534166728288671,70,2.644222418729015,72,3.027272802998923,72,2.143043003068532,72,2.7391639696576258,72,3.0009770864158734,71,2.929558111826917,71,2.2651178837254373,0.0,82,76,75,72,71,70,72,72,72,72,71,71,3.21,3.4,2.81,3.33,2.73,2.27,2.92,2.31,3.05,2.83,2.94,2.94,3.4,82,34.74,876,True,F5.4,F5.5Everton,0.0,0,-0.0414
65,F,Enes Ünal,5.4,5.4,Bournemouth,40,2.31,38,3.7996675727053026,39,0.8251115774199179,39,3.267576944215154,40,2.3363318360101015,40,1.2935744791775872,42,2.390752121032701,42,0.48131670518593833,41,1.187393836726344,39,1.88596569555384,41,1.0708613997810363,42,2.2177217429970546,0.0,40,38,39,39,40,40,42,42,41,39,41,42,2.31,2.43,2.33,2.39,2.54,2.64,2.25,2.55,2.25,2.62,2.08,2.19,2.64,42,28.58,483,True,F5.4,F5.5Bournemouth,0.0,0,-0.0414
512,F,Antonio,5.4,5.4,West Ham,71,3.51,46,2.6443513936099943,46,2.0381264973385043,45,2.578370179551659,43,1.9313228761945334,42,1.1560752688608984,40,1.4184982220844224,42,3.765615046699054,41,0.9989748736236891,41,2.0442137832163394,41,2.886052047149624,40,1.2211590633226383,0.0,71,46,46,45,43,42,40,42,41,41,41,40,3.51,1.95,1.9,2.23,2.34,1.95,2.04,2.07,1.8,1.55,2.05,2.07,3.51,71,25.46,538,True,F5.4,F5.5West Ham,0.0,0,-0.0414
453,F,Armstrong,5.1,5.1,Southampton,56,3.12,40,1.0801154548936764,40,3.036514618248966,40,3.049092993313692,38,2.6357436990550043,39,2.244529077901647,41,1.241055212983009,38,1.1622527884095266,38,1.1638566220224127,37,1.6830991513023759,38,1.5119775629572112,37,2.152180087910288,0.0,56,40,40,40,38,39,41,38,38,37,38,37,3.12,2.02,2.11,2.28,1.94,2.28,2.11,2.45,1.97,2.36,1.99,1.94,3.12,56,26.57,482,True,F5.1,F5Southampton,0.0,0,-0.0414
27,F,Archer,5.0,5.0,Southampton,54,2.84,54,2.847300120209538,53,3.6026179000059506,52,2.1203686168181486,51,3.209537610924194,48,3.9417685487430916,48,2.217835308680559,49,3.5088260536079754,48,2.096748546627453,47,4.207001992533382,48,2.5819345916179564,47,2.6919682804408533,0.01,54,54,53,52,51,48,48,49,48,47,48,47,2.84,2.5,2.53,2.6,2.39,2.58,2.28,2.87,2.27,2.73,2.26,2.19,2.87,54,30.04,599,True,F5,F5Southampton,0.0,0,-0.0414
473,F,Stewart,4.6,4.6,Southampton,8,0.47,24,0.7140966968299302,24,1.7644322097229357,23,2.6272723788239976,25,0.3086396053682078,24,0.6680653259377816,25,1.1748635822835631,27,1.4854903061160576,25,1.4258557591795318,27,2.8990476563011005,25,1.885676919733257,26,2.0027335525367067,0.05,8,24,24,23,25,24,25,27,25,27,25,26,0.47,1.27,1.32,1.34,1.33,1.42,1.37,1.7,1.39,1.65,1.35,1.35,1.7,27,15.96,283,False,F4.6,F4.5Southampton,0.0,0,-0.0414
539,F,Chiwome,4.5,4.5,Wolves,6,0.39,5,0.36322722796363655,5,0.33965732463808707,5,0.3846913562520617,6,0.4673791758280776,6,0.5853124262805006,6,0.3245142718614087,6,0.10781957806026908,8,0.7762895879297206,7,0.737163146589093,6,0.36890728023982117,6,0.43185371511017867,0.02,6,5,5,5,6,6,6,6,8,7,6,6,0.39,0.28,0.32,0.3,0.34,0.38,0.37,0.36,0.41,0.4,0.35,0.34,0.41,8,4.24,72,False,F4.5,F4.5Wolves,0.0,0,-0.0414
15,G,Raya,5.6,5.5,Arsenal,94,3.5,92,4.227620769423924,93,3.940412313014572,92,3.7703978586120757,92,3.839052128092944,92,4.205647663263564,91,3.9668909757166637,92,4.25209385686861,92,3.698844305370564,91,3.291086224672292,91,3.5249135385966976,91,4.063871986724732,0.25,94,92,93,92,92,92,91,92,92,91,91,91,3.5,4.11,3.94,3.77,3.78,4.24,3.89,4.34,3.77,3.59,3.61,3.83,4.34,94,46.37,1103,True,G5.5,G5.5Arsenal,0.0,0,-0.0176
347,G,Ederson M.,5.5,5.5,Man City,93,3.56,91,3.446079703607026,88,3.1411926876039495,89,4.099115851298079,86,3.683042755473991,86,3.790237016955854,86,3.257366866482516,86,3.84964005328044,85,3.9453781323805925,86,4.0920711222926665,86,2.8205034586821265,86,4.5688349567989865,0.05,93,91,88,89,86,86,86,86,85,86,86,86,3.56,3.52,3.14,4.05,3.58,3.51,3.29,3.91,3.73,3.83,3.53,3.78,4.05,93,43.43,1048,True,G5.5,G5.5Man City,0.0,0,-0.0176
310,G,A.Becker,5.4,5.4,Liverpool,0,0.0,36,1.93861205351739,81,2.7920820689025296,92,3.4864459951392024,91,3.7887367586263387,90,3.8901881324407697,91,3.2669019545197115,92,4.285378394379148,91,3.72254842414865,90,3.6854340433072665,90,3.4743024864322396,90,3.863340623948869,0.0,0,36,81,92,91,90,91,92,91,90,90,90,0.0,1.58,3.01,3.51,3.79,3.82,3.27,4.18,3.74,3.58,3.71,3.63,4.18,92,37.82,934,True,G5.4,G5.5Liverpool,0.0,0,-0.0176
508,G,Vicario,5.0,5.0,Spurs,94,3.98,93,3.078723026793303,93,3.8024888543947433,93,3.4306000814298674,92,3.25446630113441,92,3.5723266924222195,91,3.1217460511005175,91,3.6205444562250655,91,3.558073072185501,90,3.420371053037276,91,2.9671319305608526,91,3.5143513548493974,0.0,94,93,93,93,92,92,91,91,91,90,91,91,3.98,3.17,3.66,3.38,3.28,3.57,3.17,3.53,3.76,3.37,3.18,3.55,3.98,94,41.6,1102,True,G5,G5Spurs,0.0,0,-0.0176
47,G,Martinez,5.0,5.0,Aston Villa,94,3.15,93,3.8262370298325044,91,3.1293185307458464,91,3.567749859542746,91,3.7706137127070547,91,3.5593781660383557,90,3.0724458677885758,91,3.397612558418261,91,3.3330561575252724,90,3.7720058205942313,90,3.7732310238249576,90,3.334802643470909,0.01,94,93,91,91,91,91,90,91,91,90,90,90,3.15,3.81,3.13,3.6,3.77,3.51,3.11,3.29,3.38,3.79,3.51,3.04,3.81,94,41.09,1093,True,G5,G5Aston Villa,0.0,0,-0.0176
383,G,Onana,5.0,5.0,Man Utd,94,3.85,94,3.968356265681642,92,3.7385889221684963,92,2.883137235079786,92,3.6188190318781515,92,3.0236448539987735,90,3.4087659488721997,91,3.3105497818190277,91,3.317982712073375,91,2.815318756970054,90,3.400313114939594,91,3.577668491192891,0.0,94,94,92,92,92,92,90,91,91,91,90,91,3.85,3.62,3.69,3.03,3.65,3.02,3.38,3.4,3.29,2.97,3.67,3.31,3.85,94,40.88,1100,True,G5,G5Man Utd,0.0,0,-0.0176
413,G,Pope,5.0,5.0,Newcastle,93,3.5,93,3.710759309542389,92,3.45669173969994,92,2.959191927128296,91,3.330826748090881,91,3.8519285416382307,91,3.5535204469415054,90,3.2301314221155213,90,2.983456169671519,91,3.045893118379199,90,3.747241596336685,90,3.155814029803042,0.0,93,93,92,92,91,91,91,90,90,91,90,90,3.5,3.76,3.39,3.11,3.33,3.8,3.55,3.29,3.1,3.05,3.61,3.39,3.8,93,40.88,1094,True,G5,G5Newcastle,0.0,0,-0.0176
248,G,Leno,5.0,5.0,Fulham,94,3.54,93,3.761497620089289,93,3.342064621669299,92,3.373932212123441,92,3.192832867614786,91,3.0019344337178495,92,3.693254686473117,90,3.1773192976917684,90,3.2252580703505283,90,3.9363648774592273,89,3.426337483879916,90,3.748654770920845,0.0,94,93,93,92,92,91,92,90,90,90,89,90,3.54,3.77,3.12,3.38,3.23,3.0,3.74,3.12,3.36,3.69,3.33,3.55,3.77,94,40.83,1096,True,G5,G5Fulham,0.0,0,-0.0176
235,G,Pickford,4.9,4.9,Everton,94,3.41,92,3.681178356850235,92,3.0451602283705532,92,3.6374573316985725,92,3.024139671066406,91,2.9821904902062193,91,3.05775270895576,91,3.080234057674572,90,3.5897122011726266,91,3.129728704844022,91,3.3681888267947784,91,3.03224160229791,0.0,94,92,92,92,92,91,91,91,90,91,91,91,3.41,3.4,3.12,3.59,2.99,2.97,3.08,2.95,3.46,3.13,3.2,3.02,3.59,94,38.32,1098,True,G4.9,G5Everton,0.0,0,-0.0176
185,G,Sánchez,4.7,4.7,Chelsea,92,3.34,92,3.7439329208014684,90,3.29802384730228,89,3.4519193498915013,87,2.921182628769786,88,3.554390250501861,88,3.90024675434902,87,3.623957217688124,86,3.422953542243358,85,3.312364178883714,87,3.2104861126054356,87,3.9842161744550335,0.02,92,92,90,89,87,88,88,87,86,85,87,87,3.34,3.61,3.36,3.48,2.96,3.52,3.44,3.43,3.43,3.19,3.38,3.56,3.61,92,40.7,1058,True,G4.7,G4.5Chelsea,0.0,0,-0.0176
443,G,Sels,4.6,4.6,Nott'm Forest,94,3.45,92,3.1071557431244976,92,3.728347878424345,91,2.9430899715558114,91,3.1479544881854897,91,3.348711720978571,91,3.3314043135823606,90,3.15818459759193,90,3.636853074555052,90,3.490357122188876,91,2.8042251482368323,91,4.000963842455795,0.02,94,92,92,91,91,91,91,90,90,90,91,91,3.45,3.04,3.84,2.98,3.15,3.33,3.33,3.17,3.44,3.38,3.02,3.69,3.84,94,39.82,1094,True,G4.6,G4.5Nott'm Forest,0.0,0,-0.0176
91,G,Flekken,4.5,4.5,Brentford,94,3.46,92,3.678306730484133,92,3.721441340156264,91,3.115759545583123,92,3.227029339197276,91,3.0641428013072223,91,3.7389509769451825,92,3.167336108145909,92,3.1836972077440815,92,3.5018907946507767,91,2.937486869794217,90,3.261176743696468,0.57,94,92,92,91,92,91,91,92,92,92,91,90,3.46,3.45,3.69,3.16,3.25,3.08,3.58,3.14,3.18,3.41,2.96,2.96,3.69,94,39.32,1100,True,G4.5,G4.5Brentford,0.0,0,-0.0176
146,G,Verbruggen,4.5,4.5,Brighton,92,3.17,91,3.374066356203555,89,3.5828260824283356,88,3.09487937948541,88,3.4001854467157755,87,3.454185750258485,88,3.1704236399080368,86,3.383700612382965,85,2.717796949084408,84,2.7371069944784447,86,3.247649963198464,86,2.8886038306351782,0.05,92,91,89,88,88,87,88,86,85,84,86,86,3.17,3.25,3.58,3.12,3.47,3.44,3.26,3.3,2.93,2.99,3.35,2.98,3.58,92,38.84,1050,True,G4.5,G4.5Brighton,0.0,0,-0.0176
293,G,Hermansen,4.5,4.5,Leicester,94,3.06,94,3.282134494956286,93,2.9191207427452306,91,3.4445743836011324,91,3.1425005383460562,92,3.087699794170026,91,3.455798357061571,91,3.0313783271447634,91,3.0504035591749235,92,3.076118654521326,91,3.1778464772632704,91,2.966536736880767,0.0,94,94,93,91,91,92,91,91,91,92,91,91,3.06,3.2,3.21,3.37,3.15,3.09,3.43,2.97,2.96,3.04,3.35,3.24,3.43,94,38.07,1102,True,G4.5,G4.5Leicester,0.0,0,-0.0176
152,G,Arrizabalaga,4.5,4.5,Bournemouth,38,1.37,93,3.7728219634526496,92,3.4485562783470485,92,3.140577682067765,91,3.4419779338731606,92,3.550050204277781,92,3.1249766784676125,91,3.6741245068599078,90,3.3244973149393187,90,3.5256387469775845,0,0.0,90,3.0903212120167485,0.0,38,93,92,92,91,92,92,91,90,90,0,90,1.37,3.43,3.45,3.13,3.44,3.55,3.14,3.58,3.23,3.59,0.0,3.14,3.59,93,35.05,951,True,G4.5,G4.5Bournemouth,0.0,0,-0.0176
201,G,Henderson,4.4,4.4,Crystal Palace,94,3.47,92,2.9836290794375016,93,3.26006972699587,91,3.4815083436273375,91,2.9521901219207325,90,3.1003456209912983,90,2.9835332821052987,90,3.326346567816129,90,3.708510316279425,90,3.0071672684843405,91,3.707877481731688,90,3.437416445794244,0.09,94,92,93,91,91,90,90,90,90,90,91,90,3.47,3.13,3.33,3.42,2.95,3.13,3.07,3.17,3.64,3.09,3.48,3.31,3.64,94,39.19,1092,True,G4.4,G4.5Crystal Palace,0.0,0,-0.0176
14,G,Ramsdale,4.4,4.4,Southampton,93,3.29,92,2.8857921666852144,92,3.070472287260814,92,2.990514324904043,92,3.027129105447034,92,3.0341557726665314,91,2.972927649574455,90,3.171717796007296,90,3.3441493372610984,90,3.290159037679442,90,3.0711777331636703,89,2.8309050377177747,0.01,93,92,92,92,92,92,91,90,90,90,90,89,3.29,2.98,3.05,3.04,3.01,3.03,3.09,3.29,3.13,3.19,2.97,3.09,3.29,93,37.16,1093,True,G4.4,G4.5Southampton,0.0,0,-0.0176
568,G,Muric,4.4,4.4,Ipswich,94,3.01,92,3.0480136351844216,92,3.1706997696374764,91,3.2562614160345817,92,3.0951919148342704,91,3.1910494115050847,91,3.036273781216184,91,2.9242560824403387,90,2.8247280343005303,90,3.0107538328173575,90,3.3344468958204425,89,2.704451023939627,0.03,94,92,92,91,92,91,91,91,90,90,90,89,3.01,3.1,3.12,3.26,3.15,3.16,3.04,2.93,2.9,2.95,3.03,2.77,3.26,94,36.42,1093,True,G4.4,G4.5Ipswich,0.0,0,-0.0176
204,G,Johnstone,4.4,4.4,Wolves,38,1.44,90,3.203381282023888,90,3.194213545862801,88,3.156104003497606,87,2.935980312604928,87,3.377037925188099,84,3.105612126144295,84,2.711717895471704,85,2.759928677323521,84,3.404987954628863,85,2.9243894585648444,85,3.344658448661864,0.0,38,90,90,88,87,87,84,84,85,84,85,85,1.44,3.18,3.21,3.23,3.07,3.4,3.11,2.84,2.71,3.17,2.82,2.76,3.4,90,34.94,987,True,G4.4,G4.5Wolves,0.0,0,-0.0176
325,G,Kelleher,4.4,4.4,Liverpool,93,3.7,58,2.3742329393189117,14,0.3458820219896617,3,0.12224583935795093,4,0.06543091456134167,4,0.21714304928332934,3,0.10278611708065513,3,0.08990978564986811,4,-0.20345800711554554,4,0.14687519797037965,4,0.22293790800434385,5,0.3036581322920548,0.03,93,58,14,3,4,4,3,3,4,4,4,5,3.7,2.46,0.5,0.12,0.16,0.19,0.12,0.14,0.16,0.18,0.17,0.18,3.7,93,8.08,199,True,G4.4,G4.5Liverpool,0.0,0,-0.0176
84,G,Travers,4.4,4.4,Bournemouth,56,2.02,2,-0.0010302012245877634,3,-0.022934614583068225,3,-0.008308321318054635,3,0.35344259729211,3,0.054702270625544544,3,-0.03178744172649688,4,0.0467764209381717,4,0.009362250840681324,5,-0.10434577361050851,89,3.0907802759323744,5,-0.017974103096297857,0.0,56,2,3,3,3,3,3,4,4,5,89,5,2.02,0.08,0.1,0.1,0.14,0.12,0.1,0.17,0.16,0.18,3.01,0.17,3.01,89,6.35,180,True,G4.4,G4.5Bournemouth,0.0,0,-0.0176
521,G,Fabianski,4.0,4.0,West Ham,75,2.86,71,2.399251342021382,67,3.0260215806342825,61,2.3706279523423843,61,2.6954783926250427,57,1.2770933403303897,58,1.3284467358738876,57,2.5399222131549304,57,1.7370047516193143,55,0.6924705040072762,58,1.4119613255402628,55,2.179971227078838,0.37,75,71,67,61,61,57,58,57,57,55,58,55,2.86,2.43,2.23,2.29,2.32,1.96,2.02,2.08,1.89,1.78,2.1,2.08,2.86,75,26.04,732,True,G4,G4West Ham,0.0,0,-0.0176
536,G,Bentley,4.0,4.0,Wolves,1,0.05,0,0.0,0,0.0,0,0.0,0,0.0,0,0.0,0,0.0,0,0.0,0,0.0,0,0.0,0,0.0,0,0.0,0.02,1,0,0,0,0,0,0,0,0,0,0,0,0.05,0.0,0.0,0.0,0.0,0.0,0.0,0.0,0.0,0.0,0.0,0.0,0.05,1,0.05,1,False,G4,G4Wolves,0.0,0,-0.0176
328,M,M.Salah,12.8,12.6,Liverpool,90,7.07,86,6.81533174754192,84,5.309435612385099,83,5.351491545601868,81,5.96784646968462,82,6.296827297316548,81,5.3976336554992725,80,8.199166486113883,80,6.509177765251434,79,6.554985080129037,80,5.384917037128239,78,7.179652528366811,0.69,90,86,84,83,81,82,81,80,80,79,80,78,7.07,6.84,5.26,5.59,5.96,6.82,5.25,7.9,6.05,6.53,5.37,5.67,7.9,90,74.31,984,True,M12.6,M12.5Liverpool,0.0,0,-0.0553
182,M,Palmer,11.0,11.0,Chelsea,63,3.81,85,6.347620385946237,82,6.373402209078649,78,6.932539844068185,79,4.7273024177329575,76,7.240222144341938,76,4.64722961252377,75,6.105799130925626,75,5.709998437507327,76,5.241307231989047,79,6.162363242891381,79,4.71715014394561,0.7,63,85,82,78,79,76,76,75,75,76,79,79,3.81,6.35,6.25,6.12,4.75,6.52,5.25,5.96,5.96,4.9,6.5,6.91,6.91,85,69.28,923,True,M11,M11Chelsea,0.0,0,-0.0553
17,M,Saka,10.1,10.0,Arsenal,88,4.98,81,6.255706841807782,81,5.427331977762846,79,5.567545073391441,79,4.280768749079095,77,5.3618136739715725,77,4.782653586746118,73,7.330777655937859,76,4.369087951232967,76,4.6122437242570635,77,5.496625019623644,77,4.8057988281177275,0.2,88,81,81,79,79,77,77,73,76,76,77,77,4.98,5.82,5.26,5.47,4.68,5.79,4.61,6.29,4.83,4.58,5.25,5.21,6.29,88,62.77,941,True,M10,M10Arsenal,0.0,0,-0.0553
503,M,Son,9.9,9.9,Spurs,70,6.0,86,3.8634600141847555,84,5.924061086599735,82,5.1194954031385524,83,5.49209183049118,82,6.074474969432872,81,4.448737982005828,81,4.851190967875402,80,6.717885316191117,80,4.532571365057821,81,3.851891741491,81,5.6171072218150515,0.22,70,86,84,82,83,82,81,81,80,80,81,81,6.0,3.87,5.93,5.03,5.34,5.75,4.76,4.69,6.3,5.48,3.71,5.17,6.3,86,62.03,971,True,M9.9,M10Spurs,0.0,0,-0.0553
345,M,De Bruyne,9.4,9.4,Man City,0,0.0,31,2.2981969883431628,68,3.3430669754297155,71,4.081763657639524,68,4.210583042872694,66,4.650080239741523,67,3.988437215419755,65,4.440913393636278,67,3.530014695880478,66,5.247080907594097,64,4.580603456802734,65,6.642035759809208,0.0,0,31,68,71,68,66,67,65,67,66,64,65,0.0,2.12,3.41,4.89,4.18,4.55,3.89,4.85,4.69,5.08,4.18,4.71,5.08,71,46.55,698,True,M9.4,M9.5Man City,0.0,0,-0.0553
348,M,Foden,9.3,9.3,Man City,81,5.16,73,4.62914370797123,71,5.018812091611735,69,4.21938706182805,69,4.657040433425475,66,5.289287031349567,67,4.627949371456741,66,5.05391616365328,66,5.598200467665349,68,6.9435545836754535,66,2.9862271435422603,64,4.071598058313844,0.16,81,73,71,69,69,66,67,66,66,68,66,64,5.16,5.04,3.57,4.69,4.18,4.55,3.88,5.0,4.59,5.11,4.27,4.69,5.16,81,54.73,826,True,M9.3,M9.5Man City,0.0,0,-0.0553
366,M,B.Fernandes,8.2,8.2,Man Utd,87,6.22,81,5.138117694560516,79,5.667356495899343,79,3.5795032834253515,78,4.833575356708285,78,2.86898331669307,77,5.001619274527877,75,4.930430482848157,74,5.68332422743772,75,3.7976619079706504,75,5.827556034017181,79,4.58031357576576,0.4,87,81,79,79,78,78,77,75,74,75,75,79,6.22,4.79,5.17,3.22,4.86,3.21,5.05,4.33,4.53,3.33,5.42,4.84,6.22,87,54.97,937,True,M8.2,M8Man Utd,0.0,0,-0.0553
13,M,Ødegaard,8.2,8.2,Arsenal,38,1.78,82,4.995632338300062,83,4.542253705132517,81,4.8038266177719295,82,4.040206516645656,80,5.0598252046156675,78,4.461584145852361,77,6.237055702336813,78,4.061133083961642,78,4.707572745366833,77,4.853558385642369,77,3.5251635606833314,0.0,38,82,83,81,82,80,78,77,78,78,77,77,1.78,4.96,4.44,4.64,4.06,5.0,4.04,5.38,4.2,3.95,4.13,4.33,5.38,83,50.91,911,True,M8.2,M8Arsenal,0.0,0,-0.0553
327,M,Luis Díaz,7.8,7.8,Liverpool,65,3.95,61,2.427497137563165,55,2.975464141473121,53,4.401861523330896,53,2.6236198803585347,55,2.4767449806708353,54,3.4255504758194464,51,4.176747991790588,54,3.50230835372865,50,2.9438310726853802,55,1.9818461119845074,53,2.841574731998085,0.01,65,61,55,53,53,55,54,51,54,50,55,53,3.95,3.86,2.79,2.94,3.24,3.53,2.89,3.89,3.25,3.21,3.08,3.2,3.95,65,39.83,659,True,M7.8,M8Liverpool,0.0,0,-0.0553
494,M,Maddison,7.6,7.6,Spurs,69,4.95,69,2.8013924891889705,68,4.876279561233529,66,3.40461441227861,63,3.5282325859055303,64,2.984501620130266,63,3.3834360327146573,62,2.864093456006634,61,2.2315407246565346,62,3.790535128744378,62,3.275250944051933,64,4.100786950604085,0.02,69,69,68,66,63,64,63,62,61,62,62,64,4.95,2.76,4.09,3.54,3.52,3.83,3.21,3.19,4.08,3.66,2.53,3.55,4.95,69,42.91,773,True,M7.6,M7.5Spurs,0.0,0,-0.0553
99,M,Mbeumo,7.8,7.5,Brentford,88,5.63,83,4.733259738819782,78,5.759884662552379,77,3.7892771079764294,76,4.10100079857904,76,4.0229141572178895,75,5.401623723606623,75,2.932793716139488,75,3.7742341946131948,74,5.395815199310112,74,3.530801553011017,73,3.990224400545192,1.0,88,83,78,77,76,76,75,75,75,74,74,73,5.63,4.72,5.75,3.89,4.59,3.74,4.58,3.96,3.59,4.53,3.57,3.79,5.75,88,52.34,924,True,M7.5,M7.5Brentford,0.0,0,-0.0553
514,M,Bowen,7.5,7.5,West Ham,91,5.26,86,3.8451098486837587,83,3.497451005825722,79,4.233930766306734,79,4.664939113514398,78,3.929737675813221,80,4.92603994408453,79,4.313225102312593,79,3.5329291365547366,79,3.026931454923481,78,3.9274926405227566,79,3.8947893561997615,0.04,91,86,83,79,79,78,80,79,79,79,78,79,5.26,3.94,3.51,4.41,4.9,3.76,4.38,4.39,3.58,2.84,4.35,4.38,5.26,91,49.7,970,True,M7.5,M7.5West Ham,0.0,0,-0.0553
317,M,Diogo J.,7.3,7.3,Liverpool,0,0.0,24,0.8888446161554246,49,2.546797939825613,55,3.0421009016428515,56,5.079450866037294,53,3.3647898135830636,53,4.8763625185953465,53,5.241543317310072,52,4.995634446226556,51,0.9378938680398508,51,2.3251604428083947,51,3.2387126788108462,0.0,0,24,49,55,56,53,53,53,52,51,51,51,0.0,1.73,2.65,3.35,3.62,3.77,3.12,4.45,3.43,3.51,3.0,3.3,4.45,56,35.93,548,True,M7.3,M7.5Liverpool,0.0,0,-0.0553
398,M,Gordon,7.2,7.2,Newcastle,86,3.92,82,4.606473003312388,81,3.759338059557609,79,3.5718632565959214,78,3.4224671421850856,78,4.749421419703946,77,4.520198773269504,76,2.945588652398637,77,3.402325985896766,77,3.1598618799144456,77,4.093162584378119,76,3.7773740767581647,0.0,86,82,81,79,78,78,77,76,77,77,77,76,3.92,4.73,3.71,3.48,3.8,4.85,4.19,3.79,3.38,3.25,4.5,4.12,4.85,86,47.72,944,True,M7.2,M7Newcastle,0.0,0,-0.0553
9,M,Martinelli,7.0,7.0,Arsenal,68,3.41,62,3.1569702358468716,60,4.451936322848786,59,2.9144385218291005,57,2.7231354725262316,58,4.2886358550629655,57,3.9360118554191894,59,4.4707406591542505,58,4.218086050236403,56,3.6425814931172296,55,4.395828261618106,55,0.8977306609627779,0.0,68,62,60,59,57,58,57,59,58,56,55,55,3.41,3.96,3.49,3.64,3.15,3.86,3.18,4.32,3.36,3.07,3.27,3.31,4.32,68,42.02,704,True,M7,M7Arsenal,0.0,0,-0.0553
385,M,Rashford,6.9,6.9,Man Utd,73,5.42,70,4.583159786155563,69,4.974006373936008,67,2.8103181815358163,66,3.2970501202155083,65,2.702918164463506,65,4.374016268769056,67,3.8424508461666833,64,4.211671368548742,64,3.0478778805838873,63,7.342107618965028,62,4.036241578720035,0.03,73,70,69,67,66,65,65,67,64,64,63,62,5.42,4.42,4.72,2.86,4.12,2.79,4.32,4.08,4.04,2.98,4.76,3.98,5.42,73,48.49,795,True,M6.9,M7Man Utd,0.0,0,-0.0553
23,M,Trossard,6.9,6.9,Arsenal,55,2.76,41,4.701170852139478,39,2.6882889272326085,42,3.200114246412269,43,1.6049515028178887,43,3.4023681917345967,41,4.184716849289925,41,3.7847057884870394,41,1.8826217309842872,41,3.0568076734319543,42,2.810221667543464,40,3.0889139653136835,0.0,55,41,39,42,43,43,41,41,41,41,42,40,2.76,2.75,2.45,2.73,2.49,2.94,2.34,3.15,2.49,2.4,2.64,2.57,3.15,55,31.71,509,True,M6.9,M7Arsenal,0.0,0,-0.0553
491,M,Johnson,6.7,6.7,Spurs,80,5.64,77,3.02255993629624,76,3.7488460027079666,74,3.7051800688567966,73,4.2454428876220165,72,4.479232561791362,71,4.004722449300966,70,3.8831685121270025,69,5.4337670605711725,68,4.86799066907215,69,2.889858866825684,68,2.495065414469293,0.17,80,77,76,74,73,72,71,70,69,68,69,68,5.64,3.05,4.5,3.94,3.96,4.31,3.55,3.57,4.6,3.96,2.78,3.69,5.64,80,47.55,867,True,M6.7,M6.5Spurs,0.0,0,-0.0553
199,M,Eze,6.7,6.7,Crystal Palace,0,0.0,24,1.1393782645825405,61,2.9526620315667147,83,4.858041923983036,81,3.2035801860311817,81,3.8511408657777264,81,3.450169187067692,79,3.938398931718299,79,5.452168321978827,80,4.405190465807642,79,3.638410888833817,78,4.84734007978745,0.06,0,24,61,83,81,81,81,79,79,80,79,78,0.0,1.19,3.56,4.97,3.65,4.01,3.67,4.05,5.38,4.3,4.63,4.2,5.38,83,43.61,806,True,M6.7,M6.5Crystal Palace,0.0,0,-0.0553
136,M,Mitoma,6.5,6.5,Brighton,80,3.27,71,2.935595105691116,69,4.190126417736253,67,2.9941017915037293,68,3.6474696848173815,65,3.695712908604103,66,2.494952464164554,65,3.942327124862936,66,1.5827733360978624,66,2.7692337652095294,67,3.7572852560043346,65,1.257897542517809,0.0,80,71,69,67,68,65,66,65,66,66,67,65,3.27,3.13,4.0,3.02,3.44,3.38,3.18,3.53,2.81,2.67,3.55,2.79,4.0,80,38.77,815,True,M6.5,M6.5Brighton,0.0,0,-0.0553
625,M,Gündogan,6.5,6.5,Man City,73,3.42,63,2.560971686452758,57,2.2632759764521255,56,2.813836238056282,57,2.704979413647729,56,2.6718787431851956,53,1.7511381481741262,54,1.9077938485198873,53,2.5251227513988277,53,4.921092460568396,54,2.346440163786226,55,3.6589249753985853,0.0,73,63,57,56,57,56,53,54,53,53,54,55,3.42,3.24,2.28,2.92,2.67,2.94,2.42,3.09,2.86,3.07,2.69,3.04,3.42,73,34.64,684,True,M6.5,M6.5Man City,0.0,0,-0.0553
342,M,Bernardo,6.5,6.5,Man City,73,3.39,61,3.123296372074147,56,2.8480370529034746,54,1.913320084647404,55,2.319139249395223,56,3.7487466051044405,54,1.7381613757829422,51,2.3015486423842164,54,4.122142356298039,52,2.2862788131821956,54,3.2193187289324423,53,2.8527715733382255,0.0,73,61,56,54,55,56,54,51,54,52,54,53,3.39,3.08,2.23,2.81,2.61,2.91,2.47,2.88,2.88,3.0,2.63,2.89,3.39,73,33.78,673,True,M6.5,M6.5Man City,0.0,0,-0.0553
571,M,Sávio,6.5,6.5,Man City,55,3.06,55,2.3449040129028855,45,0.9988609490174548,47,3.591587897185445,44,3.171749507197257,43,1.7091833204576932,43,3.0899956783069062,45,1.5309455257307456,44,3.5847903238930883,43,1.5017076577797581,42,2.363322837928651,42,2.864920812614123,0.0,55,55,45,47,44,43,43,45,44,43,42,42,3.06,3.31,2.15,2.89,2.52,2.68,2.31,2.98,2.79,2.94,2.53,2.75,3.31,55,32.91,548,True,M6.5,M6.5Man City,0.0,0,-0.0553
177,M,Madueke,6.4,6.4,Chelsea,78,3.52,69,3.8440602529441183,68,4.454119620414272,68,4.404483585019338,67,3.8054346746487573,67,4.570821909956457,64,2.7243578087067397,64,4.4963998588221274,64,0.8182414303494238,62,2.1653978172865487,63,3.340210841551612,63,5.222114113237089,0.0,78,69,68,68,67,67,64,64,64,62,63,63,3.52,3.85,3.8,3.99,3.23,4.1,3.46,3.7,3.85,3.18,3.78,4.04,4.1,78,44.5,797,True,M6.4,M6.5Chelsea,0.0,0,-0.0553
336,M,Szoboszlai,6.4,6.4,Liverpool,67,3.66,64,3.8155890466775535,63,2.46023829099968,61,2.4060565525164277,59,1.873047759831688,58,3.4077090134135806,55,1.158455826962431,57,3.219159019390606,56,2.8650025258095777,55,3.61954923655344,57,3.0080341749042954,58,2.329698537483293,0.0,67,64,63,61,59,58,55,57,56,55,57,58,3.66,3.61,2.85,3.0,3.15,3.33,2.63,3.81,3.05,3.18,2.79,3.08,3.81,67,38.14,710,True,M6.4,M6.5Liverpool,0.0,0,-0.0553
392,M,Barnes,6.4,6.4,Newcastle,60,2.99,53,2.878451647053107,52,2.554065066832097,50,1.7190172581636884,51,4.433346378404829,50,3.087122789487924,49,1.9615699173462178,50,3.768104859261649,49,1.5946655779785794,48,1.226718158041114,49,3.4961119936586456,50,1.9966857395310198,0.0,60,53,52,50,51,50,49,50,49,48,49,50,2.99,3.25,2.63,2.53,2.76,3.26,2.92,2.73,2.45,2.3,3.15,2.93,3.26,60,33.9,611,True,M6.4,M6.5Newcastle,0.0,0,-0.0553
349,M,Grealish,6.4,6.4,Man City,0,0.0,18,1.6033723789936298,38,1.6494671678151456,41,1.9033284994001012,40,2.610036585958127,40,1.8924651307654556,40,0.7644587795209496,41,2.867232726685377,41,0.672444645071173,39,3.2081095847050682,41,2.4932218552830716,43,2.1194416798010276,0.0,0,18,38,41,40,40,40,41,41,39,41,43,0.0,1.1,1.82,2.43,2.2,2.44,2.13,2.68,2.51,2.58,2.38,2.69,2.69,43,24.96,422,True,M6.4,M6.5Man City,0.0,0,-0.0553
433,M,Gibbs-White,6.3,6.3,Nott'm Forest,81,3.77,78,2.7191852045057976,76,4.072296951760372,73,2.5918836155158598,74,3.0208295092885877,70,2.6922677631222935,71,2.280837336280728,69,3.8914558686168697,69,3.5967117979603405,70,3.915008350320805,71,3.8271158690140497,69,3.1080558853231413,0.0,81,78,76,73,74,70,71,69,69,70,71,69,3.77,2.7,4.26,2.47,3.0,3.27,3.14,3.19,3.12,3.23,2.92,3.9,4.26,81,38.97,871,True,M6.3,M6.5Nott'm Forest,0.0,0,-0.0553
492,M,Kulusevski,6.3,6.3,Spurs,82,4.59,79,2.6481291478884224,75,3.6170015798307427,72,3.5510941158456064,71,2.719202174545437,69,3.012152316790727,69,3.81710638231172,69,2.6537438115511467,67,3.311109000986137,66,3.754313265169078,69,2.2762329807323094,70,2.460316232253425,0.0,82,79,75,72,71,69,69,69,67,66,69,70,4.59,2.62,3.65,3.13,3.25,3.33,2.83,2.9,3.55,3.15,2.39,3.14,4.59,82,38.53,858,True,M6.3,M6.5Spurs,0.0,0,-0.0553
16,M,Rice,6.3,6.3,Arsenal,85,2.75,83,3.2209306507600086,81,2.7989974683967254,79,3.2005392569441526,77,2.700269486654753,77,3.3387887275669326,76,2.9243260601668073,75,3.014122749190756,75,2.7061379163495385,74,2.42977449484498,77,2.5923230857781374,77,2.770297039107853,0.0,85,83,81,79,77,77,76,75,75,74,77,77,2.75,3.22,2.91,2.95,2.61,3.11,2.67,3.28,2.66,2.49,2.79,2.85,3.28,85,34.29,936,True,M6.3,M6.5Arsenal,0.0,0,-0.0553
386,M,Sancho,6.3,6.3,Chelsea,19,0.94,44,1.9825524950906734,45,2.0736974418764254,45,2.215759817691307,43,3.928549014150552,44,3.7107720371410764,45,2.887869233998275,44,1.7157151113715092,44,2.944175577102846,44,1.4787909735349387,44,3.3306858864625903,44,3.97489034585652,0.0,19,44,45,45,43,44,45,44,44,44,44,44,0.94,2.5,2.5,2.63,2.12,2.76,2.45,2.61,2.7,2.31,2.62,2.81,2.81,45,28.95,505,True,M6.3,M6.5Chelsea,0.0,0,-0.0553
346,M,Doku,6.3,6.3,Man City,36,1.99,51,2.3024147624057996,41,2.764347664730905,38,2.257313953731363,38,2.8263603378369946,40,2.299701907276659,38,3.4579966670177713,36,0.565822089803162,38,2.7347463615646594,38,1.769514235265075,38,3.0794227598548902,38,2.500106662632313,0.0,36,51,41,38,38,40,38,36,38,38,38,38,1.99,3.04,1.96,2.33,2.17,2.47,2.02,2.44,2.38,2.55,2.25,2.52,3.04,51,28.12,470,True,M6.3,M6.5Man City,0.0,0,-0.0553
28,M,Bailey,6.3,6.3,Aston Villa,43,1.94,40,1.6884255797821117,37,2.2719169789231244,39,3.562238699122795,39,0.6840973137106463,40,2.178643024139019,39,1.9302860622918396,41,0.8689772236420678,40,1.998014863521081,40,2.6153879074166184,38,1.8892972744520335,38,0.7420329324486873,0.0,43,40,37,39,39,40,39,41,40,40,38,38,1.94,2.47,1.87,2.58,2.76,2.12,1.93,2.13,2.43,2.82,2.14,1.66,2.82,43,26.85,474,True,M6.3,M6.5Aston Villa,0.0,0,-0.0553
372,M,Garnacho,6.3,6.2,Man Utd,78,4.95,74,3.683202299755158,74,3.7632879204915466,72,3.315568632989456,71,3.9537495233730695,70,2.6563275559084074,68,3.9439982619220975,67,3.4752394633606922,64,4.074082385995046,66,3.003179208680339,68,2.6800920942261675,67,4.297298703565386,0.07,78,74,74,72,71,70,68,67,64,66,68,67,4.95,4.02,4.21,2.75,3.86,2.65,3.86,3.56,3.48,2.67,4.27,3.72,4.95,78,44.0,839,True,M6.2,M6Man Utd,0.0,0,-0.0553
329,M,Mac Allister,6.2,6.2,Liverpool,79,3.43,66,3.149743299644603,66,2.9670092397746446,66,2.236807882697972,68,3.018097154428213,68,3.5810167815883123,70,3.1682067219006957,70,2.916472971903202,72,2.0372633763053183,72,2.7216142196801054,75,3.2168601902091605,75,3.5917880011910337,0.0,79,66,66,66,68,68,70,70,72,72,75,75,3.43,3.01,2.44,2.58,2.89,3.1,2.61,3.68,3.11,3.16,2.96,3.17,3.68,79,36.14,847,True,M6.2,M6Liverpool,0.0,0,-0.0553
394,M,Bruno G.,6.2,6.2,Newcastle,91,2.96,87,3.5075253665591246,85,2.815159935715711,85,2.7665475724048396,81,2.793111948370377,79,3.643655681647844,76,3.062093181597363,75,2.815412747364577,77,2.727541892089043,78,2.5594756380383212,82,2.8912720207904723,82,3.243219483331397,0.0,91,87,85,85,81,79,76,75,77,78,82,82,2.96,3.49,2.86,2.77,2.83,3.45,2.99,2.77,2.52,2.46,3.38,3.15,3.49,91,35.63,978,True,M6.2,M6Newcastle,0.0,0,-0.0553
525,M,Kudus,6.2,6.2,West Ham,0,0.0,76,3.125095392137093,72,2.065236353365686,70,2.4511944446476286,67,4.4073340300350505,67,4.097377887484844,69,3.547281637585791,66,2.715139624418058,67,2.2663791704639586,68,2.2407627257551215,66,2.1313817668235933,67,3.8862737665069678,0.0,0,76,72,70,67,67,69,66,67,68,66,67,0.0,3.01,2.74,3.41,3.57,2.91,3.29,3.14,2.72,2.34,3.23,3.16,3.57,76,33.52,755,True,M6.2,M6West Ham,0.0,0,-0.0553
560,M,Neto,6.2,6.2,Chelsea,54,2.64,44,3.3355410645877765,42,2.913027821302314,41,4.150546568472247,42,3.00557351836878,42,2.5322953094489478,42,3.5530523961032454,41,2.508812868529715,42,5.118379154517408,40,3.662088566212255,39,2.045898515030895,42,4.002312098130925,0.0,54,44,42,41,42,42,42,41,42,40,39,42,2.64,2.65,2.58,2.63,2.18,2.81,2.47,2.59,2.72,2.2,2.55,2.93,2.93,54,30.95,511,True,M6.2,M6Chelsea,0.0,0,-0.0553
403,M,Joelinton,6.0,6.0,Newcastle,73,2.63,56,2.381258003484763,59,1.9359679940681394,61,2.5005832064500706,61,3.3977476646774596,63,3.551681379235127,64,3.128116157937428,64,3.284968882518397,65,1.7819090736245424,67,2.583814292799613,66,3.165961857188479,64,2.4090760600125765,0.0,73,56,59,61,61,63,64,64,65,67,66,64,2.63,2.45,2.17,2.19,2.35,3.0,2.72,2.53,2.31,2.3,2.97,2.7,3.0,73,30.32,763,True,M6,M6Newcastle,0.0,0,-0.0553
527,M,L.Paquetá,5.9,5.9,West Ham,74,4.07,55,2.790823129290018,57,1.7179559830142397,58,3.030206986466113,57,4.149859103674834,59,2.0276913828353504,59,3.488427172111399,59,2.0070876120688537,60,1.6153315598472457,58,2.132692889246492,63,3.5846568247238344,62,3.2406686102121958,0.0,74,55,57,58,57,59,59,59,60,58,63,62,4.07,2.42,2.38,2.98,3.29,2.63,2.99,2.95,2.63,2.14,3.24,3.16,4.07,74,34.88,721,True,M5.9,M6West Ham,0.0,0,-0.0553
230,M,McNeil,5.8,5.8,Everton,90,3.65,86,3.860478346490502,83,3.0609884062766586,81,3.9254869319951333,81,2.9568315836528867,80,2.6343951568260926,78,2.971587366790455,80,2.487853780677174,78,3.015863230628144,78,3.1081431380025206,77,3.482618662474682,78,3.431493539012875,0.03,90,86,83,81,81,80,78,80,78,78,77,78,3.65,3.91,3.06,3.83,3.02,2.52,3.11,2.48,3.35,3.03,3.29,3.17,3.91,90,38.42,970,True,M5.8,M6Everton,0.0,0,-0.0553
19,M,Smith Rowe,5.7,5.7,Fulham,77,3.47,73,3.9897922763118308,72,2.885249474602209,70,4.085879288672582,71,2.5797254368524976,69,2.5460527434131013,66,3.9424925616007065,67,3.244571287256118,66,3.253277197870099,66,3.540433338595123,66,2.5525418710593217,66,3.384444809053986,0.04,77,73,72,70,71,69,66,67,66,66,66,66,3.47,3.98,2.99,3.52,2.92,2.67,3.95,2.79,3.55,4.02,3.18,3.31,4.02,77,40.35,829,True,M5.7,M5.5Fulham,0.0,0,-0.0553
585,M,I.Sarr,5.7,5.7,Crystal Palace,76,3.81,60,1.8905318987177124,54,3.147209127157312,49,3.7182909695300923,47,3.0404845550856034,45,2.63769337601717,44,3.147179149208495,45,3.193818857722838,44,3.3163621714853604,43,1.1819765543827359,41,1.3488287387701459,40,1.7542288852180785,0.0,76,60,54,49,47,45,44,45,44,43,41,40,3.81,2.65,2.75,2.63,2.07,2.12,1.94,2.17,2.7,2.19,2.24,2.05,3.81,76,29.32,588,True,M5.7,M5.5Crystal Palace,0.0,0,-0.0553
78,M,Semenyo,5.6,5.6,Bournemouth,87,4.05,71,3.739682367907813,71,2.9284873519999244,70,3.151532464563873,70,3.973964900477906,71,3.4395640530407707,70,2.4972057230168336,71,3.0804258424697584,72,3.559880754268279,71,2.118998807273711,75,3.2037204345292634,76,2.722928523617936,0.28,87,71,71,70,70,71,70,71,72,71,75,76,4.05,3.51,3.34,3.32,3.58,3.88,2.96,3.51,3.17,3.91,3.03,3.16,4.05,87,41.42,875,True,M5.6,M5.5Bournemouth,0.0,0,-0.0553
618,M,Georginio,5.6,5.6,Brighton,64,2.79,44,1.4676773149200038,47,3.1883085200838535,47,1.151599686768027,45,1.199593852510468,47,1.5421087873776607,48,0.843013707645033,46,2.2619848732343537,47,1.0238307223832073,44,1.1991443987869284,43,1.4372426862919143,46,3.720114147762687,0.0,64,44,47,47,45,47,48,46,47,44,43,46,2.79,2.18,3.06,2.33,2.52,2.61,2.53,2.77,2.23,2.0,2.52,2.21,3.06,64,29.75,568,True,M5.6,M5.5Brighton,0.0,0,-0.0553
247,M,Iwobi,5.5,5.5,Fulham,84,3.31,81,3.8252754049353213,80,3.0697237653710374,78,3.816760556990675,79,2.9283753150036578,77,2.7917999174488317,76,3.2034143842259466,76,2.8663424909690427,76,3.317862916982801,75,4.30997603119736,74,3.952257406499134,77,3.296175635763327,0.0,84,81,80,78,79,77,76,76,76,75,74,77,3.31,3.81,2.94,3.51,2.91,2.62,3.83,2.79,3.47,3.94,3.12,3.37,3.94,84,39.62,933,True,M5.5,M5.5Fulham,0.0,0,-0.0553
83,M,Tavernier,5.5,5.5,Bournemouth,74,3.53,66,2.820471856767052,66,3.4112393461472466,64,3.1186080315437485,61,3.160253349789746,63,4.117934723450688,63,2.81373925538489,61,3.048952354703154,60,3.392499696135034,61,4.456334638404363,59,0.6638714167379639,60,2.967152535678985,0.0,74,66,66,64,61,63,63,61,60,61,59,60,3.53,3.45,3.29,3.19,3.31,3.56,2.83,3.2,2.77,3.38,2.49,2.67,3.56,74,37.67,758,True,M5.5,M5.5Bournemouth,0.0,0,-0.0553
57,M,Tielemans,5.5,5.5,Aston Villa,80,2.69,77,3.0569722471247753,75,2.671618906911433,73,3.3281093484445243,72,3.7318855963596365,71,3.050668986186068,69,2.46964086563091,68,2.992292450522209,69,2.555200059113558,67,3.5677940517843707,69,2.3147143330452606,71,1.815396061344333,0.0,80,77,75,73,72,71,69,68,69,67,69,71,2.69,3.29,2.66,3.26,3.48,2.65,2.48,2.58,2.96,3.21,2.79,2.27,3.48,80,34.32,861,True,M5.5,M5.5Aston Villa,0.0,0,-0.0553
54,M,Rogers,5.4,5.4,Aston Villa,59,2.27,78,4.0097973358496395,73,2.8966562274199137,73,3.4171484442205777,72,4.540301703547015,72,3.1455913527993817,73,2.6427188780664777,68,1.9837427018362315,69,2.0087694567020886,68,3.588031413085411,70,3.5186845885891387,71,3.123520702748937,0.76,59,78,73,73,72,72,73,68,69,68,70,71,2.27,4.04,3.03,3.99,4.31,3.18,2.91,2.97,3.56,4.12,3.35,2.51,4.31,78,40.24,846,True,M5.4,M5.5Aston Villa,0.0,0,-0.0553
53,M,Ramsey,5.4,5.4,Aston Villa,66,2.56,61,2.7031233558454364,62,3.072594775874612,59,3.3147991731215454,60,1.8250553245783887,56,2.5450322320001724,59,2.648479447726892,59,3.556109033175748,60,3.0692530256074235,57,2.8825164390071802,57,3.6797423365508672,57,2.849445067865641,0.0,66,61,62,59,60,56,59,59,60,57,57,57,2.56,3.15,2.5,3.14,3.44,2.51,2.38,2.51,2.98,3.27,2.64,2.09,3.44,66,33.17,713,True,M5.4,M5.5Aston Villa,0.0,0,-0.0553
434,M,Hudson-Odoi,5.4,5.4,Nott'm Forest,70,3.21,68,2.3656355101698114,65,3.951922667186534,62,2.239715308851961,61,2.099212172401127,62,4.196741706048339,64,3.569912140781042,62,2.88054558987317,61,2.9097928922764256,61,3.706243006149072,61,2.1953848536242484,59,3.1120088166786153,0.0,70,68,65,62,61,62,64,62,61,61,61,59,3.21,2.35,3.54,2.17,2.48,2.76,2.77,2.74,2.64,2.72,2.5,3.17,3.54,70,33.05,756,True,M5.4,M5.5Nott'm Forest,0.0,0,-0.0553
240,M,Andreas,5.3,5.3,Fulham,76,3.29,74,3.855330051906443,71,3.060627860109861,70,3.4524124726172856,70,2.6580939147244633,67,2.75963139725913,66,4.697867785560048,66,2.7155029791418586,66,4.237969190404171,68,4.631423166718604,68,2.9489085674244997,69,3.612191236784614,0.01,76,74,71,70,70,67,66,66,66,68,68,69,3.29,3.93,2.88,3.51,2.83,2.54,3.83,2.7,3.48,4.08,3.2,3.48,4.08,76,39.75,831,True,M5.3,M5.5Fulham,0.0,0,-0.0553
71,M,Kluivert,5.3,5.3,Bournemouth,60,3.25,54,1.9157394149675926,53,3.4545803508952253,55,3.0600114988797817,52,4.488002772244257,52,3.5813017960315605,54,4.608191292719308,53,3.33282293306781,50,1.1922022371568903,51,2.572511840267692,53,1.8616374029421718,52,1.426409107095179,0.0,60,54,53,55,52,52,54,53,50,51,53,52,3.25,3.11,2.93,2.99,3.13,3.27,2.71,3.15,2.56,3.15,2.53,2.59,3.27,60,35.37,639,True,M5.3,M5.5Bournemouth,0.0,0,-0.0553
298,M,Mavididi,5.3,5.3,Leicester,61,2.62,60,3.1193858166446815,59,3.1935445476607907,58,3.1526672224656265,59,2.7366846084473933,55,2.6313706464347097,55,1.3701573615442821,54,2.2692545221249896,55,1.8605865146132536,55,1.994032302103709,55,1.6628291909160164,53,2.773024827223092,0.0,61,60,59,58,59,55,55,54,55,55,55,53,2.62,2.79,2.71,3.15,2.92,2.36,3.03,2.09,2.25,2.3,2.79,2.67,3.15,61,31.68,679,True,M5.3,M5.5Leicester,0.0,0,-0.0553
135,M,Minteh,5.3,5.3,Brighton,21,1.02,50,2.6958835016855796,48,4.439089352194787,48,3.064187505763144,47,1.9887754655330927,47,1.8673387989132442,46,3.6792829810268874,46,1.8357978307348009,45,1.3973268519837914,46,1.2091754257618197,46,4.051473732327642,46,1.6088697477773573,0.01,21,50,48,48,47,47,46,46,45,46,46,46,1.02,2.48,3.26,2.45,2.73,2.69,2.51,2.85,2.25,2.13,2.75,2.31,3.26,50,29.43,536,True,M5.3,M5.5Brighton,0.0,0,-0.0553
48,M,McGinn,5.2,5.2,Aston Villa,86,2.83,83,3.7558493525665613,82,2.9521547862423576,80,3.6927601582377587,80,4.072224737202876,79,2.7394574801568963,78,3.136548990263542,78,2.8620975690177555,76,4.105039597131691,75,4.45793237123179,79,3.1726853675590285,80,2.7543544777424485,0.0,86,83,82,80,80,79,78,78,76,75,79,80,2.83,3.76,2.93,3.76,4.06,3.08,2.76,2.96,3.37,3.91,3.26,2.51,4.06,86,39.19,956,True,M5.2,M5Aston Villa,0.0,0,-0.0553
274,M,Hutchinson,5.2,5.2,Ipswich,78,2.65,76,3.038721407870163,75,2.8146173915954678,72,2.995672376181451,71,3.4446772858578356,71,2.5611541702350453,69,2.7564321308097015,69,2.195218393523146,68,3.2020040063459327,69,2.7649185269793293,70,3.4803283715085414,71,2.918923671934052,0.0,78,76,75,72,71,71,69,69,68,69,70,71,2.65,3.01,2.68,2.89,2.92,2.72,2.73,2.07,2.55,2.48,2.81,2.38,3.01,78,31.89,859,True,M5.2,M5Ipswich,0.0,0,-0.0553
432,M,Elanga,5.2,5.2,Nott'm Forest,54,2.63,54,1.9886239388750555,54,3.7057062259381954,54,2.300381505907057,53,1.5066877845395859,52,2.8544652950169875,52,2.484182098261187,50,1.4201852745476011,52,2.3958439211787868,52,2.364484380788205,50,3.865470870857268,49,2.6302967088639786,0.0,54,54,54,54,53,52,52,50,52,52,50,49,2.63,2.05,3.11,2.0,2.31,2.52,2.42,2.38,2.43,2.5,2.18,2.81,3.11,54,29.34,626,True,M5.2,M5Nott'm Forest,0.0,0,-0.0553
265,M,Chaplin,5.2,5.2,Ipswich,52,2.24,50,3.5977419350136026,53,1.847035622383556,53,3.294202983248766,51,2.708959441476892,49,2.3652147093850973,50,2.786593933454808,50,1.75048502864704,50,1.4232333962630976,50,3.664123634738233,48,2.054675853172021,50,1.9455556406721553,0.0,52,50,53,53,51,49,50,50,50,50,48,50,2.24,2.6,2.4,2.74,2.77,2.39,2.57,1.88,2.42,2.29,2.5,2.12,2.77,53,28.92,606,True,M5.2,M5Ipswich,0.0,0,-0.0553
239,M,Adama,5.1,5.1,Fulham,69,3.09,66,3.9522484890817107,64,2.7979197833207716,62,3.6637160467012926,66,2.8826561184276374,60,2.6625322699348017,61,2.624074475144187,59,2.8224822984253652,60,1.771723734701784,58,3.44220929010293,60,1.5857298170842242,60,3.683603184028593,0.0,69,66,64,62,66,60,61,59,60,58,60,60,3.09,3.44,2.64,3.06,2.67,2.29,3.46,2.37,3.1,3.36,2.81,3.04,3.46,69,35.33,745,True,M5.1,M5Fulham,0.0,0,-0.0553
205,M,Kamada,5.1,5.1,Crystal Palace,82,4.1,71,2.3500447453033457,62,3.2871420420740813,56,2.345168300924685,53,1.6648774919183507,50,1.9623367305793888,51,1.464434989530597,53,2.3180859205457747,51,3.1979020851657576,52,3.809473146431329,51,1.9415606191895034,50,2.7589866988252383,0.0,82,71,62,56,53,50,51,53,51,52,51,50,4.1,3.03,3.06,2.77,2.19,2.18,2.09,2.37,2.87,2.37,2.49,2.31,4.1,82,31.83,682,True,M5.1,M5Crystal Palace,0.0,0,-0.0553
577,M,Lindstrøm,5.1,5.1,Everton,54,2.49,55,3.2083966414740965,52,2.0229653775902396,50,1.8689340965421413,51,3.3299818432072588,49,2.043577647785161,52,3.47752382814389,50,1.6801739348090718,51,2.299723214515012,49,1.6983080475345111,50,1.211987002643534,52,2.132317046979114,0.0,54,55,52,50,51,49,52,50,51,49,50,52,2.49,2.69,2.18,2.6,2.12,1.79,2.34,1.79,2.44,2.15,2.32,2.37,2.69,55,27.28,615,True,M5.1,M5Everton,0.0,0,-0.0553
323,M,Gravenberch,5.0,5.0,Liverpool,81,3.13,80,3.050446498769974,78,2.7722772668327864,76,2.601689721762756,76,3.0070901550167184,74,3.1940489837896697,74,2.973502610836673,71,3.1393685088422103,73,2.262064790614076,73,2.7559310046433714,72,3.5975455596345736,72,3.5312146214989704,0.0,81,80,78,76,76,74,74,71,73,73,72,72,3.13,3.16,2.62,2.71,2.92,2.96,2.54,3.23,2.83,2.87,2.62,2.73,3.23,81,34.32,900,True,M5,M5Liverpool,0.0,0,-0.0553
74,M,O.Dango,5.0,5.0,Bournemouth,20,1.0,49,3.100620342947396,49,1.686712244055731,50,2.538663071079197,51,2.5508472044638437,47,3.7021971484688954,48,3.1709741467528194,48,1.2978387587020495,49,2.5648861208707987,48,1.4129855486352823,47,2.458317735284968,48,1.6592289660239048,0.0,20,49,49,50,51,47,48,48,49,48,47,48,1.0,2.58,2.51,2.5,2.71,2.68,2.16,2.56,2.25,2.64,2.02,2.12,2.71,51,27.73,554,True,M5,M5Bournemouth,0.0,0,-0.0553
89,M,Damsgaard,5.0,5.0,Brentford,57,2.52,57,2.0144331958623267,56,3.398448784834205,56,2.4252320238595586,55,1.893384365843006,57,1.7319897276335368,57,2.042837467303394,57,1.379093085363631,56,2.8221471593685594,58,2.9203086603770463,54,0.01835905493032136,53,1.523562310736475,0.0,57,57,56,56,55,57,57,57,56,58,54,53,2.52,2.31,2.73,2.1,2.3,2.04,2.45,2.15,2.02,2.47,1.95,2.03,2.73,58,27.07,673,True,M5,M5Brentford,0.0,0,-0.0553
530,M,Souček,5.0,5.0,West Ham,75,3.03,54,2.0692801772582716,56,0.9342006351014909,55,2.85847100338623,55,2.1833782918663145,56,1.448469330879405,54,2.694228544699793,54,1.7079808337858875,54,1.7039491260885276,54,1.204983613786645,56,2.2885899348647936,54,1.281635178071745,0.0,75,54,56,55,55,56,54,54,54,54,56,54,3.03,1.91,1.87,2.18,2.39,2.0,2.14,2.14,1.85,1.63,2.19,2.12,3.03,75,25.45,677,True,M5,M5West Ham,0.0,0,-0.0553
98,M,Lewis-Potter,5.0,5.0,Brentford,56,3.03,46,2.658676650790657,40,3.846452314824078,39,1.4876409668703476,38,1.8097184477591293,40,3.2006840312024574,40,3.378591584836018,39,0.9804896123471033,39,2.22381191848125,39,2.7650926358467314,38,1.4269228121469661,37,1.8084784068828734,0.0,56,46,40,39,38,40,40,39,39,39,38,37,3.03,2.34,2.45,1.82,2.06,1.82,2.18,1.92,1.75,2.16,1.74,1.8,3.03,56,25.07,491,True,M5,M5Brentford,0.0,0,-0.0553
94,M,Janelt,4.9,4.9,Brentford,73,2.5,70,2.623933674914234,70,2.1566184303273017,69,2.2301352735357236,68,2.142367680261889,68,1.5886283923236684,68,2.3713698913146923,68,2.3464524556705544,67,1.6010239601829122,67,2.8863076704375397,68,2.650859858799261,70,2.302386558404866,0.0,73,70,70,69,68,68,68,68,67,67,68,70,2.5,2.27,2.63,2.09,2.27,1.98,2.28,2.08,1.96,2.27,1.95,2.07,2.63,73,26.35,826,True,M4.9,M5Brentford,0.0,0,-0.0553
364,M,Amad,4.9,4.9,Man Utd,34,2.24,32,1.4011432391923984,32,1.4351924001765122,34,0.6430643406932475,36,1.4118618284238453,37,1.7481179104135887,37,1.5387496275986154,36,1.504554695704841,38,3.1838408953160746,37,0.37509718817390536,37,2.7514668745356405,39,2.6133040580464435,0.0,34,32,32,34,36,37,37,36,38,37,37,39,2.24,1.86,2.02,1.47,2.06,1.55,2.2,2.0,2.18,1.68,2.45,2.29,2.45,39,24.0,429,True,M4.9,M5Man Utd,0.0,0,-0.0553
449,M,Yates,4.9,4.9,Nott'm Forest,85,2.68,76,1.9365280402901455,68,2.597414900978985,64,2.400007582365968,63,1.8094173951079344,60,2.338927495874145,59,1.930135280717864,54,1.3693077571813506,56,1.2488514645613837,53,2.3038385189276056,54,1.4163060130442169,54,3.1656897141032783,0.0,85,76,68,64,63,60,59,54,56,53,54,54,2.68,2.01,2.6,1.72,1.87,1.96,1.92,1.77,1.87,1.77,1.7,2.08,2.68,85,23.95,746,True,M4.9,M5Nott'm Forest,0.0,0,-0.0553
101,M,Nørgaard,4.8,4.8,Brentford,84,2.73,81,2.513567120207518,78,2.8922541402942787,77,2.372705878300979,74,2.027248313756252,74,1.7268153480445665,70,2.1392769351522793,70,1.907733459489689,72,2.0709942830678214,68,2.2364680991296146,73,1.9924580761982174,73,2.2212757179812823,0.0,84,81,78,77,74,74,70,70,72,68,73,73,2.73,2.5,2.79,2.2,2.34,2.0,2.28,2.07,2.02,2.2,1.98,2.04,2.79,84,27.15,894,True,M4.8,M5Brentford,0.0,0,-0.0553
216,M,Wharton,4.8,4.8,Crystal Palace,0,0.0,0,0.0,13,0.3579417046992249,26,1.4428855398163418,45,1.6733956640630534,62,1.9691780150946372,71,2.5351235554721736,72,2.2563201833171282,70,2.6721225641348747,72,2.0849046092785204,71,2.877515038340806,70,1.9820847639325854,0.0,0,0,13,26,45,62,71,72,70,72,71,70,0.0,0.0,0.5,1.01,1.4,1.97,2.13,2.26,2.67,2.34,2.44,2.29,2.67,72,19.01,572,True,M4.8,M5Crystal Palace,0.0,0,-0.0553
608,M,Dibling,4.6,4.6,Southampton,53,2.77,50,2.8696216026888144,47,2.1007056148027625,47,2.9233651172983346,47,2.9964716925579857,46,1.8562735206220413,46,0.3667216973964945,49,3.4067274036800823,47,2.1241691715168853,46,2.1105334692824993,46,2.047413759038241,46,3.5680584175438073,0.06,53,50,47,47,47,46,46,49,47,46,46,46,2.77,2.28,2.23,2.3,2.15,2.38,2.14,2.81,2.25,2.62,2.14,2.22,2.81,53,28.29,570,True,M4.6,M4.5Southampton,0.0,0,-0.0553
309,M,Winks,4.5,4.5,Leicester,75,1.92,74,1.9907689225237077,71,2.043045179380779,67,2.3249073654693873,67,2.003927408826365,66,1.4621418175170897,66,1.7001293258825254,65,1.2543296888568882,66,2.315328564368843,63,1.5801350152560276,65,1.9794257690461263,68,2.213538092971578,0.04,75,74,71,67,67,66,66,65,66,63,65,68,1.92,2.06,1.94,2.01,1.98,1.72,2.08,1.62,1.69,1.65,1.95,1.99,2.08,75,22.61,813,False,M4.5,M4.5Leicester,0.0,0,-0.0553
442,M,Sangaré,4.4,4.4,Nott'm Forest,0,0.0,21,0.45092548874173544,38,1.3802631957997953,47,1.0894047558682938,47,1.5699740724376738,51,1.6117802259907341,45,0.8993587481346952,42,1.9529020447442371,42,2.364736418203722,43,1.5715189778090117,41,1.881379926184052,42,1.1613495142085941,0.0,0,21,38,47,47,51,45,42,42,43,41,42,0.0,0.65,1.51,1.39,1.51,1.7,1.52,1.44,1.44,1.51,1.34,1.6,1.7,51,15.61,459,False,M4.4,M4.5Nott'm Forest,0.0,0,-0.0553
