Pos,ID,Name,BV,SV,Team,1_xMins,1_Pts,2_xMins,2_Pts,3_xMins,3_Pts,4_xMins,4_Pts,5_xMins,5_Pts,6_xMins,6_Pts,7_xMins,7_Pts,8_xMins,8_Pts,9_xMins,9_Pts,10_xMins,10_Pts,11_xMins,11_Pts,12_xMins,12_Pts,Elite%
M,1,Fábio Vieira,5.5,5.5,Arsenal,5,0.39,8,0.53,9,0.64,11,0.63,12,0.58,12,0.88,12,0.89,12,0.77,12,0.72,14,0.78,13,0.70,13,0.91,0.00
F,2,G.Jesus,7.0,7.0,Arsenal,43,3.13,42,2.59,43,3.08,44,2.58,42,2.07,46,4.00,45,3.77,46,3.04,46,2.90,46,2.79,48,2.83,48,3.67,0.02
D,3,Gabriel,6.0,6.0,Arsenal,89,4.94,86,3.46,82,4.14,80,3.02,79,2.21,77,4.49,76,4.40,75,3.50,76,3.15,75,2.98,76,2.85,77,4.35,0.13
F,4,Havertz,8.0,8.0,Arsenal,85,5.47,81,4.36,81,5.17,77,3.89,77,3.13,74,5.71,75,5.54,76,4.39,75,4.01,74,3.94,74,3.77,73,5.00,0.13
G,5,Hein,4.0,4.0,Arsenal,0,0.00,0,0.00,0,0.00,0,0.00,0,0.00,0,0.00,0,0.00,0,0.00,0,0.00,0,0.00,0,0.00,0,0.00,0.00
D,6,J.Timber,5.5,5.5,Arsenal,12,0.57,20,0.77,27,1.36,30,1.14,28,0.87,30,1.73,33,1.85,34,1.58,35,1.49,33,1.31,34,1.29,37,2.02,0.01
M,7,Jorginho,5.0,5.0,Arsenal,28,1.19,32,1.21,33,1.31,35,1.26,36,1.20,36,1.53,36,1.54,37,1.39,36,1.33,36,1.31,34,1.24,36,1.47,0.00
D,8,Kiwior,5.0,5.0,Arsenal,3,0.16,9,0.35,9,0.41,8,0.31,7,0.24,9,0.45,8,0.40,7,0.30,8,0.34,8,0.31,8,0.30,7,0.34,0.00
M,9,Martinelli,7.0,7.0,Arsenal,49,3.58,50,3.02,46,3.29,44,2.57,46,2.19,47,4.05,43,3.64,44,2.94,42,2.58,44,2.63,43,2.52,44,3.49,0.03
M,10,Nelson,5.0,5.0,Arsenal,3,0.27,4,0.29,3,0.28,4,0.29,6,0.34,7,0.57,8,0.59,7,0.47,8,0.47,8,0.50,8,0.45,8,0.56,0.00
F,11,Nketiah,6.0,6.0,Arsenal,3,0.29,2,0.18,1,0.11,2,0.14,3,0.18,3,0.27,2,0.24,3,0.27,4,0.27,2,0.20,3,0.22,3,0.25,0.00
M,12,Nwaneri,4.5,4.5,Arsenal,5,0.35,7,0.39,9,0.48,10,0.49,10,0.45,11,0.61,12,0.67,12,0.60,12,0.56,13,0.61,15,0.68,13,0.69,0.00
M,13,Ødegaard,8.5,8.5,Arsenal,90,5.89,88,4.66,88,5.64,86,4.36,85,3.44,84,6.42,85,6.65,84,4.92,85,4.71,84,4.44,84,4.28,84,5.89,0.16
G,14,Ramsdale,4.5,4.5,Arsenal,2,0.09,3,0.13,4,0.19,4,0.16,4,0.16,5,0.24,6,0.28,6,0.26,7,0.27,6,0.24,6,0.26,6,0.27,0.01
G,15,Raya,5.5,5.5,Arsenal,93,4.35,92,3.60,91,3.92,91,3.49,91,3.23,90,4.19,89,4.13,89,3.71,88,3.47,89,3.44,88,3.42,89,4.13,0.25
M,16,Rice,6.5,6.5,Arsenal,79,3.33,81,2.87,81,3.29,81,2.72,81,2.38,79,3.68,80,3.68,79,3.01,80,2.88,80,2.78,80,2.67,78,3.40,0.06
M,17,Saka,10.0,10.0,Arsenal,82,6.86,83,5.41,83,6.78,83,5.11,81,4.06,79,7.78,78,7.64,80,5.74,79,5.48,80,5.22,80,5.07,80,7.06,0.30
D,18,Saliba,6.0,6.0,Arsenal,92,4.67,87,3.19,85,3.87,84,2.82,83,2.08,84,4.36,84,4.36,83,3.47,81,2.97,80,2.87,81,2.65,81,4.15,0.41
M,19,Smith Rowe,5.5,5.5,Fulham,68,2.92,71,4.16,70,3.75,68,3.57,67,3.33,67,3.19,66,2.32,66,3.31,65,3.01,64,3.52,63,2.86,63,3.34,0.15
M,20,Thomas,5.0,5.0,Arsenal,47,1.94,42,1.55,40,1.66,39,1.44,38,1.25,38,1.77,37,1.68,38,1.52,38,1.43,35,1.31,37,1.35,38,1.64,0.00
D,21,Tierney,4.5,4.5,Arsenal,0,0.00,0,0.00,0,0.00,0,0.00,1,0.06,1,0.08,1,0.08,1,0.08,1,0.08,1,0.06,1,0.06,1,0.08,0.00
D,22,Tomiyasu,5.0,5.0,Arsenal,0,0.00,7,0.31,17,0.81,20,0.79,27,0.86,26,1.46,28,1.57,28,1.30,28,1.18,29,1.18,26,1.01,26,1.45,0.00
M,23,Trossard,7.0,7.0,Arsenal,49,3.55,47,2.86,49,3.58,49,2.80,48,2.26,45,3.83,47,3.92,46,3.08,47,2.85,47,2.85,46,2.70,45,3.47,0.02
D,24,White,6.5,6.5,Arsenal,87,4.61,83,3.24,78,3.74,76,2.77,75,2.05,75,4.16,74,4.06,75,3.27,74,2.94,75,2.83,75,2.72,73,3.88,0.11
D,25,Zinchenko,5.0,5.0,Arsenal,69,4.26,48,2.26,28,1.53,21,0.95,21,0.77,22,1.33,21,1.27,21,1.03,22,1.05,22,1.02,23,0.99,22,1.32,0.02
D,26,Alex Moreno,4.5,4.5,Aston Villa,24,0.93,20,0.70,19,0.87,18,0.89,19,0.92,19,0.93,20,0.88,19,0.80,18,0.90,21,0.74,20,0.66,23,1.06,0.01
F,27,Archer,5.0,5.0,Aston Villa,11,0.70,7,0.46,8,0.58,9,0.69,8,0.63,8,0.65,8,0.60,10,0.64,9,0.71,9,0.58,9,0.53,8,0.62,0.01
M,28,Bailey,6.5,6.5,Aston Villa,71,3.65,68,3.01,67,3.98,62,3.88,60,3.78,60,3.76,59,3.41,59,3.22,60,3.84,59,2.84,59,2.65,58,3.50,0.04
M,29,Barkley,5.5,5.5,Aston Villa,27,1.33,30,1.29,31,1.69,26,1.51,23,1.34,23,1.32,24,1.29,22,1.17,24,1.46,23,1.05,23,1.03,24,1.32,0.01
M,30,Barrenechea,5.0,5.0,Aston Villa,5,0.18,7,0.23,7,0.26,6,0.23,3,0.13,3,0.13,4,0.13,4,0.13,3,0.13,4,0.14,4,0.14,4,0.14,0.00
M,31,Buendia,5.5,5.5,Aston Villa,9,0.56,10,0.53,11,0.70,11,0.72,13,0.82,12,0.78,10,0.65,13,0.74,14,0.94,13,0.69,12,0.62,13,0.80,0.00
D,32,Cash,4.5,4.5,Aston Villa,63,2.05,63,1.65,60,2.51,60,2.83,56,2.66,57,2.52,54,2.02,53,1.91,54,2.40,53,1.45,54,1.23,54,2.30,0.03
M,33,Dendoncker,4.5,4.5,Aston Villa,5,0.27,7,0.32,9,0.42,8,0.39,5,0.27,4,0.23,4,0.21,4,0.22,5,0.27,6,0.29,4,0.21,5,0.27,0.01
M,34,Diaby,6.5,6.5,Aston Villa,0,0.00,0,0.00,0,0.00,0,0.00,0,0.00,0,0.00,0,0.00,0,0.00,0,0.00,0,0.00,0,0.00,0,0.00,0.00
D,35,Diego Carlos,4.5,4.5,Aston Villa,39,1.14,39,0.94,42,1.49,36,1.50,38,1.56,35,1.37,36,1.22,37,1.21,34,1.33,37,0.89,35,0.72,35,1.35,0.01
D,36,Digne,4.5,4.5,Aston Villa,41,1.51,40,1.22,37,1.64,31,1.57,31,1.52,35,1.67,32,1.35,33,1.30,34,1.64,31,1.01,33,0.91,32,1.46,0.02
M,37,Dobbin,5.0,5.0,Aston Villa,0,0.00,0,0.00,0,0.00,0,0.00,0,0.00,0,0.00,0,0.00,0,0.00,0,0.00,0,0.00,0,0.00,0,0.00,0.00
F,38,Duran,6.0,6.0,Aston Villa,34,2.01,24,1.26,26,1.74,26,1.68,28,1.87,26,1.75,28,1.76,27,1.64,26,1.82,27,1.40,27,1.33,27,1.69,0.00
G,39,Gauci,4.0,4.0,Aston Villa,0,0.00,0,0.00,0,0.00,0,0.00,0,0.00,0,0.00,0,0.00,0,0.00,0,0.00,0,0.00,0,0.00,0,0.00,0.00
D,40,Hause,4.0,4.0,Aston Villa,0,0.00,2,0.04,2,0.07,2,0.06,1,0.04,0,0.00,0,0.00,1,0.03,0,0.00,0,0.00,1,0.02,0,0.00,0.01
M,41,Iling Jr,5.5,5.5,Aston Villa,5,0.34,6,0.38,7,0.45,7,0.49,8,0.53,10,0.58,10,0.58,10,0.58,10,0.66,9,0.48,10,0.52,10,0.60,0.00
M,42,Kamara,5.0,5.0,Aston Villa,0,0.00,0,0.00,0,0.00,29,0.94,57,1.82,68,2.06,66,1.93,68,1.91,66,2.04,65,1.73,67,1.70,67,1.98,0.00
D,43,Kesler-Hayden,4.0,4.0,Aston Villa,0,0.00,0,0.00,0,0.00,0,0.00,0,0.00,0,0.00,0,0.00,0,0.00,0,0.00,0,0.00,0,0.00,0,0.00,0.00
D,44,Konsa,4.5,4.5,Aston Villa,89,2.44,88,1.96,86,2.99,83,3.40,83,3.38,82,3.06,81,2.59,81,2.47,82,3.06,81,1.80,81,1.51,81,2.96,0.14
D,45,Maatsen,5.0,5.0,Aston Villa,32,1.18,39,1.17,43,1.89,51,2.45,50,2.46,46,2.08,47,1.90,48,1.84,48,2.22,47,1.39,46,1.15,46,2.02,0.04
G,46,Marschall,4.0,4.0,Aston Villa,0,0.00,0,0.00,0,0.00,0,0.00,0,0.00,0,0.00,0,0.00,0,0.00,0,0.00,0,0.00,0,0.00,0,0.00,0.00
G,47,Martinez,5.0,5.0,Aston Villa,94,3.31,92,3.06,92,3.58,92,3.74,92,3.75,91,3.56,91,3.32,91,3.34,91,3.52,91,3.12,89,3.00,91,3.49,0.13
M,48,McGinn,5.5,5.5,Aston Villa,88,3.18,86,2.71,83,3.35,83,3.47,82,3.61,82,3.53,82,3.27,81,3.09,81,3.56,80,2.68,78,2.52,79,3.21,0.02
D,49,Mings,4.5,4.5,Aston Villa,0,0.00,0,0.00,0,0.00,13,0.56,28,1.17,31,1.26,31,1.04,32,1.07,30,1.22,36,0.89,33,0.72,35,1.35,0.00
D,50,Nedeljkovic,4.0,4.0,Aston Villa,11,0.39,12,0.38,14,0.55,15,0.65,13,0.60,17,0.74,16,0.61,17,0.63,20,0.83,16,0.49,19,0.50,18,0.74,0.00
G,51,Olsen,4.5,4.5,Aston Villa,0,0.00,3,0.10,3,0.10,3,0.11,3,0.12,4,0.15,4,0.13,4,0.13,4,0.14,4,0.13,5,0.18,4,0.16,0.00
D,52,Pau,4.5,4.5,Aston Villa,79,2.22,75,1.70,77,2.71,70,2.84,61,2.46,58,2.16,62,1.98,58,1.80,60,2.26,56,1.29,58,1.11,56,2.03,0.01
M,53,Ramsey,5.5,5.5,Aston Villa,39,1.85,40,1.68,41,2.13,38,2.11,36,1.98,34,1.89,34,1.81,37,1.84,35,1.98,36,1.60,36,1.55,37,1.97,0.00
M,54,Rogers,5.0,5.0,Aston Villa,72,3.25,69,2.73,66,3.40,64,3.42,62,3.39,63,3.44,62,3.09,60,2.84,59,3.29,62,2.61,63,2.49,60,3.18,0.08
G,55,Sinisalo,4.0,4.0,Aston Villa,0,0.00,0,0.00,0,0.00,0,0.00,0,0.00,0,0.00,0,0.00,0,0.00,0,0.00,0,0.00,0,0.00,0,0.00,0.00
D,56,Sousa,4.0,4.0,Aston Villa,0,0.00,0,0.00,0,0.00,0,0.00,0,0.00,0,0.00,0,0.00,0,0.00,0,0.00,0,0.00,0,0.00,0,0.00,0.00
M,57,Tielemans,5.5,5.5,Aston Villa,64,2.71,61,2.30,61,2.88,60,2.88,58,2.84,55,2.69,55,2.52,54,2.34,53,2.66,54,2.08,52,1.98,55,2.60,0.01
F,58,Watkins,9.0,9.0,Aston Villa,70,3.77,88,3.87,87,5.47,86,5.37,84,5.38,83,5.52,84,5.05,82,4.61,82,5.55,83,4.01,84,3.79,83,5.07,0.39
D,59,Aarons,4.5,4.5,Bournemouth,27,0.95,30,0.95,30,1.01,32,0.96,33,0.67,31,1.30,33,1.18,34,0.79,33,0.87,33,0.71,34,1.09,34,1.22,0.00
M,60,Adams,5.0,5.0,Bournemouth,0,0.00,0,0.00,0,0.00,0,0.00,0,0.00,0,0.00,0,0.00,0,0.00,0,0.00,15,0.43,33,1.00,38,1.17,0.00
M,61,Anthony,4.5,4.5,Bournemouth,6,0.42,4,0.32,6,0.37,4,0.30,4,0.27,5,0.39,5,0.36,6,0.35,6,0.39,5,0.33,6,0.36,5,0.35,0.01
M,62,Brooks,5.0,5.0,Bournemouth,0,0.00,0,0.00,4,0.24,8,0.50,8,0.44,8,0.58,9,0.57,9,0.50,9,0.51,10,0.50,9,0.55,8,0.54,0.00
M,63,Christie,5.0,5.0,Bournemouth,78,2.76,75,2.68,70,2.43,71,2.47,71,2.08,69,2.87,70,2.60,68,2.05,66,2.16,66,2.00,64,2.22,63,2.37,0.00
M,64,Cook,5.0,5.0,Bournemouth,89,2.56,85,2.47,81,2.31,79,2.29,78,1.96,76,2.59,76,2.31,76,1.97,76,2.04,76,1.96,75,2.16,74,2.26,0.00
F,65,Enes Ünal,5.5,5.5,Bournemouth,0,0.00,0,0.00,0,0.00,20,1.18,37,1.72,45,3.13,43,2.71,44,2.08,45,2.32,43,1.99,43,2.35,43,2.61,0.00
M,66,Faivre,5.0,5.0,Bournemouth,12,0.68,8,0.50,11,0.62,7,0.43,9,0.43,8,0.50,8,0.51,9,0.43,9,0.47,11,0.53,8,0.47,9,0.53,0.00
M,67,H.Traorè,4.5,4.5,Bournemouth,10,0.60,9,0.54,11,0.64,9,0.52,9,0.48,9,0.61,10,0.59,9,0.49,12,0.62,10,0.52,9,0.53,8,0.54,0.00
D,68,Hill,4.0,4.0,Bournemouth,3,0.07,4,0.11,6,0.16,9,0.22,10,0.17,11,0.40,11,0.35,12,0.26,12,0.28,12,0.23,11,0.29,11,0.35,0.00
F,69,Jebbison,4.5,4.5,Bournemouth,21,1.28,7,0.48,6,0.46,5,0.35,3,0.21,2,0.20,3,0.23,2,0.15,2,0.17,3,0.20,2,0.17,3,0.23,0.01
D,70,Kerkez,4.5,4.5,Bournemouth,80,2.67,74,2.29,73,2.40,71,2.04,70,1.27,70,3.03,69,2.45,70,1.51,70,1.71,70,1.36,70,2.18,71,2.46,0.01
M,71,Kluivert,5.5,5.5,Bournemouth,69,3.59,67,3.63,64,3.23,63,3.28,59,2.51,60,3.85,61,3.41,60,2.55,60,2.75,57,2.43,57,2.87,58,3.26,0.01
D,72,Mepham,4.5,4.5,Bournemouth,8,0.21,12,0.33,14,0.40,17,0.47,18,0.33,20,0.76,18,0.59,17,0.38,19,0.46,19,0.38,19,0.55,18,0.57,0.00
G,73,Neto,4.5,4.5,Bournemouth,38,1.40,40,1.39,40,1.44,44,1.47,42,1.33,40,1.55,41,1.54,41,1.31,42,1.38,41,1.29,41,1.44,39,1.36,0.02
M,74,O.Dango,5.0,5.0,Bournemouth,37,1.85,35,1.78,36,1.68,35,1.64,35,1.40,35,1.96,35,1.71,35,1.43,36,1.54,37,1.50,34,1.58,34,1.71,0.00
G,75,Paulsen,4.0,4.0,Bournemouth,0,0.00,0,0.00,0,0.00,0,0.00,0,0.00,0,0.00,0,0.00,0,0.00,0,0.00,0,0.00,0,0.00,0,0.00,0.00
M,76,Philip,5.0,5.0,Bournemouth,22,1.09,22,1.12,23,1.13,25,1.19,28,1.14,30,1.60,28,1.37,30,1.19,28,1.20,25,1.04,20,0.98,19,1.00,0.00
M,77,Scott,5.0,5.0,Bournemouth,35,1.45,35,1.45,39,1.54,38,1.49,38,1.33,37,1.71,37,1.56,38,1.34,40,1.46,34,1.24,30,1.24,28,1.24,0.00
M,78,Semenyo,5.5,5.5,Bournemouth,79,4.10,66,3.49,66,3.22,65,3.23,63,2.50,59,3.64,58,3.08,58,2.36,58,2.58,57,2.30,58,2.73,58,3.10,0.01
D,79,Senesi,5.0,5.0,Bournemouth,89,2.71,85,2.36,85,2.54,82,2.10,81,1.22,79,3.16,81,2.59,79,1.52,78,1.69,79,1.35,78,2.17,77,2.46,0.01
M,80,Sinisterra,5.0,5.0,Bournemouth,54,2.74,44,2.34,41,2.06,39,2.03,37,1.58,36,2.30,39,2.15,39,1.68,38,1.79,36,1.58,37,1.91,37,2.11,0.00
D,81,Smith,4.5,4.5,Bournemouth,68,2.15,65,1.86,64,1.99,61,1.63,61,1.03,62,2.47,60,1.98,60,1.23,59,1.36,60,1.13,59,1.73,58,1.90,0.00
F,82,Solanke,7.5,7.5,Spurs,81,4.98,79,4.92,77,3.97,74,3.42,72,4.65,72,3.73,73,3.98,72,4.61,70,3.63,72,4.34,71,5.41,71,2.85,0.28
M,83,Tavernier,5.5,5.5,Bournemouth,68,3.40,64,3.35,61,2.93,61,3.00,58,2.30,59,3.47,57,3.02,56,2.24,56,2.50,56,2.29,56,2.70,55,2.95,0.00
G,84,Travers,4.5,4.5,Bournemouth,57,2.10,55,1.89,55,1.99,51,1.75,53,1.73,55,2.11,54,2.00,54,1.75,53,1.80,53,1.70,53,1.89,56,2.03,0.00
D,85,Zabarnyi,4.5,4.5,Bournemouth,91,2.54,88,2.13,86,2.38,82,1.85,82,1.12,80,2.77,80,2.28,81,1.40,81,1.57,81,1.23,82,2.06,83,2.34,0.01
D,86,Ajer,4.5,4.5,Brentford,55,1.95,38,0.76,29,1.21,29,0.49,30,0.71,32,1.12,32,1.29,33,0.85,35,1.51,33,1.02,32,1.22,32,1.08,0.00
M,87,Brierley,4.5,4.5,Brentford,0,0.00,0,0.00,0,0.00,0,0.00,0,0.00,0,0.00,0,0.00,0,0.00,0,0.00,0,0.00,0,0.00,0,0.00,0.00
D,88,Collins,4.5,4.5,Brentford,61,2.02,56,0.90,57,2.24,57,0.62,57,1.11,58,1.84,55,2.04,55,1.19,55,2.19,55,1.48,55,1.91,55,1.67,0.00
M,89,Damsgaard,5.0,5.0,Brentford,47,2.02,44,1.58,45,2.23,46,1.52,45,1.70,47,2.04,47,2.08,47,1.78,47,2.34,47,1.89,45,2.06,44,1.77,0.00
M,90,Dasilva,5.0,5.0,Brentford,8,0.38,12,0.50,11,0.59,12,0.50,13,0.56,13,0.66,14,0.67,14,0.63,15,0.77,15,0.68,15,0.72,15,0.72,0.00
G,91,Flekken,4.5,4.5,Brentford,94,3.52,93,3.04,93,3.69,92,3.03,92,3.12,91,3.33,91,3.61,90,3.07,91,3.67,91,3.26,91,3.43,91,3.39,0.12
D,92,Henry,4.5,4.5,Brentford,21,0.77,54,1.02,73,3.13,75,1.00,76,1.67,73,2.56,74,3.01,73,1.71,71,3.22,73,2.21,73,2.74,72,2.36,0.00
D,93,Hickey,4.5,4.5,Brentford,21,0.73,55,0.94,75,3.04,74,0.90,73,1.50,73,2.40,72,2.80,72,1.61,70,2.96,70,2.00,69,2.45,70,2.19,0.00
M,94,Janelt,5.0,5.0,Brentford,75,2.46,69,1.95,67,2.58,65,1.76,66,1.96,65,2.25,65,2.29,64,1.93,65,2.52,62,1.98,64,2.22,66,2.08,0.00
M,95,Jensen,5.5,5.5,Brentford,67,2.56,67,2.09,65,2.76,64,1.86,63,2.05,61,2.42,61,2.42,61,2.03,60,2.64,60,2.14,61,2.43,60,2.17,0.00
D,96,Ji-soo,4.0,4.0,Brentford,0,0.00,0,0.00,0,0.00,0,0.00,0,0.00,0,0.00,0,0.00,0,0.00,0,0.00,0,0.00,0,0.00,0,0.00,0.00
M,97,Konak,4.5,4.5,Brentford,0,0.00,0,0.00,0,0.00,0,0.00,0,0.00,0,0.00,0,0.00,0,0.00,0,0.00,0,0.00,0,0.00,0,0.00,0.00
M,98,Lewis-Potter,5.0,5.0,Brentford,46,2.04,28,1.16,20,1.21,21,0.93,19,0.93,19,1.06,22,1.23,21,1.05,22,1.40,23,1.16,21,1.24,23,1.16,0.00
M,99,Mbeumo,7.0,7.0,Brentford,81,4.30,77,3.07,75,4.81,77,2.72,74,3.23,72,4.07,74,4.14,72,3.31,71,4.81,70,3.51,72,4.31,72,3.59,0.05
D,100,Mee,4.5,4.5,Brentford,73,2.65,73,1.31,69,3.00,70,0.93,70,1.53,66,2.30,68,2.78,67,1.62,68,3.10,69,2.09,69,2.63,67,2.24,0.01
M,101,Nørgaard,5.0,5.0,Brentford,79,2.56,74,2.00,71,2.59,68,1.77,67,1.95,66,2.26,66,2.31,65,1.93,65,2.52,65,2.04,64,2.25,65,2.07,0.00
M,102,Onyeka,5.0,5.0,Brentford,21,0.92,22,0.85,22,1.03,24,0.85,25,0.94,26,1.08,27,1.14,27,1.00,27,1.21,27,1.05,27,1.15,26,1.01,0.00
M,103,Peart-Harris,4.5,4.5,Brentford,0,0.00,0,0.00,0,0.00,0,0.00,0,0.00,0,0.00,0,0.00,0,0.00,0,0.00,0,0.00,0,0.00,0,0.00,0.00
D,104,Pinnock,4.5,4.5,Brentford,77,2.67,75,1.26,72,2.98,70,0.85,68,1.41,70,2.30,69,2.75,68,1.52,70,3.04,70,2.01,71,2.60,69,2.21,0.01
D,105,Roerslev,4.5,4.5,Brentford,36,1.46,21,0.58,12,0.53,12,0.32,13,0.41,14,0.56,13,0.57,15,0.50,15,0.73,14,0.51,16,0.65,16,0.61,0.00
M,106,Schade,5.5,5.5,Brentford,14,0.78,14,0.66,15,0.94,14,0.65,19,0.94,18,1.06,19,1.15,19,0.95,18,1.24,19,1.01,19,1.17,20,1.07,0.00
F,107,Thiago,6.0,6.0,Brentford,0,0.00,0,0.00,0,0.00,0,0.00,0,0.00,0,0.00,0,0.00,0,0.00,0,0.00,0,0.00,0,0.00,0,0.00,0.00
F,108,Toney,7.5,7.5,Brentford,90,5.01,89,3.73,87,5.87,85,3.12,83,3.71,82,4.86,82,4.81,81,3.83,81,5.76,80,4.13,79,4.92,81,4.05,0.10
G,109,Valdimarsson,4.0,4.0,Brentford,0,0.00,2,0.06,2,0.10,3,0.09,3,0.09,3,0.12,4,0.17,4,0.14,4,0.15,3,0.12,4,0.15,3,0.13,0.04
F,110,Wissa,6.0,6.0,Brentford,39,2.06,38,1.65,38,2.32,37,1.45,38,1.69,40,2.19,39,2.10,38,1.72,40,2.51,40,1.97,40,2.20,39,1.86,0.03
M,111,Yarmoliuk,4.5,4.5,Brentford,6,0.34,6,0.31,6,0.35,8,0.38,9,0.40,10,0.47,9,0.44,11,0.47,11,0.54,11,0.48,11,0.51,11,0.46,0.03
D,112,Zanka,4.5,4.5,Brentford,2,0.05,4,0.07,4,0.13,5,0.07,6,0.12,7,0.22,7,0.22,8,0.17,8,0.28,8,0.21,8,0.24,8,0.21,0.00
M,113,Adingra,5.5,5.5,Brighton,21,1.15,23,1.33,22,1.00,19,1.33,17,1.03,18,0.92,18,1.01,19,0.98,19,1.16,19,0.93,19,0.93,20,1.09,0.01
M,114,Baker-Boaitey,4.5,4.5,Brighton,0,0.00,0,0.00,0,0.00,0,0.00,0,0.00,0,0.00,0,0.00,0,0.00,0,0.00,0,0.00,0,0.00,0,0.00,0.00
M,115,Baleba,5.0,5.0,Brighton,73,2.21,75,2.25,71,1.78,69,2.46,68,2.31,68,1.87,67,2.02,65,1.85,64,2.10,65,1.70,64,1.73,65,1.95,0.00
D,116,Barco,4.0,4.0,Brighton,83,3.05,77,2.81,71,1.25,52,2.66,39,1.84,39,1.03,40,1.39,38,1.10,36,1.65,40,0.93,41,1.03,38,1.38,0.23
M,117,Buonanotte,5.0,5.0,Leicester,37,1.58,36,1.57,33,1.48,34,1.43,34,1.60,33,1.19,35,1.64,32,1.46,32,1.55,34,1.57,33,1.34,33,1.40,0.00
M,118,Cozier-Duberry,4.5,4.5,Brighton,0,0.00,0,0.00,0,0.00,0,0.00,0,0.00,0,0.00,0,0.00,0,0.00,0,0.00,0,0.00,0,0.00,0,0.00,0.00
M,119,Dahoud,5.0,5.0,Brighton,0,0.00,0,0.00,1,0.09,1,0.10,0,0.00,1,0.10,2,0.11,2,0.11,2,0.17,2,0.13,2,0.13,2,0.12,0.00
D,120,Dunk,4.5,4.5,Brighton,91,3.15,88,2.92,87,1.33,86,4.08,85,3.70,85,1.85,86,2.58,83,2.00,83,3.53,83,1.54,82,1.69,81,2.50,0.04
M,121,Enciso,5.5,5.5,Brighton,1,0.09,8,0.47,21,0.96,18,1.30,18,1.13,17,0.89,16,0.93,18,0.96,18,1.13,17,0.86,17,0.86,18,1.05,0.00
D,122,Estupiñan,5.0,5.0,Brighton,0,0.00,0,0.00,0,0.00,21,1.15,44,2.25,46,1.36,46,1.75,46,1.44,47,2.36,43,1.14,43,1.22,46,1.79,0.00
F,123,Ferguson,5.5,5.5,Brighton,7,0.43,16,1.04,24,1.16,27,2.02,24,1.64,24,1.32,25,1.51,25,1.39,26,1.68,25,1.31,26,1.33,27,1.59,0.00
M,124,Gilmour,5.0,5.0,Brighton,3,0.17,5,0.22,6,0.26,6,0.30,5,0.27,7,0.31,6,0.29,8,0.34,9,0.39,8,0.33,10,0.39,8,0.33,0.00
M,125,Gross,6.5,6.5,Brighton,0,0.00,0,0.00,0,0.00,0,0.00,0,0.00,0,0.00,0,0.00,0,0.00,0,0.00,0,0.00,0,0.00,0,0.00,0.00
M,126,Hinshelwood,5.0,5.0,Brighton,32,1.32,31,1.29,30,1.07,30,1.48,30,1.35,27,1.06,28,1.17,30,1.16,29,1.28,31,1.13,28,1.04,29,1.20,0.00
M,127,I.Osman,5.0,5.0,Brighton,2,0.16,2,0.17,2,0.14,2,0.16,2,0.14,2,0.14,2,0.17,2,0.15,2,0.14,2,0.13,2,0.14,2,0.15,0.00
D,128,Igor,4.5,4.5,Brighton,23,0.77,26,0.83,30,0.56,29,1.22,25,0.98,25,0.59,23,0.70,26,0.67,26,1.01,26,0.56,24,0.58,26,0.80,0.00
F,129,João Pedro,5.5,5.5,Brighton,67,3.62,73,4.29,70,2.88,67,5.11,65,4.46,66,3.34,63,3.62,62,3.22,62,3.95,62,2.91,61,2.90,60,3.46,0.19
M,130,Kozlowski,4.5,4.5,Brighton,0,0.00,0,0.00,0,0.00,0,0.00,0,0.00,0,0.00,0,0.00,0,0.00,0,0.00,0,0.00,0,0.00,0,0.00,0.00
D,131,Lamptey,4.5,4.5,Brighton,7,0.28,10,0.41,12,0.33,8,0.44,6,0.35,7,0.30,7,0.34,9,0.34,10,0.44,10,0.32,8,0.30,9,0.37,0.00
M,132,March,6.5,6.5,Brighton,0,0.00,0,0.00,0,0.00,11,0.74,25,1.53,27,1.35,27,1.48,28,1.43,26,1.57,26,1.24,26,1.24,26,1.40,0.00
M,133,Mazilu,4.5,4.5,Brighton,0,0.00,0,0.00,0,0.00,0,0.00,0,0.00,0,0.00,0,0.00,0,0.00,0,0.00,0,0.00,0,0.00,0,0.00,0.00
M,134,Milner,5.0,5.0,Brighton,27,1.07,18,0.80,14,0.57,13,0.62,12,0.54,12,0.49,14,0.62,15,0.60,12,0.55,12,0.47,14,0.58,13,0.55,0.00
M,135,Minteh,5.5,5.5,Brighton,77,3.69,72,3.70,68,2.48,64,4.32,56,3.37,52,2.35,52,2.74,49,2.38,51,3.02,53,2.26,52,2.26,52,2.65,0.01
M,136,Mitoma,6.5,6.5,Brighton,82,3.60,78,3.68,76,2.58,74,4.49,75,4.03,74,2.96,75,3.41,73,3.03,73,3.77,73,2.73,72,2.70,72,3.29,0.02
M,137,Moder,4.5,4.5,Brighton,10,0.51,10,0.49,11,0.47,12,0.63,11,0.56,11,0.49,12,0.56,12,0.52,14,0.68,11,0.48,14,0.61,13,0.59,0.00
F,138,O’Mahony,4.5,4.5,Brighton,4,0.24,2,0.13,2,0.14,1,0.10,1,0.10,2,0.12,2,0.16,2,0.11,2,0.13,2,0.12,3,0.16,3,0.16,0.01
D,139,Offiah,4.0,4.0,Brighton,0,0.00,0,0.00,0,0.00,0,0.00,0,0.00,0,0.00,0,0.00,0,0.00,0,0.00,0,0.00,0,0.00,0,0.00,0.00
M,140,Peupion,4.5,4.5,Brighton,0,0.00,0,0.00,0,0.00,0,0.00,0,0.00,0,0.00,0,0.00,0,0.00,0,0.00,0,0.00,0,0.00,0,0.00,0.00
M,141,Sarmiento,5.0,5.0,Brighton,9,0.52,6,0.42,6,0.34,4,0.34,4,0.32,4,0.30,5,0.34,5,0.32,5,0.39,5,0.31,5,0.29,5,0.35,0.00
G,142,Steele,4.5,4.5,Brighton,92,3.50,91,3.31,64,2.13,30,1.21,28,1.11,30,1.04,28,1.00,33,1.15,31,1.26,32,1.08,30,0.99,30,1.12,0.01
F,143,Undav,5.5,5.5,Brighton,0,0.00,0,0.00,0,0.00,0,0.00,0,0.00,0,0.00,0,0.00,0,0.00,0,0.00,0,0.00,0,0.00,0,0.00,0.00
D,144,Van Hecke,4.5,4.5,Brighton,90,2.81,87,2.60,87,1.20,83,3.50,82,3.25,81,1.62,81,2.27,81,1.74,81,3.19,80,1.33,80,1.50,79,2.27,0.00
D,145,Veltman,4.5,4.5,Brighton,58,2.08,48,1.66,41,0.86,40,1.90,36,1.57,36,0.96,35,1.18,37,1.04,36,1.55,37,0.87,36,0.91,36,1.24,0.00
G,146,Verbruggen,4.5,4.5,Brighton,0,0.00,0,0.00,29,0.92,65,2.65,66,2.63,65,2.19,66,2.32,62,2.14,63,2.51,62,2.09,65,2.13,65,2.33,0.01
D,147,Webster,4.5,4.5,Brighton,8,0.26,10,0.33,10,0.22,13,0.54,13,0.51,13,0.36,13,0.42,13,0.37,12,0.49,13,0.32,15,0.38,15,0.49,0.00
F,148,Welbeck,5.5,5.5,Brighton,62,3.18,45,2.57,28,1.26,24,1.87,24,1.66,25,1.40,24,1.42,25,1.41,26,1.74,25,1.29,24,1.23,24,1.42,0.01
M,149,Wieffer,5.0,5.0,Brighton,87,2.68,84,2.65,84,2.10,83,3.10,80,2.76,80,2.22,78,2.41,78,2.25,78,2.65,78,2.06,78,2.11,79,2.42,0.00
M,150,Andrey Santos,4.5,4.5,Chelsea,0,0.00,0,0.00,0,0.00,0,0.00,0,0.00,0,0.00,0,0.00,0,0.00,0,0.00,0,0.00,0,0.00,0,0.00,0.00
M,151,Ângelo,4.5,4.5,Chelsea,0,0.00,0,0.00,0,0.00,0,0.00,0,0.00,0,0.00,0,0.00,0,0.00,0,0.00,0,0.00,0,0.00,0,0.00,0.00
G,152,Arrizabalaga,4.5,4.5,Chelsea,0,0.00,0,0.00,0,0.00,0,0.00,0,0.00,0,0.00,0,0.00,0,0.00,0,0.00,0,0.00,0,0.00,0,0.00,0.00
D,153,B.Badiashile,4.5,4.5,Chelsea,49,1.22,44,1.69,44,1.81,41,1.48,40,1.33,40,1.59,40,1.82,40,0.94,40,1.44,41,1.22,40,1.10,40,1.63,0.00
G,154,Bergström,4.0,4.0,Chelsea,0,0.00,0,0.00,0,0.00,0,0.00,0,0.00,0,0.00,0,0.00,0,0.00,0,0.00,0,0.00,0,0.00,0,0.00,0.00
G,155,Bettinelli,4.0,4.0,Chelsea,0,0.00,0,0.00,0,0.00,0,0.00,0,0.00,0,0.00,0,0.00,0,0.00,0,0.00,0,0.00,0,0.00,0,0.00,0.00
F,156,Broja,5.5,5.5,Chelsea,5,0.35,7,0.52,9,0.68,10,0.72,10,0.66,9,0.65,10,0.80,9,0.56,11,0.74,13,0.77,12,0.66,12,0.88,0.00
M,157,Caicedo,5.0,5.0,Chelsea,76,1.99,75,2.21,76,2.30,72,2.08,74,2.05,70,2.15,69,2.24,70,1.78,69,2.04,70,1.89,70,1.82,67,2.06,0.01
M,158,Casadei,4.5,4.5,Chelsea,0,0.00,0,0.00,0,0.00,0,0.00,0,0.00,0,0.00,0,0.00,0,0.00,0,0.00,0,0.00,0,0.00,0,0.00,0.00
D,159,Chalobah,4.5,4.5,Chelsea,32,0.77,35,1.32,35,1.44,28,0.97,29,0.94,29,1.11,27,1.21,28,0.61,30,1.03,29,0.84,29,0.78,30,1.18,0.00
D,160,Chilwell,5.0,5.0,Chelsea,45,1.48,27,1.27,28,1.43,26,1.18,27,1.14,26,1.31,27,1.53,27,0.85,30,1.37,29,1.11,31,1.08,29,1.46,0.01
M,161,Chukwuemeka,5.0,5.0,Chelsea,3,0.21,4,0.29,6,0.40,7,0.42,7,0.40,7,0.42,8,0.49,7,0.39,9,0.54,8,0.43,8,0.42,8,0.48,0.00
D,162,Colwill,4.5,4.5,Chelsea,48,1.27,43,1.67,44,1.86,46,1.67,43,1.44,42,1.69,44,2.00,43,1.04,42,1.51,42,1.26,45,1.27,43,1.77,0.01
D,163,Cucurella,5.0,5.0,Chelsea,48,1.22,71,2.71,71,2.92,67,2.34,67,2.14,67,2.61,64,2.94,65,1.41,62,2.21,62,1.74,61,1.57,62,2.50,0.06
F,164,D.D.Fofana,5.5,5.5,Chelsea,0,0.00,0,0.00,0,0.00,0,0.00,1,0.11,1,0.12,1,0.14,1,0.12,2,0.17,0,0.00,1,0.10,2,0.16,0.00
F,165,Deivid,5.0,5.0,Chelsea,0,0.00,0,0.00,0,0.00,0,0.00,0,0.00,0,0.00,0,0.00,0,0.00,0,0.00,0,0.00,0,0.00,0,0.00,0.00
M,166,Dewsbury-Hall,6.0,6.0,Chelsea,17,0.72,20,0.92,21,1.01,22,1.00,24,1.06,24,1.19,25,1.26,25,0.99,26,1.22,25,1.06,25,0.97,25,1.25,0.00
D,167,Disasi,4.5,4.5,Chelsea,31,0.79,29,1.09,30,1.24,28,0.95,26,0.84,29,1.13,30,1.32,30,0.69,28,1.00,33,0.95,31,0.82,29,1.13,0.01
M,168,Enzo,5.0,5.0,Chelsea,87,2.63,84,2.94,83,3.25,82,2.96,80,2.85,79,3.15,81,3.46,79,2.43,81,3.08,81,2.67,79,2.44,78,3.09,0.01
M,169,Gallagher,6.0,6.0,Chelsea,11,0.42,8,0.35,6,0.26,6,0.25,6,0.25,5,0.26,5,0.24,6,0.23,5,0.24,4,0.17,6,0.23,7,0.31,0.01
D,170,Gilchrist,4.0,4.0,Chelsea,0,0.00,0,0.00,0,0.00,0,0.00,0,0.00,0,0.00,0,0.00,0,0.00,0,0.00,0,0.00,0,0.00,0,0.00,0.00
D,171,Gusto,5.0,5.0,Chelsea,82,2.14,77,3.15,74,3.34,50,1.95,43,1.59,36,1.57,36,1.77,35,0.97,36,1.48,35,1.16,37,1.15,36,1.61,0.03
D,172,James,5.0,5.0,Chelsea,0,0.00,0,0.00,0,0.00,38,1.85,46,2.02,54,2.87,53,3.18,54,1.69,53,2.52,55,2.17,52,1.89,55,2.92,0.00
M,173,Kellyman,4.5,4.5,Chelsea,0,0.00,0,0.00,0,0.00,0,0.00,0,0.00,0,0.00,0,0.00,0,0.00,0,0.00,0,0.00,0,0.00,0,0.00,0.00
M,174,Lavia,4.5,4.5,Chelsea,28,0.96,31,1.10,31,1.15,33,1.13,33,1.12,34,1.21,35,1.29,32,1.03,32,1.13,31,1.03,32,1.03,34,1.21,0.01
F,175,Lukaku,6.5,6.5,Chelsea,0,0.00,0,0.00,0,0.00,0,0.00,0,0.00,0,0.00,0,0.00,0,0.00,0,0.00,0,0.00,0,0.00,0,0.00,0.01
D,176,M.Sarr,4.5,4.5,Chelsea,0,0.00,0,0.00,0,0.00,0,0.00,0,0.00,0,0.00,0,0.00,0,0.00,0,0.00,0,0.00,0,0.00,0,0.00,0.00
M,177,Madueke,6.5,6.5,Chelsea,30,1.51,31,1.77,30,1.95,31,1.77,31,1.75,31,1.91,30,2.06,31,1.52,31,1.84,33,1.70,29,1.45,29,1.85,0.01
F,178,Marc Guiu,5.0,5.0,Chelsea,0,0.00,0,0.00,0,0.00,0,0.00,0,0.00,0,0.00,0,0.00,0,0.00,0,0.00,0,0.00,0,0.00,0,0.00,0.01
M,179,Mudryk,6.5,6.5,Chelsea,33,1.65,33,1.90,34,2.13,35,2.02,33,1.86,35,2.19,33,2.25,34,1.65,35,2.08,33,1.77,33,1.59,33,2.09,0.00
F,180,N.Jackson,7.5,7.5,Chelsea,53,2.43,52,2.80,55,3.28,52,2.92,51,2.73,53,3.26,51,3.32,52,2.37,50,2.99,51,2.59,52,2.28,52,3.20,0.02
M,181,Nkunku,6.5,6.5,Chelsea,75,3.88,71,4.53,69,4.85,68,4.48,68,4.30,66,4.88,66,5.32,66,3.39,66,4.61,65,3.84,66,3.37,64,4.80,0.17
M,182,Palmer,10.5,10.5,Chelsea,85,4.78,86,5.79,83,6.53,81,5.67,81,5.44,81,6.38,79,6.76,80,4.26,79,5.92,79,4.82,80,4.39,78,6.12,0.39
G,183,Petrović,4.5,4.5,Chelsea,2,0.07,2,0.08,1,0.06,4,0.14,4,0.15,4,0.14,5,0.21,5,0.16,6,0.22,5,0.16,4,0.15,6,0.24,0.01
M,184,Renato Veiga,4.5,4.5,Chelsea,0,0.00,0,0.00,0,0.00,0,0.00,0,0.00,0,0.00,0,0.00,0,0.00,0,0.00,0,0.00,0,0.00,1,0.07,0.00
G,185,Sánchez,4.5,4.5,Chelsea,48,1.63,47,1.82,50,1.96,46,1.67,46,1.65,45,1.72,43,1.76,47,1.57,44,1.59,48,1.66,46,1.57,44,1.73,0.03
M,186,Sterling,7.0,7.0,Chelsea,24,1.28,27,1.70,26,1.75,27,1.68,28,1.75,27,1.88,29,2.08,28,1.48,28,1.82,28,1.63,30,1.56,29,1.96,0.02
D,187,Tosin,4.5,4.5,Chelsea,27,0.67,30,1.11,27,1.07,28,0.96,26,0.83,26,1.01,28,1.25,28,0.64,31,1.08,27,0.78,27,0.69,26,1.04,0.00
M,188,Ugochukwu,4.5,4.5,Chelsea,3,0.17,4,0.24,5,0.28,5,0.29,6,0.33,7,0.36,7,0.36,7,0.34,7,0.36,7,0.33,7,0.32,7,0.35,0.00
D,189,W.Fofana,4.5,4.5,Chelsea,28,0.73,31,1.20,35,1.42,39,1.35,40,1.29,39,1.53,38,1.70,39,0.89,37,1.31,37,1.05,37,0.99,40,1.54,0.00
M,190,Ahamada,4.5,4.5,Crystal Palace,2,0.10,2,0.12,2,0.11,3,0.16,3,0.15,3,0.17,4,0.21,4,0.20,4,0.19,3,0.18,5,0.25,5,0.23,0.00
D,191,Andersen,4.5,4.5,Crystal Palace,92,2.78,89,3.04,87,1.81,87,3.73,86,2.67,85,2.81,84,2.07,86,2.81,84,2.41,84,2.80,85,3.18,84,2.04,0.21
M,192,J.Ayew,5.5,5.5,Crystal Palace,29,1.49,31,1.72,29,1.35,33,2.03,31,1.61,31,1.53,33,1.57,33,1.70,30,1.52,35,1.69,33,1.85,32,1.53,0.01
M,193,C.Doucouré,5.0,5.0,Crystal Palace,34,1.23,37,1.36,39,1.27,37,1.49,39,1.36,37,1.26,38,1.29,38,1.33,38,1.31,38,1.32,39,1.42,40,1.31,0.00
D,194,C.Richards,4.5,4.5,Crystal Palace,52,1.54,55,1.81,54,1.11,54,2.15,53,1.58,51,1.64,54,1.32,52,1.65,53,1.51,54,1.74,53,1.88,54,1.29,0.00
D,195,Chadi Riad,4.5,4.5,Crystal Palace,3,0.09,4,0.13,7,0.15,6,0.22,7,0.21,9,0.29,9,0.22,9,0.29,10,0.28,9,0.27,7,0.24,8,0.21,0.00
D,196,Clyne,4.5,4.5,Crystal Palace,12,0.40,16,0.59,17,0.45,19,0.83,21,0.71,23,0.81,23,0.68,24,0.86,25,0.82,24,0.84,23,0.92,24,0.69,0.00
M,197,Ebiowei,4.5,4.5,Crystal Palace,0,0.00,0,0.00,0,0.00,0,0.00,0,0.00,0,0.00,0,0.00,0,0.00,0,0.00,0,0.00,0,0.00,0,0.00,0.00
F,198,Edouard,5.5,5.5,Crystal Palace,66,3.30,48,2.82,30,1.54,31,2.15,33,1.92,34,1.84,33,1.74,34,1.89,33,1.80,32,1.74,34,2.09,35,1.78,0.01
M,199,Eze,7.0,7.0,Crystal Palace,85,4.77,80,5.31,74,3.76,68,4.79,74,4.51,70,3.85,72,3.90,74,4.33,73,4.28,70,3.94,69,4.70,72,3.66,0.35
D,200,Guéhi,4.5,4.5,Crystal Palace,91,2.83,89,3.08,88,1.84,86,3.63,86,2.71,85,2.80,83,2.13,84,2.79,84,2.46,83,2.79,83,3.08,84,2.07,0.08
G,201,Henderson,4.5,4.5,Crystal Palace,89,3.20,88,3.24,88,2.92,86,3.41,85,3.00,85,3.15,84,2.79,81,2.99,84,2.94,85,3.18,83,3.15,82,2.82,0.15
D,202,Holding,4.5,4.5,Crystal Palace,1,0.03,2,0.06,3,0.06,3,0.11,4,0.12,5,0.13,5,0.12,6,0.16,5,0.13,4,0.13,4,0.14,5,0.13,0.00
M,203,Hughes,5.0,5.0,Crystal Palace,9,0.42,12,0.54,12,0.49,14,0.64,13,0.54,15,0.60,14,0.57,15,0.64,13,0.51,14,0.60,16,0.70,15,0.61,0.00
G,204,Johnstone,4.5,4.5,Crystal Palace,6,0.22,6,0.24,7,0.24,9,0.36,10,0.34,10,0.37,11,0.37,14,0.50,10,0.36,10,0.37,11,0.43,13,0.45,0.01
M,205,Kamada,5.5,5.5,Crystal Palace,56,2.70,58,3.07,58,2.49,57,3.48,55,2.79,56,2.64,56,2.56,55,2.72,56,2.69,55,2.62,55,3.01,55,2.46,0.01
M,206,Lerma,5.0,5.0,Crystal Palace,65,2.06,64,2.16,62,1.78,63,2.34,63,2.05,63,1.97,61,1.82,59,1.88,61,1.93,60,1.88,61,2.07,60,1.76,0.00
F,207,Mateta,7.5,7.5,Crystal Palace,19,1.17,45,2.77,74,3.38,72,4.96,71,3.89,70,3.58,71,3.52,69,3.67,71,3.71,70,3.57,70,4.20,68,3.28,0.07
M,208,M.França,4.5,4.5,Crystal Palace,11,0.61,13,0.73,13,0.66,14,0.93,14,0.79,15,0.83,15,0.81,16,0.87,16,0.90,17,0.92,17,1.03,17,0.87,0.00
G,209,Matthews,4.0,4.0,Crystal Palace,0,0.00,0,0.00,0,0.00,0,0.00,0,0.00,0,0.00,0,0.00,0,0.00,0,0.00,0,0.00,0,0.00,0,0.00,0.01
D,210,Mitchell,5.0,5.0,Crystal Palace,84,2.69,83,2.93,82,1.76,80,3.44,80,2.54,79,2.64,79,2.00,80,2.69,78,2.35,79,2.62,77,2.91,78,1.95,0.03
D,211,Muñoz,5.0,5.0,Crystal Palace,89,2.99,85,3.30,83,1.95,80,3.87,79,2.77,76,2.76,76,2.14,77,2.85,76,2.46,77,2.81,77,3.21,79,2.15,0.04
M,212,Ozoh,4.5,4.5,Crystal Palace,0,0.00,0,0.00,0,0.00,0,0.00,0,0.00,0,0.00,0,0.00,0,0.00,0,0.00,0,0.00,0,0.00,0,0.00,0.00
M,213,Rak-Sakyi,4.5,4.5,Crystal Palace,2,0.18,3,0.23,3,0.21,4,0.35,4,0.29,5,0.36,4,0.28,5,0.37,5,0.33,5,0.35,6,0.41,4,0.28,0.00
M,214,Schlupp,5.0,5.0,Crystal Palace,7,0.39,7,0.41,9,0.45,11,0.61,12,0.56,12,0.55,12,0.56,12,0.59,13,0.63,12,0.59,12,0.64,13,0.63,0.00
D,215,Ward,4.5,4.5,Crystal Palace,5,0.13,7,0.20,8,0.17,9,0.33,11,0.32,12,0.39,12,0.32,12,0.36,11,0.34,13,0.41,13,0.47,12,0.30,0.00
M,216,Wharton,5.0,5.0,Crystal Palace,83,2.65,80,2.85,79,2.35,77,3.07,77,2.61,76,2.49,77,2.42,77,2.56,76,2.51,76,2.47,73,2.70,72,2.29,0.01
M,217,A.Doucoure,5.5,5.5,Everton,82,3.23,80,2.59,77,3.37,78,2.78,76,3.22,75,3.14,74,2.96,74,3.25,74,3.23,75,3.10,73,2.77,73,3.17,0.01
F,218,Beto,5.0,5.0,Everton,26,1.62,24,1.29,24,1.60,26,1.44,24,1.56,28,1.70,27,1.72,27,1.68,26,1.73,26,1.63,28,1.55,28,1.74,0.00
D,219,Branthwaite,5.0,5.0,Everton,0,0.00,34,0.66,68,2.34,80,1.76,79,2.50,78,2.63,78,2.11,78,2.62,78,2.69,76,2.43,79,1.88,77,2.71,0.04
F,220,Calvert-Lewin,6.0,6.0,Everton,71,3.97,69,3.08,66,4.00,64,3.05,63,3.71,61,3.44,61,3.37,61,3.58,61,3.64,61,3.47,60,3.01,61,3.63,0.02
D,221,Coleman,4.5,4.5,Everton,0,0.00,18,0.47,33,1.31,37,1.07,39,1.43,37,1.42,37,1.22,37,1.42,36,1.43,38,1.39,37,1.11,37,1.47,0.00
M,222,Gana,5.0,5.0,Everton,84,2.37,78,2.01,74,2.27,73,1.95,71,2.11,71,2.15,70,2.03,71,2.15,71,2.16,68,2.02,70,1.91,68,2.08,0.00
M,223,Garner,5.0,5.0,Everton,0,0.00,34,1.01,63,2.27,76,2.27,76,2.59,73,2.53,73,2.45,72,2.62,72,2.60,71,2.46,72,2.29,72,2.63,0.00
M,224,Harrison,5.5,5.5,Everton,74,3.26,70,2.57,68,3.17,65,2.57,66,2.99,64,2.90,64,2.79,63,2.96,62,2.92,63,2.87,62,2.54,63,2.92,0.00
D,225,Holgate,4.0,4.0,Everton,25,0.90,21,0.57,14,0.52,8,0.25,10,0.34,11,0.42,12,0.41,12,0.44,12,0.47,13,0.46,12,0.38,13,0.51,0.01
M,226,Iroegbunam,4.5,4.5,Everton,58,1.96,46,1.45,35,1.32,32,1.12,33,1.22,35,1.29,35,1.27,35,1.32,37,1.38,39,1.41,38,1.32,37,1.36,0.00
G,227,J.Virginia,4.0,4.0,Everton,1,0.04,2,0.06,3,0.11,3,0.11,4,0.14,4,0.16,4,0.15,4,0.14,4,0.15,3,0.11,3,0.11,4,0.15,0.01
D,228,Keane,4.0,4.0,Everton,17,0.59,16,0.38,8,0.25,5,0.11,6,0.18,6,0.20,8,0.21,8,0.27,8,0.28,8,0.27,7,0.18,8,0.28,0.02
F,229,Maupay,5.0,5.0,Everton,27,1.48,27,1.25,24,1.44,24,1.21,26,1.51,26,1.41,27,1.45,29,1.62,28,1.65,28,1.52,30,1.47,28,1.57,0.02
M,230,McNeil,5.5,5.5,Everton,88,3.91,85,3.00,82,3.85,80,3.00,78,3.46,79,3.39,80,3.34,80,3.64,80,3.62,78,3.38,78,3.03,78,3.55,0.01
D,231,Mykolenko,4.5,4.5,Everton,91,2.96,87,1.79,83,3.00,82,1.94,80,2.70,79,2.80,79,2.32,79,2.85,78,2.80,78,2.64,79,2.06,78,2.93,0.11
F,232,Ndiaye,5.5,5.5,Everton,55,2.54,51,2.08,47,2.45,42,1.86,45,2.26,47,2.29,46,2.19,45,2.31,45,2.29,46,2.23,45,2.04,46,2.31,0.00
M,233,Onana,5.0,5.0,Aston Villa,59,1.96,55,1.73,53,1.97,41,1.63,28,1.16,22,0.95,24,0.99,24,0.94,24,1.04,24,0.89,25,0.89,24,0.98,0.01
D,234,Patterson,4.5,4.5,Everton,0,0.00,0,0.00,7,0.26,18,0.52,18,0.64,19,0.70,18,0.59,21,0.78,21,0.78,20,0.69,21,0.61,21,0.78,0.00
G,235,Pickford,5.0,5.0,Everton,94,3.39,93,3.02,92,3.48,92,3.12,91,3.47,91,3.40,90,3.11,91,3.44,91,3.45,92,3.44,92,3.17,91,3.46,0.17
D,236,Tarkowski,5.0,5.0,Everton,93,2.93,89,1.74,88,3.08,87,1.91,87,2.77,86,2.94,86,2.36,85,2.88,85,2.95,85,2.73,84,2.04,83,2.95,0.02
F,237,Y. Chermiti,5.0,5.0,Everton,0,0.00,0,0.00,0,0.00,0,0.00,0,0.00,0,0.00,0,0.00,0,0.00,0,0.00,0,0.00,0,0.00,0,0.00,0.00
D,238,Young,4.5,4.5,Everton,77,2.74,69,1.59,61,2.40,53,1.41,54,1.95,52,2.02,54,1.79,51,1.98,53,2.06,53,1.94,53,1.56,53,2.17,0.00
M,239,Adama,5.0,5.0,Fulham,62,2.54,59,3.37,57,2.95,56,2.81,56,2.67,56,2.57,54,1.93,56,2.70,56,2.47,55,2.86,56,2.41,55,2.80,0.00
M,240,Andreas,5.5,5.5,Fulham,74,3.13,64,3.90,59,3.12,57,3.05,58,2.88,57,2.77,57,2.02,58,2.99,56,2.62,56,3.07,55,2.45,56,3.03,0.04
D,241,Bassey,4.5,4.5,Fulham,87,1.73,85,3.16,81,2.61,79,2.39,79,2.04,76,2.23,75,0.78,74,2.08,76,2.19,75,2.55,75,1.90,73,2.67,0.00
G,242,Benda,4.0,4.0,Fulham,1,0.04,2,0.10,3,0.13,3,0.13,4,0.14,4,0.16,4,0.12,3,0.10,4,0.15,4,0.15,3,0.12,4,0.16,0.00
M,243,Cairney,5.0,5.0,Fulham,31,1.26,36,1.75,41,1.82,41,1.79,43,1.76,43,1.76,43,1.42,44,1.84,45,1.75,44,1.91,44,1.68,44,1.93,0.00
D,244,Castagne,4.5,4.5,Fulham,78,1.79,76,3.25,72,2.64,73,2.53,71,2.13,70,2.34,69,0.89,70,2.24,70,2.28,68,2.60,67,1.91,68,2.76,0.03
D,245,Diop,4.5,4.5,Fulham,89,1.74,88,3.21,87,2.73,84,2.49,83,2.11,83,2.36,82,0.81,84,2.23,83,2.33,82,2.71,84,2.02,82,2.88,0.00
M,246,Harris,4.5,4.5,Fulham,0,0.00,0,0.00,0,0.00,0,0.00,0,0.00,0,0.00,0,0.00,0,0.00,0,0.00,0,0.00,0,0.00,0,0.00,0.00
M,247,Iwobi,5.5,5.5,Fulham,84,3.04,81,4.15,79,3.58,76,3.40,77,3.26,76,3.12,76,2.34,75,3.21,75,2.98,75,3.40,75,2.85,76,3.42,0.01
G,248,Leno,5.0,5.0,Fulham,94,3.21,93,3.65,91,3.50,92,3.32,91,3.12,91,3.29,91,2.99,92,3.23,91,3.36,91,3.41,91,3.22,91,3.56,0.03
M,249,Lukić,5.0,5.0,Fulham,74,2.39,69,2.90,65,2.55,62,2.42,63,2.30,61,2.22,61,1.83,59,2.22,60,2.15,60,2.42,63,2.16,60,2.41,0.00
D,250,Mbabu,4.0,4.0,Fulham,4,0.08,7,0.26,10,0.34,11,0.36,13,0.39,12,0.40,14,0.23,15,0.48,15,0.46,15,0.54,16,0.47,17,0.68,0.01
F,251,Muniz,6.0,6.0,Fulham,76,3.46,74,4.78,72,4.08,70,3.92,69,3.71,68,3.57,67,2.54,67,3.63,66,3.30,65,3.81,66,3.15,65,3.70,0.07
F,252,Raúl,5.5,5.5,Fulham,21,1.21,23,1.70,25,1.62,26,1.70,26,1.66,27,1.57,27,1.22,27,1.62,27,1.52,27,1.69,27,1.49,27,1.71,0.01
D,253,Ream,4.5,4.5,Fulham,0,0.00,0,0.00,0,0.00,0,0.00,0,0.00,0,0.00,0,0.00,0,0.00,0,0.00,0,0.00,0,0.00,0,0.00,0.00
M,254,Reed,5.0,5.0,Fulham,37,1.24,41,1.59,42,1.52,46,1.60,45,1.53,48,1.60,46,1.34,46,1.56,49,1.59,48,1.70,47,1.51,48,1.71,0.00
D,255,Robinson,4.5,4.5,Fulham,85,1.82,82,3.37,81,2.83,79,2.58,77,2.18,75,2.37,75,0.85,74,2.20,74,2.27,74,2.71,76,2.02,72,2.78,0.08
F,256,Stansfield,5.0,5.0,Fulham,0,0.00,0,0.00,0,0.00,0,0.00,0,0.00,1,0.09,2,0.09,1,0.10,1,0.09,1,0.08,2,0.10,1,0.10,0.00
D,257,Tete,4.5,4.5,Fulham,17,0.50,19,0.85,22,0.88,23,0.86,25,0.85,26,0.93,27,0.50,26,0.91,26,0.94,29,1.16,28,0.90,29,1.22,0.00
F,258,Vinicius,5.0,5.0,Fulham,3,0.25,5,0.46,6,0.48,8,0.54,8,0.53,8,0.54,9,0.44,9,0.58,10,0.59,10,0.65,10,0.57,11,0.69,0.01
M,259,Wilson,5.5,5.5,Fulham,29,1.47,32,2.09,36,2.11,38,2.17,37,2.00,38,2.03,40,1.56,39,2.14,38,1.97,40,2.36,39,1.90,39,2.22,0.00
F,260,Al-Hamadi,5.0,5.0,Ipswich,18,1.02,19,0.92,19,1.25,19,1.07,22,1.34,19,1.20,14,0.83,9,0.64,10,0.61,9,0.68,9,0.55,10,0.61,0.00
D,261,Baggott,4.0,4.0,Ipswich,0,0.00,0,0.00,0,0.00,0,0.00,0,0.00,0,0.00,0,0.00,0,0.00,0,0.00,0,0.00,0,0.00,0,0.00,0.00
M,262,Broadhead,5.0,5.0,Ipswich,0,0.00,0,0.00,0,0.00,0,0.00,0,0.00,21,1.08,40,1.87,49,2.51,49,2.24,50,2.94,50,2.03,50,2.41,0.00
D,263,Burgess,4.0,4.0,Ipswich,54,0.85,54,0.28,56,1.54,58,1.02,59,1.50,56,1.24,54,0.94,55,1.66,57,1.19,59,1.89,58,0.76,57,1.24,0.00
M,264,Burns,5.0,5.0,Ipswich,60,2.35,59,1.95,61,2.87,60,2.37,59,2.63,56,2.45,53,2.14,47,2.22,47,1.97,47,2.42,47,1.77,49,2.10,0.00
M,265,Chaplin,5.5,5.5,Ipswich,61,2.85,59,2.24,60,3.41,61,2.86,57,3.05,53,2.79,47,2.27,48,2.72,48,2.38,46,2.87,47,2.04,47,2.38,0.00
D,266,Clarke,4.0,4.0,Ipswich,0,0.00,0,0.00,0,0.00,0,0.00,0,0.00,0,0.00,0,0.00,0,0.00,0,0.00,0,0.00,0,0.00,0,0.00,0.00
D,267,Davis,4.5,4.5,Ipswich,85,1.77,82,0.64,78,2.71,78,1.75,78,2.48,75,2.14,75,1.72,73,2.77,73,1.97,74,3.04,74,1.27,73,2.05,0.02
F,268,Delap,5.5,5.5,Ipswich,65,2.76,66,2.20,68,3.31,68,2.80,64,3.05,65,2.88,60,2.54,53,2.54,56,2.45,55,2.92,55,2.14,54,2.44,0.00
D,269,Edmundson,4.0,4.0,Ipswich,14,0.28,18,0.17,18,0.53,18,0.38,21,0.56,19,0.48,22,0.47,20,0.64,22,0.56,21,0.72,23,0.38,24,0.59,0.00
D,270,Greaves,4.0,4.0,Ipswich,68,1.03,68,0.28,67,1.78,66,1.13,65,1.57,66,1.46,65,1.14,67,2.04,62,1.30,62,1.97,62,0.75,64,1.38,0.01
M,271,Harness,5.0,5.0,Ipswich,57,2.20,59,1.92,55,2.54,58,2.25,57,2.50,53,2.29,49,1.98,44,2.02,43,1.80,45,2.29,45,1.71,45,1.96,0.00
F,272,Hirst,5.5,5.5,Ipswich,0,0.00,0,0.00,0,0.00,0,0.00,0,0.00,0,0.00,15,0.78,37,2.08,37,1.86,36,2.26,37,1.69,37,1.93,0.00
M,273,Humphreys,4.5,4.5,Ipswich,1,0.06,4,0.20,6,0.28,6,0.28,6,0.29,8,0.33,7,0.30,6,0.29,10,0.39,7,0.33,8,0.33,9,0.37,0.00
M,274,Hutchinson,5.5,5.5,Ipswich,79,2.94,76,2.30,76,3.29,74,2.80,74,3.13,71,2.97,70,2.65,68,2.93,65,2.52,66,3.19,65,2.29,64,2.63,0.01
D,275,Johnson,4.0,4.0,Ipswich,73,1.31,72,0.47,70,2.08,70,1.37,70,1.89,68,1.65,68,1.34,66,2.16,67,1.59,66,2.27,69,1.01,67,1.58,0.03
F,276,Ladapo,4.5,4.5,Ipswich,19,1.04,19,0.87,19,1.20,20,1.10,22,1.34,21,1.23,15,0.81,9,0.58,9,0.56,10,0.70,10,0.53,10,0.60,0.02
M,277,Luongo,4.5,4.5,Ipswich,78,2.10,74,1.77,74,2.29,71,1.96,72,2.12,69,2.02,71,1.94,70,2.15,68,1.90,70,2.32,70,1.80,68,1.95,0.00
M,278,Morsy,5.0,5.0,Ipswich,89,2.19,88,1.85,85,2.33,85,2.02,85,2.18,83,2.14,82,1.96,84,2.26,79,1.94,79,2.31,79,1.78,79,1.98,0.00
D,279,Ndaba,4.0,4.0,Ipswich,0,0.00,0,0.00,0,0.00,0,0.00,0,0.00,0,0.00,0,0.00,0,0.00,0,0.00,0,0.00,0,0.00,0,0.00,0.00
G,280,Slicker,4.0,4.0,Ipswich,0,0.00,0,0.00,0,0.00,0,0.00,0,0.00,0,0.00,0,0.00,0,0.00,0,0.00,1,0.04,0,0.00,0,0.00,0.01
M,281,Taylor,5.0,5.0,Ipswich,25,1.00,28,0.97,29,1.22,32,1.20,31,1.28,33,1.31,30,1.17,30,1.23,34,1.28,32,1.42,33,1.16,33,1.28,0.00
D,282,Tuanzebe,4.0,4.0,Ipswich,25,0.51,27,0.28,31,0.93,29,0.62,30,0.82,34,0.83,34,0.71,35,1.12,34,0.83,33,1.11,34,0.54,35,0.84,0.01
G,283,Walton,4.5,4.5,Ipswich,2,0.07,3,0.08,4,0.14,3,0.10,4,0.15,5,0.17,5,0.16,6,0.22,6,0.19,6,0.22,6,0.20,8,0.27,0.00
D,284,Woolfenden,4.0,4.0,Ipswich,68,0.94,65,0.25,63,1.56,63,0.99,61,1.37,61,1.22,60,0.94,61,1.70,62,1.18,60,1.74,59,0.68,57,1.10,0.01
M,285,B.Soumaré,4.5,4.5,Leicester,42,1.13,42,1.14,46,1.22,45,1.18,47,1.33,46,1.10,44,1.25,46,1.25,45,1.31,45,1.27,45,1.12,44,1.17,0.00
F,286,Cannon,4.5,4.5,Leicester,47,2.26,27,1.43,7,0.49,7,0.43,7,0.50,9,0.45,8,0.59,8,0.52,9,0.61,9,0.58,9,0.53,9,0.58,0.01
M,287,Choudhury,4.5,4.5,Leicester,38,1.07,43,1.16,44,1.20,46,1.21,48,1.36,49,1.19,50,1.41,50,1.33,46,1.33,51,1.39,52,1.29,49,1.28,0.00
D,288,Coady,4.0,4.0,Leicester,0,0.00,0,0.00,0,0.00,0,0.00,6,0.19,14,0.18,18,0.57,17,0.50,18,0.60,18,0.57,17,0.34,20,0.48,0.01
F,289,Daka,5.0,5.0,Leicester,27,1.48,44,2.27,48,2.61,44,2.12,43,2.47,45,1.77,44,2.59,44,2.47,44,2.68,44,2.60,42,2.03,44,2.27,0.01
M,290,De Cordova-Reid,5.5,5.5,Leicester,48,2.32,46,2.15,44,2.11,42,1.89,42,2.11,42,1.52,44,2.30,41,2.04,42,2.19,42,2.13,41,1.76,44,1.97,0.00
D,291,Faes,4.0,4.0,Leicester,89,1.86,86,1.87,85,2.03,84,1.75,81,2.62,79,0.61,78,2.28,80,2.15,79,2.55,79,2.27,79,1.22,78,1.55,0.07
M,292,Golding,4.5,4.5,Leicester,0,0.00,0,0.00,0,0.00,0,0.00,0,0.00,0,0.00,0,0.00,0,0.00,0,0.00,0,0.00,1,0.07,1,0.07,0.00
G,293,Hermansen,4.5,4.5,Leicester,94,3.16,93,3.12,91,3.11,90,3.06,90,3.32,90,2.92,89,3.17,88,3.10,88,3.23,87,3.14,88,2.88,87,2.89,0.00
G,294,Iversen,4.0,4.0,Leicester,1,0.04,2,0.08,3,0.12,4,0.14,4,0.17,5,0.16,6,0.20,6,0.22,6,0.25,8,0.27,7,0.23,7,0.25,0.01
D,295,Justin,4.5,4.5,Leicester,30,0.78,33,0.89,31,0.89,35,0.89,37,1.34,35,0.43,37,1.24,36,1.10,38,1.40,36,1.21,37,0.73,36,0.88,0.00
D,296,Kristiansen,4.5,4.5,Leicester,58,1.40,55,1.38,55,1.49,54,1.30,53,1.85,52,0.59,50,1.63,50,1.50,51,1.80,51,1.60,51,1.00,52,1.21,0.00
M,297,Marcal,4.5,4.5,Leicester,5,0.32,4,0.30,4,0.30,4,0.27,6,0.37,5,0.30,5,0.36,6,0.39,7,0.45,7,0.43,7,0.40,7,0.41,0.00
M,298,Mavididi,5.5,5.5,Leicester,79,4.11,75,3.66,72,3.68,71,3.17,69,3.68,70,2.44,67,3.73,70,3.63,69,3.86,67,3.67,69,2.88,68,3.30,0.01
M,299,McAteer,5.0,5.0,Leicester,14,0.79,15,0.81,13,0.74,14,0.75,14,0.83,15,0.68,15,0.92,16,0.92,16,0.98,17,1.01,18,0.93,17,0.95,0.00
M,300,Ndidi,5.0,5.0,Leicester,74,2.27,69,2.16,67,2.22,66,2.02,66,2.29,65,1.73,64,2.21,63,2.15,64,2.30,64,2.20,61,1.85,63,1.98,0.00
D,301,Okoli,4.0,4.0,Leicester,66,1.33,64,1.31,65,1.43,64,1.28,61,1.82,62,0.43,61,1.64,60,1.47,62,1.91,60,1.61,60,0.90,61,1.14,0.00
D,302,Ricardo,4.5,4.5,Leicester,71,1.71,67,1.65,70,1.88,65,1.53,64,2.27,64,0.61,61,2.01,63,1.86,63,2.27,61,1.99,60,1.11,62,1.41,0.00
D,303,Souttar,4.0,4.0,Leicester,0,0.00,0,0.00,0,0.00,0,0.00,0,0.00,0,0.00,0,0.00,0,0.00,0,0.00,0,0.00,0,0.00,0,0.00,0.00
G,304,Stolarczyk,4.0,4.0,Leicester,0,0.00,0,0.00,0,0.00,0,0.00,0,0.00,0,0.00,0,0.00,0,0.00,0,0.00,0,0.00,0,0.00,0,0.00,0.00
D,305,Thomas,4.0,4.0,Leicester,19,0.52,22,0.64,22,0.65,23,0.62,23,0.84,23,0.38,24,0.81,25,0.80,23,0.87,25,0.82,25,0.57,24,0.64,0.01
F,306,Vardy,5.5,5.5,Leicester,3,0.20,19,1.01,48,2.67,55,2.67,56,3.33,53,2.08,54,3.32,54,2.95,54,3.29,55,3.18,54,2.54,54,2.89,0.02
D,307,Vestergaard,4.0,4.0,Leicester,44,0.95,47,1.07,47,1.14,49,1.03,50,1.59,47,0.41,48,1.40,47,1.26,46,1.47,47,1.35,49,0.80,46,0.93,0.02
G,308,Ward,4.0,4.0,Leicester,0,0.00,0,0.00,0,0.00,0,0.00,0,0.00,0,0.00,0,0.00,0,0.00,0,0.00,0,0.00,0,0.00,0,0.00,0.03
M,309,Winks,4.5,4.5,Leicester,87,2.30,84,2.20,84,2.32,82,2.13,78,2.34,78,1.78,77,2.27,77,2.14,79,2.33,78,2.21,77,1.92,76,2.02,0.13
G,310,A.Becker,5.5,5.5,Liverpool,94,4.00,93,3.99,92,3.45,92,3.99,91,3.82,90,3.67,91,3.56,91,3.46,90,3.13,91,3.70,91,3.58,91,3.80,0.10
D,311,Alexander-Arnold,7.0,7.0,Liverpool,84,4.90,80,4.82,79,3.19,78,4.85,76,4.51,77,3.95,74,3.44,76,3.63,74,2.09,73,4.05,73,3.80,75,4.21,0.28
M,312,Bajcetic,4.5,4.5,Liverpool,1,0.06,2,0.12,4,0.18,4,0.21,5,0.24,5,0.23,5,0.25,6,0.30,6,0.26,5,0.27,6,0.28,7,0.32,0.00
D,313,Bradley,5.0,5.0,Liverpool,14,0.71,18,0.95,22,0.94,24,1.40,25,1.35,23,1.16,25,1.15,24,1.13,25,0.84,25,1.32,27,1.33,25,1.33,0.01
M,314,Carvalho,5.0,5.0,Brentford,31,1.66,34,1.42,35,2.01,37,1.39,36,1.54,36,1.90,35,1.91,36,1.64,35,2.17,37,1.79,37,2.02,36,1.73,0.01
M,315,Clark,4.5,4.5,Liverpool,0,0.00,0,0.00,0,0.00,0,0.00,0,0.00,0,0.00,0,0.00,0,0.00,0,0.00,0,0.00,0,0.00,0,0.00,0.00
F,316,Darwin,7.5,7.5,Liverpool,41,2.92,44,3.07,47,2.61,49,3.51,51,3.56,50,2.94,52,2.93,51,3.15,53,2.25,49,3.25,51,3.26,50,3.29,0.06
M,317,Diogo J.,7.5,7.5,Liverpool,68,4.91,62,4.51,59,3.37,57,4.28,51,3.84,52,3.27,52,3.11,51,3.34,52,2.34,51,3.60,52,3.56,52,3.62,0.14
M,318,Doak,4.5,4.5,Liverpool,0,0.00,0,0.00,0,0.00,0,0.00,0,0.00,0,0.00,0,0.00,0,0.00,0,0.00,0,0.00,0,0.00,0,0.00,0.00
M,319,Elliott,5.5,5.5,Liverpool,23,1.40,27,1.57,28,1.35,30,1.79,31,1.78,31,1.59,33,1.64,32,1.66,32,1.33,34,1.86,34,1.81,32,1.77,0.01
M,320,Endo,5.0,5.0,Liverpool,40,1.63,44,1.76,44,1.54,46,1.88,43,1.75,45,1.63,43,1.53,43,1.59,43,1.33,43,1.67,44,1.66,43,1.64,0.00
F,321,Gakpo,7.5,7.5,Liverpool,28,2.00,35,2.42,37,2.07,39,2.71,41,2.77,42,2.40,41,2.35,42,2.56,41,1.84,42,2.72,41,2.59,43,2.73,0.05
D,322,Gomez,5.0,5.0,Liverpool,8,0.26,10,0.37,10,0.27,11,0.43,14,0.53,12,0.43,15,0.52,17,0.55,17,0.40,16,0.57,17,0.63,16,0.61,0.01
M,323,Gravenberch,5.0,5.0,Liverpool,41,1.92,39,1.80,40,1.59,38,1.82,42,1.94,39,1.66,40,1.65,40,1.72,41,1.41,42,1.85,41,1.79,40,1.81,0.00
M,324,Jones,5.5,5.5,Liverpool,19,0.98,22,1.18,24,1.08,26,1.42,26,1.38,27,1.30,27,1.24,28,1.33,27,1.05,29,1.47,29,1.39,30,1.46,0.00
G,325,Kelleher,4.5,4.5,Liverpool,0,0.00,2,0.09,3,0.11,3,0.14,4,0.16,5,0.18,4,0.16,4,0.17,5,0.16,4,0.18,4,0.16,4,0.15,0.00
D,326,Konaté,5.0,5.0,Liverpool,20,0.82,28,1.24,31,0.99,37,1.74,36,1.58,38,1.52,38,1.38,37,1.34,38,0.89,39,1.57,37,1.43,40,1.61,0.02
M,327,Luis Díaz,7.5,7.5,Liverpool,62,4.14,64,4.20,63,3.34,60,4.19,61,4.09,61,3.46,59,3.26,60,3.59,58,2.48,61,3.91,60,3.71,60,3.87,0.09
M,328,M.Salah,12.5,12.5,Liverpool,90,7.41,84,7.16,84,5.38,81,7.17,81,7.09,83,5.72,82,5.40,81,6.17,80,3.88,79,6.50,80,6.31,79,6.20,0.34
M,329,Mac Allister,6.5,6.5,Liverpool,88,3.84,85,3.94,84,3.12,81,4.02,82,4.00,82,3.39,81,3.11,80,3.46,82,2.53,79,3.64,79,3.49,78,3.50,0.03
M,330,McConnell,4.5,4.5,Liverpool,0,0.00,0,0.00,0,0.00,0,0.00,0,0.00,0,0.00,0,0.00,0,0.00,0,0.00,0,0.00,0,0.00,0,0.00,0.00
M,331,Morton,4.5,4.5,Liverpool,0,0.00,0,0.00,0,0.00,0,0.00,0,0.00,0,0.00,1,0.07,2,0.09,1,0.07,1,0.08,1,0.06,1,0.09,0.00
D,332,N.Phillips,4.0,4.0,Liverpool,0,0.00,0,0.00,0,0.00,0,0.00,0,0.00,0,0.00,0,0.00,0,0.00,0,0.00,0,0.00,0,0.00,0,0.00,0.00
D,333,Quansah,4.5,4.5,Liverpool,77,3.25,71,3.08,69,2.12,63,2.85,64,2.71,62,2.44,61,2.16,60,2.10,59,1.33,59,2.38,62,2.30,62,2.47,0.05
D,334,R.Williams,4.0,4.0,Liverpool,0,0.00,0,0.00,0,0.00,0,0.00,0,0.00,0,0.00,0,0.00,0,0.00,0,0.00,0,0.00,0,0.00,0,0.00,0.00
D,335,Robertson,6.0,6.0,Liverpool,27,1.44,57,3.15,79,3.02,78,4.54,78,4.27,78,3.78,76,3.28,75,3.34,74,1.95,75,3.81,74,3.54,72,3.76,0.05
M,336,Szoboszlai,6.5,6.5,Liverpool,64,3.76,62,3.69,60,2.86,58,3.55,57,3.48,55,2.95,56,2.83,55,3.03,55,2.23,55,3.22,53,2.99,57,3.28,0.02
D,337,Tsimikas,5.0,5.0,Liverpool,63,3.30,35,1.85,13,0.52,14,0.77,14,0.76,15,0.69,16,0.73,17,0.77,18,0.55,18,0.89,18,0.89,19,0.96,0.01
D,338,Van den Berg,4.0,4.0,Liverpool,0,0.00,0,0.00,1,0.04,2,0.09,3,0.11,3,0.12,3,0.11,3,0.12,3,0.07,4,0.15,4,0.14,3,0.13,0.00
D,339,Virgil,6.0,6.0,Liverpool,91,4.01,87,3.91,85,2.68,83,3.94,81,3.67,82,3.36,81,2.96,81,2.89,81,1.77,80,3.39,79,3.12,78,3.32,0.12
D,340,Akanji,5.5,5.5,Man City,63,2.23,59,3.35,57,2.33,56,2.86,55,1.96,57,2.12,53,2.70,53,2.53,56,3.04,53,2.34,54,2.20,53,2.32,0.04
D,341,Aké,5.5,5.5,Man City,57,2.16,60,3.57,55,2.39,54,2.89,56,2.13,52,2.09,54,2.90,55,2.69,55,3.16,57,2.64,54,2.37,58,2.65,0.03
M,342,Bernardo,6.5,6.5,Man City,77,3.60,68,4.56,62,3.13,64,3.82,62,2.67,62,2.92,62,3.77,63,3.23,62,4.07,58,3.05,59,2.91,56,2.90,0.04
M,343,Bobb,5.0,5.0,Man City,0,0.00,0,0.00,0,0.00,0,0.00,0,0.00,0,0.00,0,0.00,0,0.00,0,0.00,15,1.03,31,1.97,33,2.19,0.01
G,344,Carson,4.0,4.0,Man City,0,0.00,0,0.00,0,0.00,0,0.00,0,0.00,0,0.00,0,0.00,0,0.00,0,0.00,0,0.00,0,0.00,0,0.00,0.00
M,345,De Bruyne,9.5,9.5,Man City,55,3.24,70,6.33,68,4.39,65,5.00,67,3.75,67,4.17,63,5.00,63,4.17,63,5.54,64,4.21,65,4.06,65,4.26,0.07
M,346,Doku,6.5,6.5,Man City,73,3.83,61,4.85,50,2.99,50,3.45,51,2.56,50,2.80,49,3.41,47,2.93,47,3.60,49,3.00,45,2.65,45,2.73,0.03
G,347,Ederson M.,5.5,5.5,Man City,92,3.50,91,4.33,90,3.57,88,4.01,89,3.36,87,3.39,87,3.88,86,3.75,87,4.05,86,3.56,86,3.47,87,3.55,0.06
M,348,Foden,9.5,9.5,Man City,40,2.56,61,5.83,77,5.22,72,5.99,73,4.13,73,4.64,72,6.00,72,5.02,71,6.54,70,5.07,70,4.71,69,4.94,0.20
M,349,Grealish,6.5,6.5,Man City,11,0.68,33,2.67,45,2.66,43,3.03,42,2.18,41,2.35,43,3.02,42,2.57,44,3.38,39,2.42,39,2.29,39,2.41,0.00
D,350,Gvardiol,6.0,6.0,Man City,78,2.98,75,4.73,72,3.24,70,3.96,71,2.69,70,2.85,71,3.98,69,3.46,67,4.05,68,3.27,68,2.99,68,3.20,0.34
F,351,Haaland,15.0,15.0,Man City,89,6.47,82,9.50,81,6.39,79,7.62,80,5.23,78,5.82,76,7.46,77,6.01,75,8.47,77,6.34,76,5.91,76,6.42,0.50
F,352,J.Alvarez,7.0,7.0,Man City,0,0.00,0,0.00,0,0.00,0,0.00,0,0.00,0,0.00,0,0.00,0,0.00,0,0.00,0,0.00,0,0.00,0,0.00,0.01
D,353,João Cancelo,5.5,5.5,Man City,1,0.05,0,0.00,0,0.00,0,0.00,0,0.00,0,0.00,0,0.00,0,0.00,0,0.00,1,0.06,1,0.05,0,0.00,0.01
M,354,Kovačić,5.5,5.5,Man City,66,2.35,52,2.54,40,1.66,41,1.86,41,1.53,41,1.66,43,1.96,42,1.73,41,1.97,41,1.72,38,1.57,41,1.69,0.00
D,355,Lewis,4.5,4.5,Man City,45,1.84,31,1.89,11,0.49,11,0.55,12,0.48,12,0.47,13,0.69,15,0.71,15,0.86,14,0.66,13,0.57,12,0.56,0.01
M,356,Matheus N.,5.0,5.0,Man City,51,2.28,35,2.21,24,1.26,26,1.50,25,1.15,25,1.23,27,1.51,28,1.44,27,1.64,25,1.32,25,1.24,25,1.32,0.00
M,357,McAtee,5.0,5.0,Man City,12,0.81,8,0.85,6,0.52,9,0.80,9,0.59,10,0.68,9,0.79,10,0.76,11,1.01,9,0.68,7,0.52,7,0.54,0.00
G,358,Ortega Moreno,5.5,5.5,Man City,3,0.10,4,0.17,5,0.22,7,0.30,6,0.24,7,0.28,8,0.35,9,0.37,8,0.36,9,0.38,9,0.34,8,0.31,0.01
M,359,Phillips,5.0,5.0,Man City,1,0.09,1,0.12,2,0.12,1,0.12,2,0.14,2,0.13,2,0.17,2,0.17,3,0.22,2,0.16,2,0.13,2,0.14,0.00
M,360,Rodrigo,6.5,6.5,Man City,45,1.71,64,3.26,82,3.20,81,3.63,81,2.75,80,2.92,80,3.61,79,3.19,80,3.92,81,3.28,80,3.06,79,3.19,0.07
D,361,Rúben,5.5,5.5,Man City,77,2.73,72,4.06,67,2.77,66,3.41,66,2.37,66,2.50,66,3.35,63,2.97,63,3.47,63,2.75,64,2.66,62,2.66,0.03
D,362,Stones,5.5,5.5,Man City,24,0.92,46,2.68,51,2.15,54,2.81,51,1.86,53,2.02,53,2.74,55,2.65,51,2.82,53,2.40,54,2.23,53,2.35,0.02
D,363,Walker,5.5,5.5,Man City,24,0.92,26,1.49,65,2.75,65,3.39,64,2.32,64,2.39,62,3.19,62,3.00,64,3.54,64,2.86,64,2.65,66,2.89,0.10
M,364,Amad,5.0,5.0,Man Utd,39,2.34,35,1.83,31,1.61,26,1.54,27,1.39,25,1.40,25,1.30,27,1.61,27,1.45,25,1.43,28,1.87,26,1.57,0.03
M,365,Antony,6.0,6.0,Man Utd,18,1.16,20,1.11,20,1.10,20,1.20,17,0.93,18,1.03,19,1.02,18,1.10,19,1.05,18,1.05,20,1.35,20,1.26,0.00
M,366,B.Fernandes,8.5,8.5,Man Utd,90,6.24,89,4.80,86,4.76,86,5.41,86,4.63,86,5.13,85,4.43,85,5.84,85,4.65,85,5.11,84,6.52,84,5.58,0.18
G,367,Bayindir,4.5,4.5,Man Utd,1,0.05,2,0.08,3,0.12,2,0.09,3,0.13,3,0.12,3,0.12,4,0.18,4,0.15,4,0.15,5,0.20,4,0.17,0.00
M,368,Casemiro,5.0,5.0,Man Utd,83,3.06,80,2.50,77,2.40,75,2.68,74,2.36,73,2.41,72,2.23,72,2.64,70,2.26,70,2.33,71,2.86,71,2.59,0.00
D,369,Dalot,5.0,5.0,Man Utd,90,3.87,87,2.68,84,2.40,81,3.16,80,2.59,78,2.61,78,2.20,76,3.33,76,2.37,77,2.48,76,3.67,76,3.21,0.08
M,370,Eriksen,5.5,5.5,Man Utd,4,0.31,6,0.40,9,0.48,9,0.53,8,0.46,8,0.48,10,0.52,10,0.60,10,0.53,10,0.56,10,0.65,10,0.61,0.00
D,371,Evans,4.5,4.5,Man Utd,5,0.17,3,0.08,4,0.12,4,0.15,4,0.12,4,0.12,3,0.10,3,0.11,4,0.11,5,0.15,4,0.16,5,0.17,0.00
M,372,Garnacho,6.5,6.5,Man Utd,81,4.65,74,3.61,74,3.49,75,4.13,72,3.46,72,3.60,71,3.30,71,4.08,71,3.46,71,3.68,70,4.49,71,3.99,0.17
M,373,Hannibal,4.5,4.5,Man Utd,0,0.00,0,0.00,1,0.09,1,0.10,1,0.09,1,0.10,1,0.10,1,0.12,2,0.14,2,0.16,2,0.14,2,0.14,0.00
G,374,Heaton,4.0,4.0,Man Utd,0,0.00,0,0.00,0,0.00,0,0.00,0,0.00,0,0.00,0,0.00,0,0.00,0,0.00,0,0.00,0,0.00,0,0.00,0.00
F,375,Højlund,7.0,7.0,Man Utd,0,0.00,0,0.00,0,0.00,19,1.17,40,2.05,47,2.57,46,2.35,46,2.85,46,2.48,46,2.56,45,3.09,44,2.70,0.01
D,376,Lindelof,4.5,4.5,Man Utd,26,1.03,23,0.71,26,0.78,21,0.79,14,0.48,14,0.46,12,0.37,11,0.41,11,0.35,12,0.39,12,0.49,11,0.43,0.00
D,377,Maguire,5.0,5.0,Man Utd,58,2.30,35,1.09,36,1.08,33,1.29,29,0.97,28,0.96,28,0.82,27,1.15,30,0.96,28,0.92,31,1.39,29,1.17,0.00
M,378,Mainoo,5.5,5.5,Man Utd,78,2.64,73,2.23,71,2.17,70,2.34,70,2.13,72,2.21,70,2.09,68,2.35,69,2.09,69,2.17,68,2.49,70,2.37,0.06
D,379,Malacia,4.5,4.5,Man Utd,0,0.00,0,0.00,0,0.00,0,0.00,0,0.00,0,0.00,4,0.14,12,0.52,11,0.38,10,0.37,10,0.46,12,0.49,0.00
D,380,Martinez,4.5,4.5,Man Utd,81,3.24,78,2.30,76,2.13,75,2.82,73,2.29,72,2.27,72,1.92,73,2.94,72,2.11,72,2.19,70,3.11,73,2.81,0.05
M,381,McTominay,5.0,5.0,Man Utd,25,1.23,28,1.17,27,1.09,28,1.27,27,1.06,27,1.10,28,1.08,29,1.28,31,1.22,29,1.17,30,1.45,29,1.27,0.01
M,382,Mount,6.5,6.5,Man Utd,25,1.53,25,1.31,26,1.37,27,1.59,25,1.31,24,1.34,23,1.22,25,1.52,24,1.28,26,1.46,25,1.62,24,1.46,0.00
G,383,Onana,5.0,5.0,Man Utd,94,3.62,93,3.28,92,3.12,93,3.52,91,3.29,91,3.26,92,3.18,91,3.50,91,3.23,91,3.19,90,3.67,91,3.54,0.06
M,384,Pellistri,5.0,5.0,Man Utd,0,0.00,0,0.00,0,0.00,0,0.00,0,0.00,0,0.00,0,0.00,0,0.00,1,0.09,0,0.00,1,0.12,1,0.11,0.00
M,385,Rashford,7.0,7.0,Man Utd,70,4.89,68,3.77,66,3.52,66,4.18,65,3.50,63,3.65,63,3.31,62,4.10,62,3.42,63,3.75,61,4.64,62,4.10,0.05
M,386,Sancho,6.5,6.5,Man Utd,9,0.56,8,0.45,7,0.38,6,0.38,5,0.30,5,0.33,6,0.35,6,0.39,6,0.33,6,0.37,6,0.42,6,0.38,0.00
D,387,Shaw,5.0,5.0,Man Utd,0,0.00,0,0.00,0,0.00,31,1.27,63,2.11,73,2.49,73,2.09,71,3.13,72,2.30,71,2.35,71,3.46,72,3.05,0.01
D,388,Wan-Bissaka,4.5,4.5,West Ham,74,2.25,70,1.93,69,1.30,68,1.98,67,1.81,68,1.99,67,2.83,65,1.33,66,1.95,64,2.10,65,2.46,63,1.37,0.02
F,389,Zirkzee,7.0,7.0,Man Utd,50,3.07,63,3.18,75,3.68,63,3.54,52,2.68,47,2.57,47,2.41,47,2.94,48,2.56,47,2.61,48,3.35,49,2.96,0.02
D,390,A.Murphy,4.0,4.0,Newcastle,0,0.00,0,0.00,0,0.00,0,0.00,0,0.00,0,0.00,0,0.00,0,0.00,0,0.00,0,0.00,0,0.00,0,0.00,0.01
M,391,Almirón,6.0,6.0,Newcastle,18,1.24,22,1.25,20,1.16,20,1.13,22,1.25,22,1.07,23,1.29,23,1.37,22,1.15,24,1.15,24,1.36,25,1.48,0.01
M,392,Barnes,6.5,6.5,Newcastle,32,2.37,37,2.13,34,1.99,35,2.05,35,2.09,36,1.76,36,2.06,37,2.33,37,1.93,37,1.80,36,2.16,36,2.25,0.01
D,393,Botman,4.5,4.5,Newcastle,0,0.00,0,0.00,0,0.00,0,0.00,0,0.00,0,0.00,0,0.00,0,0.00,0,0.00,0,0.00,0,0.00,0,0.00,0.00
M,394,Bruno G.,6.5,6.5,Newcastle,90,4.14,86,3.16,83,3.08,83,3.01,81,2.94,80,2.48,80,2.89,78,3.11,78,2.53,78,2.45,78,2.94,79,3.21,0.03
D,395,Burn,4.5,4.5,Newcastle,77,3.42,76,2.52,76,2.50,75,2.75,76,2.51,74,1.70,73,2.65,72,2.71,72,1.73,70,1.73,71,2.59,72,2.71,0.18
G,396,Dúbravka,4.5,4.5,Newcastle,0,0.00,0,0.00,0,0.00,0,0.00,0,0.00,0,0.00,0,0.00,0,0.00,0,0.00,1,0.04,0,0.00,0,0.00,0.01
M,397,Fraser,5.0,5.0,Newcastle,0,0.00,1,0.12,0,0.00,1,0.10,2,0.14,1,0.12,2,0.13,2,0.15,2,0.17,2,0.12,2,0.15,2,0.17,0.00
M,398,Gordon,7.5,7.5,Newcastle,84,5.47,82,4.22,81,4.19,77,3.83,77,3.91,76,3.09,77,3.86,75,4.34,76,3.44,75,3.04,76,4.00,75,4.36,0.28
D,399,Hall,4.5,4.5,Newcastle,63,3.16,52,1.98,37,1.40,31,1.26,32,1.24,35,0.99,33,1.35,32,1.38,33,0.99,33,0.96,37,1.51,34,1.48,0.04
M,400,Hayden,4.5,4.5,Newcastle,7,0.37,7,0.36,6,0.30,8,0.37,8,0.39,9,0.37,8,0.36,8,0.39,8,0.36,9,0.37,8,0.38,8,0.38,0.00
F,401,Isak,8.5,8.5,Newcastle,89,7.27,86,5.28,82,5.18,77,4.51,75,4.49,75,3.74,74,4.33,73,5.06,73,3.90,73,3.61,72,4.43,74,5.14,0.59
M,402,J.Murphy,5.5,5.5,Newcastle,64,3.85,59,2.89,55,2.77,49,2.42,48,2.42,49,2.09,46,2.33,47,2.61,47,2.13,47,2.01,46,2.38,47,2.62,0.02
M,403,Joelinton,6.0,6.0,Newcastle,58,3.12,57,2.47,46,2.13,44,1.95,42,1.89,42,1.61,43,1.90,44,2.10,44,1.75,43,1.64,43,1.95,44,2.14,0.00
D,404,Kelly,4.5,4.5,Newcastle,79,3.33,77,2.37,76,2.25,77,2.62,75,2.28,74,1.59,75,2.52,75,2.60,75,1.64,76,1.71,74,2.53,75,2.61,0.00
D,405,Krafth,4.5,4.5,Newcastle,13,0.48,14,0.40,15,0.45,17,0.57,18,0.54,17,0.41,18,0.59,19,0.68,19,0.45,19,0.49,19,0.65,19,0.67,0.00
M,406,Kuol,4.5,4.5,Newcastle,0,0.00,0,0.00,0,0.00,0,0.00,0,0.00,0,0.00,0,0.00,0,0.00,0,0.00,0,0.00,0,0.00,0,0.00,0.00
D,407,Lascelles,4.5,4.5,Newcastle,0,0.00,0,0.00,0,0.00,0,0.00,0,0.00,0,0.00,0,0.00,0,0.00,0,0.00,0,0.00,0,0.00,0,0.00,0.00
D,408,Lewis,4.0,4.0,Newcastle,1,0.07,1,0.06,1,0.05,2,0.08,2,0.08,2,0.07,2,0.09,2,0.10,3,0.09,3,0.09,2,0.08,3,0.12,0.00
D,409,Livramento,4.5,4.5,Newcastle,27,1.35,31,1.20,38,1.43,37,1.51,40,1.52,41,1.14,40,1.61,40,1.67,40,1.17,38,1.13,41,1.68,40,1.72,0.01
M,410,Longstaff,5.0,5.0,Newcastle,64,2.61,66,2.32,48,1.72,49,1.74,51,1.82,50,1.57,50,1.76,50,1.85,47,1.56,47,1.50,51,1.82,48,1.85,0.01
M,411,Miley,5.0,5.0,Newcastle,0,0.00,0,0.00,0,0.00,0,0.00,0,0.00,3,0.15,5,0.26,7,0.36,6,0.29,8,0.35,7,0.36,6,0.34,0.00
G,412,Odysseas,4.5,4.5,Newcastle,1,0.05,1,0.05,1,0.05,2,0.09,3,0.13,2,0.08,3,0.11,4,0.15,4,0.15,5,0.16,4,0.15,4,0.16,0.00
G,413,Pope,5.0,5.0,Newcastle,94,3.81,94,3.35,93,3.28,92,3.49,91,3.30,92,3.02,92,3.49,90,3.34,90,3.10,89,3.00,91,3.41,90,3.37,0.06
G,414,Ruddy,4.0,4.0,Newcastle,0,0.00,0,0.00,0,0.00,0,0.00,0,0.00,0,0.00,0,0.00,0,0.00,0,0.00,0,0.00,0,0.00,0,0.00,0.00
D,415,Schär,5.5,5.5,Newcastle,68,3.07,87,2.80,85,2.65,82,2.98,82,2.71,81,1.81,83,2.94,82,3.06,81,1.92,81,1.93,80,2.89,82,3.08,0.03
D,416,Targett,4.0,4.0,Newcastle,1,0.06,2,0.08,2,0.08,2,0.07,2,0.08,3,0.08,2,0.08,3,0.11,3,0.09,3,0.11,3,0.12,3,0.12,0.01
M,417,Tonali,5.5,5.5,Newcastle,0,0.00,0,0.00,69,2.58,67,2.49,66,2.47,65,2.11,66,2.42,64,2.57,65,2.20,64,2.09,63,2.41,64,2.65,0.00
D,418,Trippier,6.0,6.0,Newcastle,74,4.21,65,2.62,54,2.17,58,2.56,53,2.16,52,1.48,52,2.28,53,2.47,52,1.56,54,1.62,52,2.31,52,2.46,0.14
M,419,White,4.5,4.5,Newcastle,0,0.00,0,0.00,0,0.00,0,0.00,0,0.00,0,0.00,0,0.00,0,0.00,0,0.00,0,0.00,0,0.00,0,0.00,0.00
M,420,Willock,5.0,5.0,Newcastle,37,2.12,40,1.89,27,1.38,27,1.35,31,1.54,29,1.26,28,1.37,29,1.53,31,1.37,31,1.30,29,1.47,30,1.61,0.00
F,421,Wilson,7.0,7.0,Newcastle,0,0.00,0,0.00,11,0.78,31,2.07,32,2.08,31,1.74,32,2.11,33,2.44,33,1.92,35,1.94,33,2.27,32,2.40,0.00
D,422,Aina,4.5,4.5,Nott'm Forest,85,3.08,82,2.74,79,3.18,79,1.27,77,1.97,75,2.75,75,1.44,76,2.67,74,2.51,75,2.54,76,2.19,75,0.97,0.01
M,423,Anderson,5.0,5.0,Nott'm Forest,43,1.82,47,1.86,48,1.97,47,1.55,48,1.71,47,1.91,50,1.67,49,1.91,48,1.87,47,1.87,48,1.83,46,1.43,0.00
F,424,Awoniyi,6.0,6.0,Nott'm Forest,18,1.19,19,1.21,20,1.30,19,1.01,20,1.17,21,1.46,22,1.20,20,1.29,20,1.26,22,1.44,22,1.36,21,0.99,0.01
D,425,Boly,4.5,4.5,Nott'm Forest,85,2.93,81,2.64,78,3.00,76,1.21,76,1.85,74,2.65,73,1.38,73,2.51,72,2.34,73,2.31,73,2.06,72,0.92,0.00
M,426,Bowler,4.5,4.5,Nott'm Forest,0,0.00,2,0.14,2,0.18,3,0.21,4,0.27,4,0.30,5,0.29,4,0.31,5,0.33,5,0.36,6,0.38,5,0.28,0.00
G,427,C.Miguel,4.5,4.5,Nott'm Forest,0,0.00,0,0.00,0,0.00,0,0.00,0,0.00,0,0.00,0,0.00,0,0.00,0,0.00,0,0.00,0,0.00,0,0.00,0.01
M,428,Da Silva Moreira,4.5,4.5,Nott'm Forest,0,0.00,2,0.16,2,0.19,3,0.18,4,0.27,4,0.34,5,0.30,5,0.36,5,0.34,5,0.38,5,0.32,5,0.30,0.00
M,429,Danilo,5.0,5.0,Nott'm Forest,68,2.32,68,2.28,66,2.28,65,1.83,65,1.98,65,2.26,64,1.89,66,2.25,64,2.19,62,2.12,62,2.04,63,1.69,0.00
F,430,Dennis,5.0,5.0,Nott'm Forest,9,0.57,11,0.65,13,0.73,15,0.70,15,0.78,15,0.86,17,0.82,18,1.01,17,1.01,19,1.07,16,0.91,18,0.81,0.00
M,431,Dominguez,5.0,5.0,Nott'm Forest,29,1.25,32,1.30,33,1.38,36,1.21,38,1.37,40,1.59,37,1.27,39,1.48,39,1.49,40,1.52,39,1.45,41,1.25,0.00
M,432,Elanga,5.5,5.5,Nott'm Forest,65,3.22,63,2.96,62,3.01,62,2.30,61,2.53,59,2.92,61,2.38,59,2.79,58,2.76,59,2.87,60,2.70,59,2.01,0.03
M,433,Gibbs-White,6.5,6.5,Nott'm Forest,82,4.65,78,4.08,76,4.20,77,3.01,73,3.38,74,4.17,74,3.19,73,3.88,74,4.08,73,4.01,74,3.73,72,2.51,0.05
M,434,Hudson-Odoi,5.5,5.5,Nott'm Forest,76,3.58,71,3.17,69,3.20,67,2.40,67,2.65,66,3.09,65,2.45,66,2.96,65,2.90,65,2.97,65,2.78,66,2.12,0.04
M,435,Mighten,4.5,4.5,Nott'm Forest,0,0.00,0,0.00,0,0.00,0,0.00,0,0.00,0,0.00,0,0.00,0,0.00,0,0.00,0,0.00,0,0.00,0,0.00,0.00
D,436,Murillo,4.5,4.5,Nott'm Forest,90,2.92,86,2.59,85,3.09,83,1.18,81,1.84,79,2.62,79,1.38,80,2.56,80,2.43,79,2.39,81,2.07,80,0.90,0.01
D,437,N.Williams,4.5,4.5,Nott'm Forest,85,3.01,82,2.66,79,3.12,77,1.21,77,1.93,77,2.72,76,1.45,76,2.60,76,2.51,76,2.43,75,2.09,76,0.95,0.01
D,438,O.Richards,4.5,4.5,Nott'm Forest,0,0.00,0,0.00,0,0.00,0,0.00,0,0.00,0,0.00,1,0.03,0,0.00,1,0.04,1,0.04,1,0.04,0,0.00,0.00
M,439,O'Brien,5.0,5.0,Nott'm Forest,0,0.00,0,0.00,0,0.00,0,0.00,0,0.00,0,0.00,0,0.00,0,0.00,0,0.00,0,0.00,0,0.00,0,0.00,0.00
D,440,Omobamidele,4.5,4.5,Nott'm Forest,32,1.00,35,1.04,39,1.36,39,0.56,39,0.86,42,1.28,42,0.69,41,1.21,42,1.19,40,1.16,39,0.97,41,0.47,0.00
D,441,Panzo,4.0,4.0,Nott'm Forest,0,0.00,0,0.00,0,0.00,0,0.00,0,0.00,0,0.00,0,0.00,0,0.00,0,0.00,0,0.00,0,0.00,0,0.00,0.00
M,442,Sangaré,4.5,4.5,Nott'm Forest,24,1.01,28,1.06,28,1.12,31,1.05,33,1.16,32,1.22,33,1.11,34,1.23,34,1.27,35,1.30,33,1.19,34,1.06,0.02
G,443,Sels,4.5,4.5,Nott'm Forest,94,3.43,92,3.35,92,3.50,91,2.95,91,3.05,90,3.27,90,2.94,90,3.25,90,3.26,90,3.16,91,3.08,90,2.89,0.01
D,444,Toffolo,4.5,4.5,Nott'm Forest,18,0.68,24,0.86,29,1.20,29,0.59,30,0.88,31,1.20,32,0.73,32,1.20,34,1.23,32,1.19,32,1.02,32,0.54,0.00
G,445,Turner,4.0,4.0,Nott'm Forest,0,0.00,3,0.10,3,0.13,4,0.13,4,0.14,5,0.19,5,0.16,5,0.18,5,0.17,5,0.17,4,0.14,5,0.15,0.21
F,446,Ui-jo,4.5,4.5,Nott'm Forest,0,0.00,0,0.00,0,0.00,0,0.00,0,0.00,0,0.00,0,0.00,0,0.00,0,0.00,0,0.00,0,0.00,0,0.00,0.01
F,447,Wood,6.0,6.0,Nott'm Forest,82,4.26,79,3.94,77,3.97,77,2.95,74,3.31,73,3.85,71,2.99,73,3.69,74,3.79,71,3.73,71,3.51,72,2.52,0.05
D,448,Worrall,4.5,4.5,Nott'm Forest,6,0.18,8,0.22,11,0.38,13,0.23,15,0.35,17,0.55,19,0.38,16,0.51,16,0.51,16,0.50,19,0.52,18,0.28,0.00
M,449,Yates,5.0,5.0,Nott'm Forest,50,1.88,51,1.86,53,1.96,51,1.55,51,1.70,54,1.96,50,1.55,49,1.74,51,1.86,53,1.88,52,1.81,52,1.45,0.00
M,450,Alcaraz,5.0,5.0,Southampton,71,2.59,67,3.13,63,2.56,61,2.60,60,3.16,60,2.48,62,1.98,59,3.06,61,1.95,59,2.73,61,2.45,60,2.31,0.00
M,451,Amo-Ameyaw,4.5,4.5,Southampton,0,0.00,0,0.00,0,0.00,0,0.00,0,0.00,0,0.00,0,0.00,0,0.00,0,0.00,0,0.00,0,0.00,0,0.00,0.00
M,452,Aribo,5.0,5.0,Southampton,78,2.34,76,2.79,72,2.33,69,2.36,67,2.69,67,2.22,68,1.82,68,2.67,65,1.78,66,2.40,63,2.11,64,2.02,0.00
F,453,Armstrong,5.5,5.5,Southampton,74,3.39,72,4.17,69,3.32,67,3.48,68,4.42,66,3.24,64,2.38,63,4.00,63,2.36,64,3.60,64,3.04,64,2.96,0.02
G,454,Bazunu,4.5,4.5,Southampton,0,0.00,0,0.00,0,0.00,0,0.00,0,0.00,0,0.00,0,0.00,0,0.00,0,0.00,0,0.00,0,0.00,0,0.00,0.00
D,455,Bednarek,4.0,4.0,Southampton,61,0.92,62,1.93,60,1.31,60,1.33,60,2.06,60,1.27,56,0.43,59,1.95,57,0.34,56,1.74,56,1.37,58,0.99,0.01
D,456,Bella-Kotchap,4.0,4.0,Southampton,55,1.03,56,2.03,56,1.46,58,1.51,53,2.06,54,1.37,55,0.59,55,2.07,56,0.49,56,1.98,56,1.58,54,1.10,0.00
D,457,Bree,4.0,4.0,Southampton,2,0.07,3,0.11,3,0.10,4,0.12,4,0.17,4,0.15,5,0.11,4,0.19,5,0.10,5,0.20,6,0.21,6,0.18,0.00
M,458,Charles,4.5,4.5,Southampton,15,0.55,13,0.50,8,0.37,8,0.37,9,0.40,9,0.39,10,0.38,9,0.39,10,0.38,11,0.43,12,0.45,11,0.41,0.00
M,459,Edozie,5.0,5.0,Southampton,28,1.27,23,1.23,19,0.95,18,0.94,20,1.15,18,0.91,20,0.85,21,1.22,20,0.85,20,1.07,20,0.97,21,1.00,0.00
D,460,Edwards,4.0,4.0,Southampton,0,0.00,0,0.00,0,0.00,0,0.00,0,0.00,0,0.00,0,0.00,0,0.00,0,0.00,0,0.00,0,0.00,0,0.00,0.00
D,461,Harwood-Bellis,4.0,4.0,Southampton,77,1.23,74,2.46,73,1.70,73,1.73,72,2.60,69,1.55,72,0.62,67,2.31,69,0.47,69,2.27,69,1.83,66,1.20,0.11
M,462,Kamaldeen,5.0,5.0,Southampton,0,0.00,10,0.53,16,0.78,18,0.90,18,1.06,20,0.99,22,0.88,21,1.20,21,0.87,20,1.06,22,1.04,22,1.02,0.00
M,463,Lallana,5.0,5.0,Southampton,0,0.00,18,0.75,36,1.33,42,1.56,45,1.90,45,1.62,43,1.35,43,1.81,44,1.36,44,1.71,45,1.60,46,1.58,0.00
D,464,Larios,4.0,4.0,Southampton,0,0.00,0,0.00,0,0.00,0,0.00,0,0.00,0,0.00,0,0.00,0,0.00,0,0.00,0,0.00,0,0.00,0,0.00,0.00
G,465,Lis,4.0,4.0,Southampton,0,0.00,0,0.00,0,0.00,0,0.00,0,0.00,0,0.00,0,0.00,0,0.00,0,0.00,0,0.00,0,0.00,0,0.00,0.00
G,466,Lumley,4.0,4.0,Southampton,0,0.00,2,0.09,2,0.08,4,0.14,4,0.14,4,0.15,4,0.14,4,0.16,4,0.14,4,0.14,5,0.16,5,0.17,0.00
D,467,Manning,4.5,4.5,Southampton,21,0.57,24,1.00,23,0.77,23,0.78,24,1.14,25,0.81,25,0.43,26,1.20,27,0.41,27,1.14,26,0.90,26,0.73,0.00
F,468,Mara,5.0,5.0,Southampton,33,1.52,30,1.72,28,1.41,29,1.50,29,1.81,31,1.52,30,1.23,31,1.89,32,1.26,31,1.65,31,1.50,31,1.46,0.00
G,469,McCarthy,4.5,4.5,Southampton,94,3.13,92,3.38,93,3.17,91,3.05,91,3.41,90,3.10,90,2.89,91,3.35,91,2.97,90,3.28,90,3.10,89,2.91,0.00
F,470,Onuachu,5.0,5.0,Southampton,4,0.31,3,0.26,2,0.16,2,0.14,2,0.18,3,0.22,3,0.21,4,0.30,3,0.20,3,0.26,3,0.25,4,0.26,0.00
M,471,Smallbone,5.0,5.0,Southampton,82,2.58,76,3.01,71,2.49,70,2.55,67,2.94,68,2.44,67,1.92,70,2.94,69,1.93,68,2.64,69,2.40,68,2.26,0.00
D,472,Stephens,4.0,4.0,Southampton,14,0.27,14,0.42,17,0.42,15,0.38,20,0.74,22,0.56,22,0.28,23,0.81,23,0.25,22,0.76,22,0.64,26,0.55,0.00
F,473,Stewart,4.5,4.5,Southampton,0,0.00,11,0.74,22,1.18,26,1.43,26,1.79,26,1.42,25,1.11,26,1.76,29,1.21,27,1.60,27,1.39,27,1.35,0.01
D,474,Sugawara,4.5,4.5,Southampton,57,1.28,58,2.41,57,1.72,55,1.74,56,2.56,56,1.66,54,0.74,55,2.45,55,0.63,58,2.30,56,1.84,54,1.34,0.00
D,475,Taylor,4.0,4.0,Southampton,56,0.93,54,1.84,54,1.28,55,1.32,53,1.97,52,1.20,51,0.49,50,1.78,50,0.39,51,1.67,50,1.32,48,0.89,0.06
D,476,Walker-Peters,4.5,4.5,Southampton,60,1.03,58,1.97,59,1.46,58,1.45,57,2.19,56,1.34,58,0.54,58,2.14,57,0.44,55,1.86,56,1.50,58,1.10,0.01
D,477,Wood,4.0,4.0,Southampton,0,0.00,0,0.00,1,0.04,0,0.00,0,0.00,2,0.07,2,0.04,2,0.08,2,0.04,3,0.10,3,0.10,3,0.07,0.01
D,478,A.Phillips,4.0,4.0,Spurs,0,0.00,0,0.00,0,0.00,0,0.00,0,0.00,0,0.00,0,0.00,1,0.04,1,0.03,1,0.03,1,0.04,1,0.02,0.01
G,479,Austin,4.0,4.0,Spurs,0,0.00,3,0.13,3,0.09,3,0.11,3,0.13,0,0.00,0,0.00,0,0.00,0,0.00,0,0.00,0,0.00,0,0.00,0.00
M,480,Bentancur,5.0,5.0,Spurs,68,2.41,58,2.17,45,1.52,44,1.45,45,1.75,46,1.52,43,1.50,44,1.67,46,1.59,50,1.78,46,1.94,47,1.37,0.00
M,481,Bergvall,4.5,4.5,Spurs,0,0.00,0,0.00,0,0.00,0,0.00,0,0.00,0,0.00,0,0.00,0,0.00,0,0.00,0,0.00,0,0.00,0,0.00,0.01
M,482,Bissouma,5.0,5.0,Spurs,8,0.30,29,1.05,60,1.80,64,1.82,62,2.13,62,1.83,63,1.92,62,2.13,61,1.89,59,1.94,60,2.26,60,1.59,0.00
M,483,Bryan,5.0,5.0,Spurs,0,0.00,0,0.00,0,0.00,0,0.00,0,0.00,0,0.00,0,0.00,0,0.00,0,0.00,0,0.00,0,0.00,0,0.00,0.00
D,484,Davies,4.5,4.5,Spurs,16,0.62,10,0.41,14,0.40,13,0.36,15,0.63,16,0.48,16,0.51,17,0.67,18,0.62,15,0.56,19,0.91,19,0.39,0.00
M,485,Devine,4.5,4.5,Spurs,0,0.00,0,0.00,0,0.00,0,0.00,0,0.00,0,0.00,0,0.00,0,0.00,0,0.00,0,0.00,0,0.00,0,0.00,0.00
D,486,Dragusin,4.5,4.5,Spurs,17,0.64,16,0.67,18,0.51,21,0.59,22,0.94,23,0.67,22,0.72,22,0.83,23,0.77,26,0.95,26,1.21,24,0.46,0.00
D,487,E.Royal,4.5,4.5,Spurs,0,0.00,0,0.00,0,0.00,0,0.00,0,0.00,0,0.00,0,0.00,0,0.00,0,0.00,0,0.00,0,0.00,0,0.00,0.00
G,488,Forster,4.5,4.5,Spurs,0,0.00,0,0.00,0,0.00,0,0.00,0,0.00,4,0.14,5,0.17,5,0.18,4,0.14,3,0.13,3,0.15,4,0.12,0.00
M,489,Gray,5.0,5.0,Spurs,4,0.12,4,0.14,4,0.13,4,0.11,5,0.17,6,0.20,6,0.19,7,0.22,7,0.21,6,0.20,7,0.23,6,0.18,0.00
M,490,Højbjerg,5.0,5.0,Spurs,0,0.00,0,0.00,0,0.00,0,0.00,0,0.00,0,0.00,0,0.00,0,0.00,0,0.00,0,0.00,0,0.00,0,0.00,0.00
M,491,Johnson,6.5,6.5,Spurs,71,4.21,69,4.16,66,3.24,65,2.90,64,3.96,66,3.23,64,3.27,64,3.88,63,3.23,63,3.59,64,4.68,62,2.40,0.01
M,492,Kulusevski,6.5,6.5,Spurs,44,2.28,43,2.31,40,1.78,39,1.67,41,2.30,42,1.86,42,1.96,41,2.20,42,1.92,42,2.11,42,2.57,41,1.52,0.03
M,493,Lo Celso,5.0,5.0,Spurs,10,0.55,10,0.55,8,0.43,10,0.47,9,0.53,9,0.49,10,0.51,11,0.59,10,0.51,10,0.54,11,0.69,11,0.47,0.00
M,494,Maddison,7.5,7.5,Spurs,65,4.06,61,3.90,55,2.90,56,2.66,56,3.71,55,2.86,53,2.90,54,3.47,55,2.97,54,3.37,54,4.22,53,2.19,0.04
D,495,Pedro Porro,5.5,5.5,Spurs,88,4.26,86,4.71,84,2.83,83,2.58,81,4.31,80,2.75,81,3.11,79,3.92,79,3.17,80,3.59,81,4.95,80,1.67,0.34
D,496,Reguilón,4.5,4.5,Spurs,10,0.47,7,0.34,7,0.28,7,0.27,8,0.37,9,0.33,8,0.32,8,0.38,10,0.39,9,0.41,9,0.46,9,0.26,0.00
F,497,Richarlison,7.0,7.0,Spurs,19,1.27,20,1.35,21,1.27,24,1.28,25,1.74,27,1.48,26,1.53,27,1.76,26,1.51,27,1.72,27,2.07,28,1.27,0.01
D,498,Romero,5.0,5.0,Spurs,90,3.31,86,3.66,83,2.09,82,1.95,82,3.35,80,2.08,82,2.39,81,2.99,81,2.49,79,2.70,78,3.65,79,1.22,0.05
M,499,P.Sarr,5.0,5.0,Spurs,69,2.57,61,2.39,57,1.91,54,1.73,55,2.20,53,1.81,54,1.87,53,2.09,51,1.79,52,1.95,53,2.31,52,1.52,0.00
F,500,Scarlett,4.5,4.5,Spurs,0,0.00,0,0.00,0,0.00,0,0.00,0,0.00,0,0.00,0,0.00,0,0.00,0,0.00,0,0.00,0,0.00,0,0.00,0.00
M,501,Skipp,5.0,5.0,Spurs,18,0.73,15,0.62,11,0.44,11,0.42,11,0.45,12,0.46,12,0.48,11,0.46,13,0.50,12,0.47,14,0.58,14,0.52,0.00
M,502,Solomon,5.5,5.5,Spurs,4,0.34,5,0.43,7,0.44,6,0.38,7,0.51,7,0.44,7,0.46,7,0.48,9,0.54,9,0.58,10,0.76,9,0.46,0.00
M,503,Son,10.0,10.0,Spurs,87,5.95,85,5.83,84,4.63,83,4.05,80,5.65,81,4.44,81,4.65,81,5.57,81,4.57,80,5.23,78,6.58,80,3.40,0.10
D,504,Spence,4.5,4.5,Spurs,5,0.28,7,0.34,9,0.35,11,0.39,11,0.52,10,0.39,11,0.45,12,0.56,13,0.52,11,0.50,10,0.51,11,0.34,0.00
D,505,Udogie,5.0,5.0,Spurs,65,2.85,82,3.96,79,2.35,78,2.21,77,3.62,77,2.40,77,2.68,76,3.31,74,2.69,76,3.04,74,3.98,75,1.42,0.04
D,506,Van de Ven,4.5,4.5,Spurs,88,3.13,85,3.44,83,2.07,82,1.94,79,3.10,80,2.05,80,2.28,79,2.81,78,2.40,79,2.62,77,3.37,78,1.22,0.07
F,507,Veliz,5.0,5.0,Spurs,0,0.00,0,0.00,0,0.00,0,0.00,0,0.00,0,0.00,0,0.00,0,0.00,0,0.00,0,0.00,0,0.00,0,0.00,0.00
G,508,Vicario,5.0,5.0,Spurs,94,3.79,92,3.82,92,3.28,91,3.13,91,3.68,90,3.24,90,3.30,90,3.49,91,3.46,91,3.44,91,3.90,91,3.07,0.04
M,509,Werner,6.5,6.5,Spurs,24,1.73,24,1.74,24,1.45,28,1.46,29,2.07,26,1.52,27,1.69,27,1.90,28,1.67,28,1.90,28,2.31,28,1.32,0.00
G,510,Whiteman,4.0,4.0,Spurs,0,0.00,0,0.00,0,0.00,0,0.00,0,0.00,0,0.00,0,0.00,0,0.00,0,0.00,0,0.00,0,0.00,0,0.00,0.01
M,511,Álvarez,5.0,5.0,West Ham,0,0.00,34,0.95,69,1.73,79,2.15,79,2.18,78,2.17,78,2.57,79,1.96,77,2.16,78,2.17,77,2.31,78,1.93,0.00
F,512,Antonio,5.5,5.5,West Ham,37,1.98,36,1.75,35,1.55,34,1.79,37,1.90,38,1.92,37,2.39,38,1.67,37,1.92,37,1.87,37,2.06,38,1.77,0.01
G,513,Areola,4.5,4.5,West Ham,93,3.31,92,3.23,91,2.95,90,3.21,89,3.07,88,3.19,88,3.56,89,3.00,90,3.16,88,3.23,88,3.44,87,2.91,0.10
M,514,Bowen,7.5,7.5,West Ham,89,4.76,86,3.91,84,3.38,82,4.11,81,4.28,80,4.11,79,5.57,78,3.44,79,4.22,79,4.19,79,4.54,79,3.64,0.07
M,515,Cornet,5.0,5.0,West Ham,0,0.00,2,0.15,1,0.10,2,0.15,3,0.20,2,0.18,3,0.31,4,0.25,3,0.23,3,0.25,4,0.29,4,0.28,0.00
D,516,Coufal,4.5,4.5,West Ham,22,0.77,26,0.81,27,0.63,27,0.88,29,0.90,27,0.88,28,1.27,30,0.74,28,0.95,30,1.05,30,1.21,32,0.81,0.01
D,517,Cresswell,4.0,4.0,West Ham,11,0.42,13,0.45,15,0.42,16,0.56,17,0.60,17,0.61,18,0.84,18,0.53,19,0.71,19,0.71,20,0.85,17,0.50,0.02
M,518,Downes,5.0,5.0,Southampton,82,1.99,75,2.19,71,1.90,70,1.92,69,2.15,68,1.81,69,1.61,67,2.01,66,1.55,66,1.91,66,1.76,66,1.69,0.00
M,519,Earthy,4.5,4.5,West Ham,7,0.44,7,0.42,6,0.35,6,0.35,6,0.36,7,0.39,7,0.46,6,0.35,8,0.44,7,0.40,7,0.42,8,0.42,0.00
D,520,Emerson,4.5,4.5,West Ham,84,2.70,82,2.42,78,1.56,77,2.41,75,2.23,77,2.48,76,3.61,75,1.68,74,2.42,75,2.58,74,3.11,76,1.76,0.01
G,521,Fabianski,4.0,4.0,West Ham,2,0.07,3,0.12,4,0.13,4,0.15,5,0.17,6,0.23,6,0.27,5,0.17,5,0.17,6,0.23,7,0.26,7,0.25,0.13
G,522,Foderingham,4.5,4.5,West Ham,0,0.00,0,0.00,0,0.00,0,0.00,0,0.00,0,0.00,0,0.00,0,0.00,0,0.00,0,0.00,0,0.00,0,0.00,0.00
F,523,Ings,5.0,5.0,West Ham,2,0.20,3,0.26,4,0.26,5,0.35,4,0.30,5,0.37,5,0.47,6,0.39,5,0.38,7,0.47,6,0.45,5,0.38,0.01
D,524,Kilman,4.5,4.5,West Ham,78,2.32,72,1.95,68,1.26,60,1.72,61,1.61,61,1.79,60,2.48,60,1.23,62,1.81,59,1.86,60,2.27,61,1.29,0.01
M,525,Kudus,6.5,6.5,West Ham,85,3.91,79,3.31,75,2.82,74,3.34,75,3.49,74,3.33,73,4.54,73,2.83,73,3.54,72,3.36,72,3.74,71,2.90,0.09
M,526,L.Guilherme,5.0,5.0,West Ham,3,0.24,4,0.29,3,0.22,4,0.27,4,0.28,4,0.30,5,0.41,5,0.30,5,0.35,5,0.34,5,0.36,6,0.36,0.00
M,527,L.Paquetá,6.0,6.0,West Ham,71,3.35,62,2.65,52,2.06,52,2.43,52,2.50,50,2.33,49,3.09,52,2.11,51,2.49,51,2.43,50,2.64,51,2.20,0.02
D,528,Mavropanos,4.5,4.5,West Ham,46,1.54,37,1.16,22,0.51,18,0.60,21,0.68,20,0.69,22,1.02,22,0.58,22,0.77,24,0.87,24,1.01,23,0.61,0.00
D,529,N.Aguerd,4.5,4.5,West Ham,64,1.94,53,1.46,41,0.83,45,1.36,42,1.18,41,1.25,45,1.92,42,0.92,43,1.30,43,1.43,44,1.73,45,1.00,0.00
M,530,Souček,5.0,5.0,West Ham,83,2.83,76,2.46,71,2.13,67,2.36,66,2.35,66,2.32,64,2.84,65,2.04,65,2.37,64,2.31,63,2.47,64,2.10,0.02
M,531,Ward-Prowse,6.5,6.5,West Ham,81,3.39,72,2.73,64,2.23,64,2.67,64,2.64,65,2.70,64,3.45,63,2.34,63,2.71,65,2.69,63,2.96,64,2.43,0.02
D,532,Zouma,4.5,4.5,West Ham,0,0.00,28,0.81,60,1.16,68,1.99,66,1.83,68,2.07,66,2.86,67,1.43,66,1.98,65,2.15,65,2.55,64,1.45,0.01
D,533,Aït-Nouri,4.5,4.5,Wolves,88,1.36,86,2.59,83,2.95,73,2.52,72,2.03,70,2.02,70,2.48,70,1.63,69,2.13,70,2.85,68,3.31,68,2.36,0.03
M,534,B.Traore,5.0,5.0,Wolves,16,0.58,21,0.78,21,0.78,23,0.85,23,0.82,23,0.82,26,0.91,24,0.82,26,0.90,25,0.93,26,1.01,27,0.96,0.00
M,535,Bellegarde,5.0,5.0,Wolves,26,1.02,28,1.28,28,1.27,27,1.27,28,1.21,28,1.18,29,1.27,28,1.11,28,1.20,29,1.33,30,1.56,31,1.32,0.00
G,536,Bentley,4.0,4.0,Wolves,0,0.00,2,0.07,2,0.09,2,0.08,3,0.10,4,0.12,3,0.11,4,0.12,4,0.14,5,0.17,4,0.18,5,0.17,0.02
M,537,Chiquinho,4.5,4.5,Wolves,2,0.15,2,0.18,2,0.16,3,0.20,4,0.28,3,0.22,5,0.32,4,0.24,4,0.27,4,0.29,4,0.30,4,0.27,0.00
M,538,Chirewa,4.5,4.5,Wolves,4,0.22,4,0.26,5,0.31,5,0.32,5,0.29,6,0.36,6,0.35,6,0.33,6,0.36,6,0.36,6,0.39,6,0.34,0.00
F,539,Chiwome,4.5,4.5,Wolves,0,0.00,0,0.00,0,0.00,0,0.00,0,0.00,0,0.00,0,0.00,0,0.00,0,0.00,0,0.00,0,0.00,0,0.00,0.00
M,540,Cundle,4.5,4.5,Wolves,0,0.00,1,0.09,2,0.14,3,0.18,3,0.18,3,0.21,4,0.26,4,0.25,5,0.29,5,0.30,5,0.33,5,0.31,0.00
F,541,Cunha,6.5,6.5,Wolves,78,2.61,75,3.48,74,3.34,72,3.48,72,3.06,72,3.12,72,3.22,70,2.68,70,3.08,69,3.43,70,4.05,70,3.17,0.02
D,542,Dawson,4.5,4.5,Wolves,44,0.63,47,1.23,47,1.50,50,1.39,50,1.09,50,1.12,48,1.34,48,0.87,48,1.19,51,1.70,48,1.92,49,1.33,0.00
D,543,Doherty,4.5,4.5,Wolves,75,1.36,73,2.41,70,2.67,29,1.15,31,1.03,32,1.09,34,1.29,31,0.90,34,1.16,34,1.43,34,1.67,33,1.22,0.00
M,544,Doyle,5.0,5.0,Wolves,16,0.64,17,0.81,17,0.78,18,0.86,18,0.82,18,0.81,19,0.89,20,0.85,23,1.00,20,0.97,22,1.12,21,0.95,0.00
F,545,Fábio Silva,5.0,5.0,Wolves,7,0.37,6,0.42,6,0.42,9,0.53,9,0.51,9,0.52,10,0.55,10,0.51,11,0.58,10,0.60,11,0.70,10,0.53,0.00
F,546,Fraser,4.5,4.5,Wolves,6,0.32,7,0.39,7,0.42,8,0.43,7,0.40,8,0.42,8,0.44,9,0.44,9,0.44,10,0.49,9,0.52,9,0.46,0.06
M,547,Gonzalez,4.5,4.5,Wolves,0,0.00,0,0.00,0,0.00,0,0.00,0,0.00,0,0.00,0,0.00,0,0.00,0,0.00,0,0.00,0,0.00,0,0.00,0.00
M,548,Guedes,5.5,5.5,Wolves,11,0.53,11,0.61,11,0.63,12,0.66,11,0.59,12,0.65,13,0.69,14,0.69,13,0.69,14,0.78,12,0.79,13,0.71,0.00
D,549,H.Bueno,4.5,4.5,Wolves,0,0.00,0,0.00,0,0.00,0,0.00,0,0.00,0,0.00,0,0.00,0,0.00,0,0.00,0,0.00,0,0.00,0,0.00,0.00
M,550,Hee Chan,6.5,6.5,Wolves,77,2.71,74,3.61,72,3.47,71,3.55,71,3.09,69,3.13,68,3.21,67,2.68,69,3.14,70,3.59,69,4.17,71,3.24,0.01
M,551,Hodge,4.5,4.5,Wolves,0,0.00,0,0.00,0,0.00,0,0.00,0,0.00,0,0.00,0,0.00,0,0.00,0,0.00,0,0.00,0,0.00,0,0.00,0.01
D,552,Hoever,4.0,4.0,Wolves,21,0.50,25,0.88,31,1.22,11,0.39,11,0.34,12,0.40,12,0.45,15,0.42,14,0.50,15,0.58,16,0.72,16,0.57,0.00
M,553,J.Gomes,5.0,5.0,Wolves,86,1.95,83,2.26,82,2.27,80,2.25,79,2.07,80,2.07,77,2.10,77,1.88,73,1.98,74,2.20,75,2.42,74,2.04,0.00
G,554,José Sá,4.5,4.5,Wolves,94,3.07,93,3.20,93,3.43,93,3.25,92,3.11,91,3.03,92,3.38,91,2.92,91,3.15,90,3.37,90,3.58,90,3.24,0.03
F,555,Kalajdžić,5.0,5.0,Wolves,1,0.09,4,0.26,7,0.46,7,0.48,9,0.51,9,0.50,9,0.53,8,0.47,8,0.49,8,0.52,8,0.55,9,0.51,0.00
G,556,King,4.0,4.0,Wolves,0,0.00,0,0.00,0,0.00,0,0.00,0,0.00,0,0.00,0,0.00,0,0.00,0,0.00,0,0.00,0,0.00,0,0.00,0.01
M,557,Mario Jr.,5.0,5.0,Wolves,87,2.06,83,2.46,82,2.44,80,2.45,78,2.17,78,2.22,77,2.29,78,2.04,77,2.19,76,2.38,74,2.67,72,2.11,0.00
D,558,Mosquera,4.0,4.0,Wolves,45,0.73,49,1.37,47,1.58,47,1.43,46,1.15,48,1.20,47,1.46,48,0.95,51,1.38,49,1.76,53,2.18,50,1.47,0.01
D,559,N.Semedo,4.5,4.5,Wolves,0,0.00,0,0.00,0,0.00,80,2.37,80,1.89,80,1.92,79,2.35,80,1.48,78,2.01,77,2.72,77,3.18,78,2.22,0.00
M,560,Neto,6.5,6.5,Chelsea,28,1.46,28,1.69,28,1.82,27,1.70,29,1.71,30,1.92,30,2.11,29,1.48,29,1.85,28,1.57,29,1.48,32,2.13,0.01
D,561,Pedro Lima,4.0,4.0,Wolves,0,0.00,0,0.00,1,0.05,0,0.00,0,0.00,0,0.00,0,0.00,0,0.00,0,0.00,0,0.00,0,0.00,0,0.00,0.01
M,562,Podence,5.5,5.5,Wolves,0,0.00,0,0.00,0,0.00,0,0.00,0,0.00,0,0.00,0,0.00,0,0.00,0,0.00,0,0.00,0,0.00,0,0.00,0.00
M,563,R.Gomes,5.5,5.5,Wolves,0,0.00,0,0.00,0,0.00,0,0.00,0,0.00,0,0.00,0,0.00,0,0.00,0,0.00,0,0.00,0,0.00,0,0.00,0.00
D,564,S.Bueno,4.5,4.5,Wolves,81,1.04,77,1.94,78,2.31,73,1.96,74,1.59,71,1.59,73,2.05,72,1.28,71,1.71,69,2.25,71,2.64,70,1.88,0.00
M,565,Sarabia,5.5,5.5,Wolves,47,1.89,48,2.54,48,2.52,46,2.56,46,2.24,47,2.35,45,2.38,45,1.96,44,2.18,47,2.70,43,2.81,45,2.31,0.00
F,566,Strand Larsen,5.5,5.5,Wolves,40,1.58,43,2.13,44,2.14,42,2.06,42,1.93,41,1.87,40,1.95,42,1.75,39,1.88,40,2.05,39,2.36,42,2.03,0.00
D,567,Toti,4.5,4.5,Wolves,90,1.14,85,2.14,85,2.53,83,2.25,80,1.74,80,1.79,80,2.25,79,1.38,78,1.88,78,2.60,79,3.03,78,2.09,0.00
G,568,Muric,4.5,4.5,Ipswich,93,2.94,92,3.10,91,3.16,92,3.04,90,3.16,89,2.98,90,2.91,89,3.23,89,3.00,88,3.19,88,2.84,86,2.88,0.01
M,569,Jaden,5.5,5.5,Aston Villa,12,0.68,12,0.58,13,0.82,15,0.94,15,0.91,16,1.05,16,0.93,15,0.81,16,1.01,17,0.87,17,0.78,17,1.01,0.00
M,570,A.Fatawu,5.5,5.5,Leicester,73,2.94,69,2.85,64,2.83,64,2.54,64,3.01,62,2.02,63,3.06,64,2.90,62,2.98,61,2.94,63,2.40,62,2.62,0.00
M,571,Sávio,6.5,6.5,Man City,47,2.59,31,2.49,26,1.58,30,2.07,32,1.67,35,2.00,37,2.57,37,2.22,37,2.77,34,2.12,31,1.86,30,1.82,0.01
D,572,Yoro,4.5,4.5,Man Utd,0,0.00,0,0.00,0,0.00,0,0.00,0,0.00,0,0.00,0,0.00,0,0.00,0,0.00,0,0.00,0,0.00,0,0.00,0.00
D,573,Milenković,4.5,4.5,Nott'm Forest,0,0.00,0,0.00,0,0.00,0,0.00,0,0.00,0,0.00,1,0.03,0,0.00,0,0.00,0,0.00,0,0.00,1,0.03,0.00
D,574,Pivas,4.0,4.0,Newcastle,0,0.00,0,0.00,0,0.00,0,0.00,0,0.00,0,0.00,0,0.00,0,0.00,0,0.00,0,0.00,0,0.00,0,0.00,0.00
D,575,Wiley,4.0,4.0,Chelsea,0,0.00,0,0.00,0,0.00,0,0.00,0,0.00,0,0.00,0,0.00,0,0.00,0,0.00,0,0.00,0,0.00,0,0.00,0.00
M,576,Irving,5.0,5.0,West Ham,22,0.94,20,0.81,17,0.68,14,0.63,15,0.67,16,0.69,17,0.85,15,0.60,16,0.70,16,0.69,19,0.86,18,0.72,0.00
M,577,Lindstrøm,5.5,5.5,Everton,0,0.00,0,0.00,0,0.00,0,0.00,0,0.00,0,0.00,0,0.00,0,0.00,0,0.00,0,0.00,0,0.00,0,0.00,0.00
D,578,Calafiori,6.0,6.0,Arsenal,28,1.47,43,1.74,58,2.88,66,2.42,64,1.74,64,3.64,62,3.55,62,2.79,59,2.37,62,2.38,62,2.25,62,3.42,0.03
D,579,Sessegnon,4.5,4.5,Fulham,16,0.53,21,1.11,22,1.03,28,1.22,25,1.02,28,1.17,28,0.60,30,1.21,29,1.16,30,1.43,26,0.98,31,1.49,0.00
D,580,Huijsen,4.5,4.5,Bournemouth,0,0.00,0,0.00,0,0.00,0,0.00,0,0.00,0,0.00,0,0.00,0,0.00,0,0.00,0,0.00,0,0.00,0,0.00,0.00
G,581,Jørgensen,4.5,4.5,Chelsea,45,1.50,46,1.75,43,1.70,45,1.67,45,1.60,46,1.73,46,1.85,43,1.44,45,1.64,42,1.46,45,1.54,44,1.71,0.00
D,582,O'Brien,5.0,5.0,Everton,81,2.75,51,1.11,27,1.03,19,0.51,19,0.68,20,0.72,19,0.61,19,0.74,19,0.73,21,0.75,21,0.59,22,0.86,0.00
D,583,Townsend,4.0,4.0,Ipswich,9,0.25,11,0.18,14,0.50,15,0.40,14,0.49,16,0.50,16,0.42,16,0.60,17,0.51,18,0.75,16,0.37,17,0.51,0.00
M,584,Brereton Díaz,5.5,5.5,Southampton,78,3.34,74,4.19,72,3.37,70,3.49,70,4.42,68,3.25,68,2.37,68,4.18,65,2.26,68,3.63,67,3.15,67,2.92,0.01
M,585,I.Sarr,6.0,6.0,Crystal Palace,54,2.74,51,2.92,54,2.46,53,3.40,50,2.65,52,2.59,49,2.42,49,2.56,51,2.63,51,2.60,50,2.88,49,2.32,0.00
D,586,J.Cuenca,4.5,4.5,Fulham,14,0.39,18,0.72,22,0.82,26,0.92,27,0.88,30,1.05,30,0.52,31,1.03,30,1.05,32,1.21,30,0.95,33,1.31,0.00
M,587,Summerville,6.0,6.0,West Ham,22,1.30,23,1.25,24,1.17,24,1.38,25,1.42,26,1.47,27,1.94,28,1.40,27,1.61,29,1.63,29,1.76,25,1.29,0.01
M,588,G.Rodríguez,5.0,5.0,West Ham,0,0.00,0,0.00,0,0.00,0,0.00,0,0.00,0,0.00,0,0.00,0,0.00,0,0.00,0,0.00,0,0.00,0,0.00,0.00
F,589,Füllkrug,7.0,7.0,West Ham,67,3.87,65,3.36,64,2.94,62,3.48,61,3.47,59,3.22,60,4.45,60,2.95,61,3.59,58,3.29,60,3.77,59,3.02,0.04
F,590,Osula,5.0,5.0,Newcastle,1,0.14,2,0.21,1,0.12,0,0.00,0,0.00,1,0.09,0,0.00,0,0.00,1,0.10,0,0.00,1,0.12,0,0.00,0.00
D,591,Todibo,4.5,4.5,West Ham,0,0.00,0,0.00,0,0.00,0,0.00,0,0.00,0,0.00,0,0.00,0,0.00,0,0.00,0,0.00,0,0.00,0,0.00,0.00
D,592,J.Araujo,4.5,4.5,Bournemouth,0,0.00,0,0.00,0,0.00,0,0.00,0,0.00,0,0.00,0,0.00,0,0.00,0,0.00,0,0.00,0,0.00,0,0.00,0.00
D,593,De Ligt,5.0,5.0,Man Utd,56,2.26,84,2.41,82,2.17,80,2.94,80,2.42,79,2.43,80,2.09,79,3.10,77,2.21,76,2.28,76,3.32,76,2.94,0.03
D,594,Mazraoui,4.5,4.5,Man Utd,58,2.85,69,2.47,67,2.31,52,2.36,35,1.43,30,1.24,30,1.12,29,1.43,28,1.11,29,1.19,30,1.59,28,1.35,0.02
M,595,Gruda,5.5,5.5,Brighton,21,1.14,27,1.44,35,1.39,43,2.61,44,2.43,41,1.79,40,1.95,40,1.83,40,2.10,42,1.69,42,1.72,41,1.97,0.00
M,596,Jota Silva,6.0,6.0,Nott'm Forest,0,0.00,0,0.00,0,0.00,0,0.00,0,0.00,0,0.00,0,0.00,0,0.00,0,0.00,0,0.00,0,0.00,0,0.00,0.00
M,597,Lewis-Skelly,4.5,4.5,Arsenal,0,0.00,0,0.00,0,0.00,0,0.00,0,0.00,0,0.00,0,0.00,0,0.00,0,0.00,0,0.00,0,0.00,0,0.00,0.00
D,598,Bogarde,4.0,4.0,Aston Villa,0,0.00,0,0.00,0,0.00,0,0.00,0,0.00,0,0.00,0,0.00,0,0.00,0,0.00,0,0.00,0,0.00,0,0.00,0.00
G,599,Dennis,4.0,4.0,Bournemouth,0,0.00,0,0.00,0,0.00,0,0.00,0,0.00,0,0.00,0,0.00,0,0.00,0,0.00,0,0.00,0,0.00,0,0.00,0.00
M,600,Ayari,5.0,5.0,Brighton,0,0.00,0,0.00,0,0.00,0,0.00,0,0.00,1,0.10,1,0.10,1,0.09,2,0.12,2,0.10,2,0.12,0,0.00,0.00
M,601,Moran,5.0,5.0,Brighton,0,0.00,0,0.00,0,0.00,0,0.00,0,0.00,0,0.00,0,0.00,0,0.00,0,0.00,0,0.00,0,0.00,0,0.00,0.00
M,602,Trevitt,4.5,4.5,Brentford,0,0.00,0,0.00,0,0.00,0,0.00,0,0.00,0,0.00,0,0.00,0,0.00,0,0.00,0,0.00,0,0.00,0,0.00,0.00
M,603,Armstrong,4.5,4.5,Everton,0,0.00,0,0.00,0,0.00,0,0.00,0,0.00,0,0.00,0,0.00,0,0.00,0,0.00,0,0.00,0,0.00,0,0.00,0.00
M,604,King,4.5,4.5,Fulham,0,0.00,0,0.00,0,0.00,0,0.00,0,0.00,0,0.00,0,0.00,0,0.00,0,0.00,0,0.00,0,0.00,0,0.00,0.00
M,605,Godo,4.5,4.5,Fulham,0,0.00,0,0.00,0,0.00,0,0.00,0,0.00,0,0.00,0,0.00,0,0.00,0,0.00,0,0.00,0,0.00,0,0.00,0.00
M,606,Alves,4.5,4.5,Leicester,0,0.00,0,0.00,0,0.00,0,0.00,0,0.00,0,0.00,0,0.00,0,0.00,0,0.00,0,0.00,0,0.00,0,0.00,0.00
M,607,O’Reilly,5.0,5.0,Man City,0,0.00,0,0.00,0,0.00,0,0.00,0,0.00,0,0.00,0,0.00,0,0.00,1,0.10,0,0.00,0,0.00,0,0.00,0.00
M,608,Dibling,4.5,4.5,Southampton,0,0.00,0,0.00,0,0.00,0,0.00,0,0.00,0,0.00,0,0.00,0,0.00,0,0.00,0,0.00,0,0.00,0,0.00,0.00
F,609,Lankshear,4.5,4.5,Spurs,0,0.00,0,0.00,0,0.00,0,0.00,0,0.00,0,0.00,0,0.00,0,0.00,0,0.00,0,0.00,0,0.00,0,0.00,0.00
M,610,Moore,4.5,4.5,Spurs,0,0.00,0,0.00,0,0.00,0,0.00,0,0.00,0,0.00,0,0.00,0,0.00,0,0.00,0,0.00,0,0.00,0,0.00,0.00
D,10001,Josh Wilson-Esbrand,99.9,99.9,Man City,0,0.00,0,0.00,0,0.00,0,0.00,0,0.00,0,0.00,0,0.00,0,0.00,1,0.12,0,0.00,0,0.00,0,0.00,0.00
G,10006,Carl Rushworth,99.9,99.9,Brighton,3,0.10,4,0.14,2,0.07,0,0.00,0,0.00,0,0.00,0,0.00,0,0.00,0,0.00,0,0.00,0,0.00,0,0.00,0.00
M,10011,Malick Junior Yalcouyé,99.9,99.9,Brighton,0,0.00,0,0.00,0,0.00,0,0.00,0,0.00,0,0.00,0,0.00,0,0.00,0,0.00,0,0.00,0,0.00,0,0.00,0.00
F,10012,Abdallah Sima,99.9,99.9,Brighton,4,0.30,5,0.39,5,0.32,5,0.43,4,0.34,4,0.30,4,0.29,5,0.34,5,0.36,5,0.31,6,0.35,5,0.35,0.00
G,10039,Billy Crellin,99.9,99.9,Everton,0,0.00,0,0.00,0,0.00,0,0.00,0,0.00,0,0.00,0,0.00,0,0.00,0,0.00,0,0.00,0,0.00,0,0.00,0.00
M,10064,Máximo Perrone,99.9,99.9,Man City,1,0.07,2,0.13,1,0.10,2,0.14,2,0.10,2,0.15,3,0.18,2,0.13,3,0.22,2,0.15,1,0.10,2,0.13,0.00
D,10065,Issa Kaboré,99.9,99.9,Man City,10,0.41,9,0.52,4,0.17,4,0.20,5,0.19,5,0.22,5,0.27,7,0.31,6,0.31,5,0.25,6,0.26,5,0.24,0.00
G,10068,Mark Gillespie,99.9,99.9,Newcastle,0,0.00,0,0.00,0,0.00,0,0.00,0,0.00,0,0.00,0,0.00,0,0.00,0,0.00,0,0.00,0,0.00,0,0.00,0.00
D,10069,Harrison Ashby,99.9,99.9,Newcastle,0,0.00,0,0.00,0,0.00,0,0.00,0,0.00,0,0.00,0,0.00,0,0.00,0,0.00,0,0.00,0,0.00,0,0.00,0.00
D,10070,Ed Turns,99.9,99.9,Brighton,0,0.00,0,0.00,0,0.00,0,0.00,0,0.00,0,0.00,0,0.00,0,0.00,0,0.00,0,0.00,0,0.00,0,0.00,0.00
M,10075,Jensen Weir,99.9,99.9,Brighton,0,0.00,0,0.00,0,0.00,0,0.00,0,0.00,0,0.00,0,0.00,0,0.00,0,0.00,0,0.00,0,0.00,0,0.00,0.00
G,10076,Matthew Cox,99.9,99.9,Brentford,0,0.00,0,0.00,0,0.00,0,0.00,0,0.00,0,0.00,0,0.00,0,0.00,0,0.00,0,0.00,0,0.00,0,0.00,0.00
M,10077,Paris Maghoma,99.9,99.9,Brentford,0,0.00,0,0.00,0,0.00,0,0.00,1,0.08,1,0.07,1,0.07,2,0.09,1,0.09,2,0.09,2,0.10,2,0.10,0.00
M,10083,Daniel Gore,99.9,99.9,Man Utd,0,0.00,0,0.00,0,0.00,0,0.00,0,0.00,0,0.00,0,0.00,0,0.00,0,0.00,0,0.00,0,0.00,0,0.00,0.00
M,10086,Chem Campbell,99.9,99.9,Wolves,0,0.00,0,0.00,0,0.00,0,0.00,0,0.00,0,0.00,0,0.00,0,0.00,0,0.00,0,0.00,0,0.00,0,0.00,0.00
M,10087,Gavin Kilkenny,99.9,99.9,Bournemouth,0,0.00,0,0.00,2,0.11,2,0.15,3,0.16,2,0.15,4,0.22,2,0.13,3,0.16,2,0.14,1,0.08,0,0.00,0.00
G,10088,Harry Tyrer,99.9,99.9,Everton,0,0.00,0,0.00,0,0.00,0,0.00,0,0.00,0,0.00,0,0.00,0,0.00,0,0.00,0,0.00,0,0.00,0,0.00,0.00
G,10093,Vitezslav Jaros,99.9,99.9,Liverpool,0,0.00,0,0.00,0,0.00,0,0.00,0,0.00,0,0.00,0,0.00,0,0.00,0,0.00,0,0.00,0,0.00,0,0.00,0.00
D,10098,Imari Samuels,99.9,99.9,Brighton,0,0.00,0,0.00,0,0.00,0,0.00,0,0.00,0,0.00,0,0.00,0,0.00,0,0.00,0,0.00,0,0.00,0,0.00,0.00
F,10099,Jota Silva,99.9,99.9,Nott'm Forest,0,0.00,0,0.00,0,0.00,0,0.00,0,0.00,0,0.00,0,0.00,0,0.00,0,0.00,0,0.00,0,0.00,0,0.00,0.00
D,10106,Bashir Humphreys,99.9,99.9,Chelsea,0,0.00,0,0.00,0,0.00,0,0.00,0,0.00,0,0.00,0,0.00,0,0.00,0,0.00,0,0.00,0,0.00,0,0.00,0.00
M,10107,Tino Anjorin,99.9,99.9,Chelsea,0,0.00,0,0.00,0,0.00,0,0.00,0,0.00,0,0.00,0,0.00,0,0.00,0,0.00,0,0.00,0,0.00,0,0.00,0.00
D,10110,Harry Amass,99.9,99.9,Man Utd,2,0.09,1,0.04,2,0.08,1,0.06,0,0.00,0,0.00,0,0.00,0,0.00,0,0.00,0,0.00,0,0.00,0,0.00,0.00
M,10111,Toby Collyer,99.9,99.9,Man Utd,0,0.00,0,0.00,0,0.00,0,0.00,0,0.00,0,0.00,0,0.00,0,0.00,0,0.00,0,0.00,0,0.00,0,0.00,0.00
F,10112,Ethan Wheatley,99.9,99.9,Man Utd,0,0.00,0,0.00,0,0.00,0,0.00,0,0.00,0,0.00,0,0.00,0,0.00,0,0.00,0,0.00,0,0.00,0,0.00,0.00
F,10113,Tyrique George,99.9,99.9,Chelsea,0,0.00,0,0.00,0,0.00,0,0.00,0,0.00,0,0.00,0,0.00,0,0.00,0,0.00,0,0.00,0,0.00,0,0.00,0.00
D,10114,Josh Acheampong,99.9,99.9,Chelsea,0,0.00,0,0.00,0,0.00,0,0.00,0,0.00,0,0.00,0,0.00,0,0.00,0,0.00,0,0.00,0,0.00,0,0.00,0.00
F,10119,Evanilson,99.9,99.9,Bournemouth,5,0.39,68,3.52,71,3.18,65,3.22,59,2.43,55,3.30,53,2.85,54,2.19,54,2.43,54,2.25,54,2.65,54,2.93,0.00
D,10120,Ferdi Kadıoğlu,99.9,99.9,Brighton,0,0.00,16,0.60,24,0.50,29,1.37,32,1.45,33,0.81,33,1.06,31,0.82,32,1.43,31,0.68,32,0.77,33,1.11,0.00
F,10121,Georginio Rutter,99.9,99.9,Brighton,0,0.00,6,0.38,8,0.38,14,1.04,22,1.32,22,1.13,23,1.27,23,1.17,23,1.37,22,1.05,23,1.06,23,1.25,0.00