Pos,ID,Name,BV,SV,Team,8_xMins,8_Pts,9_xMins,9_Pts,10_xMins,10_Pts,11_xMins,11_Pts,12_xMins,12_Pts,13_xMins,13_Pts,14_xMins,14_Pts,15_xMins,15_Pts
D,1,Cédric,4.2,4.2,Arsenal,6,0.21,7,0.24,8,0.28,11,0.46,0,0.00,12,0.52,12,0.64,12,0.38
G,2,Leno,4.5,4.5,Fulham,89,3.62,87,3.47,86,3.21,86,3.85,85,3.46,85,3.21,84,3.65,84,3.05
M,3,Xhaka,5.0,5.0,Arsenal,78,2.57,76,2.42,72,2.16,68,2.30,0,0.00,64,2.14,66,2.63,63,1.80
M,4,Elneny,4.3,4.3,Arsenal,0,0.00,0,0.00,0,0.00,2,0.06,0,0.00,6,0.24,11,0.46,15,0.49
D,5,Holding,4.3,4.3,Arsenal,4,0.14,4,0.14,6,0.15,9,0.32,0,0.00,8,0.28,10,0.44,7,0.20
M,6,Partey,4.8,4.8,Arsenal,48,1.65,78,2.58,79,2.43,76,2.63,0,0.00,74,2.54,74,3.00,72,2.12
M,7,Ødegaard,6.5,6.5,Arsenal,71,3.65,71,3.51,69,3.14,67,3.54,0,0.00,64,3.34,64,4.11,66,2.68
D,8,Tierney,4.9,4.9,Arsenal,47,2.13,42,1.84,43,1.54,48,2.20,0,0.00,50,2.29,47,2.75,50,1.67
M,9,Pépé,5.3,5.3,Arsenal,0,0.00,0,0.00,0,0.00,0,0.00,0,0.00,0,0.00,0,0.00,0,0.00
D,10,White,4.5,4.5,Arsenal,63,2.42,62,2.27,59,1.80,58,2.28,0,0.00,56,2.22,58,2.95,58,1.70
F,11,Nketiah,6.6,6.6,Arsenal,22,1.37,25,1.46,23,1.29,27,1.79,0,0.00,30,1.94,31,2.34,31,1.63
M,12,Smith Rowe,5.7,5.7,Arsenal,16,0.99,22,1.29,23,1.30,26,1.58,0,0.00,26,1.60,30,2.09,31,1.51
M,13,Saka,7.8,7.8,Arsenal,77,4.98,76,4.70,74,4.17,73,4.86,0,0.00,70,4.60,68,5.68,67,3.36
D,14,Tomiyasu,4.2,4.2,Arsenal,54,2.15,60,2.23,64,1.95,62,2.50,0,0.00,63,2.54,63,3.32,63,1.88
G,15,Ramsdale,4.9,4.9,Arsenal,88,3.65,89,3.65,87,3.33,85,3.56,0,0.00,84,3.52,84,4.05,84,3.18
D,16,Gabriel,5.1,5.1,Arsenal,70,3.06,66,2.72,65,2.18,66,2.93,0,0.00,66,2.90,63,3.66,64,2.03
D,17,Tavares,4.5,4.5,Arsenal,0,0.00,0,0.00,0,0.00,0,0.00,0,0.00,0,0.00,0,0.00,0,0.00
M,18,Sambi,4.4,4.4,Arsenal,22,0.88,12,0.50,12,0.49,13,0.53,0,0.00,14,0.58,12,0.52,12,0.44
M,19,Martinelli,6.5,6.2,Arsenal,75,4.51,71,4.14,70,3.69,65,4.11,0,0.00,63,3.91,62,4.80,60,2.90
D,20,Pablo Marí,4.5,4.5,Arsenal,0,0.00,0,0.00,0,0.00,0,0.00,0,0.00,0,0.00,0,0.00,0,0.00
M,21,Maitland-Niles,4.8,4.8,Southampton,24,0.97,29,1.21,30,1.03,33,1.30,33,1.29,30,1.14,28,1.09,25,1.03
M,22,Torreira,4.5,4.5,Arsenal,0,0.00,0,0.00,0,0.00,0,0.00,0,0.00,0,0.00,0,0.00,0,0.00
M,23,Nelson,4.9,4.9,Arsenal,0,0.00,0,0.00,0,0.02,1,0.08,0,0.00,2,0.15,2,0.15,2,0.12
G,24,Turner,3.9,3.9,Arsenal,2,0.10,1,0.06,3,0.11,5,0.21,0,0.00,6,0.27,6,0.28,6,0.23
M,25,Fábio Vieira,5.7,5.7,Arsenal,15,0.81,14,0.77,18,0.91,22,1.25,0,0.00,25,1.36,24,1.56,22,1.02
D,26,Saliba,4.8,4.8,Arsenal,78,3.02,75,2.72,73,2.17,70,2.71,0,0.00,71,2.76,71,3.61,70,2.02
M,27,Marquinhos,4.8,4.8,Arsenal,4,0.27,2,0.16,2,0.13,4,0.24,0,0.00,4,0.24,4,0.32,4,0.26
F,28,Jesus,8.1,8.0,Arsenal,79,4.83,76,4.49,76,4.11,74,4.67,0,0.00,70,4.26,70,5.29,71,3.38
M,29,Coutinho,6.7,6.7,Aston Villa,60,3.64,60,3.30,59,3.42,58,2.81,57,3.05,57,3.49,55,2.66,55,2.91
F,30,Ings,6.7,6.7,Aston Villa,43,2.91,43,2.64,39,2.52,44,2.33,43,2.55,43,2.87,43,2.30,42,2.48
G,31,Martínez,4.9,4.9,Aston Villa,88,3.70,88,3.39,88,3.66,87,3.28,86,3.35,86,3.60,87,3.27,87,3.30
D,32,Chambers,4.4,4.4,Aston Villa,29,1.14,23,0.74,24,0.92,25,0.73,30,0.97,28,1.09,29,0.82,28,0.85
D,33,Digne,4.7,4.7,Aston Villa,84,3.79,79,2.92,79,3.41,78,2.54,77,2.82,78,3.51,76,2.41,76,2.64
M,34,Traoré,4.9,4.9,Aston Villa,0,0.00,0,0.00,0,0.00,0,0.00,0,0.00,0,0.00,0,0.00,0,0.00
G,35,Olsen,4.0,4.0,Aston Villa,2,0.06,2,0.10,2,0.07,3,0.12,3,0.13,3,0.14,3,0.10,3,0.13
M,36,Sanson,4.4,4.4,Aston Villa,2,0.16,3,0.21,3,0.21,5,0.29,6,0.33,5,0.32,6,0.32,7,0.36
M,37,McGinn,5.3,5.3,Aston Villa,80,2.75,76,2.44,75,2.53,71,2.14,73,2.32,73,2.52,70,2.12,68,2.14
D,38,Hause,4.4,4.4,Aston Villa,0,0.00,0,0.00,0,0.00,0,0.00,0,0.00,0,0.00,0,0.00,0,0.00
D,39,Mings,4.3,4.3,Aston Villa,86,3.08,81,2.35,80,2.83,78,2.08,78,2.32,77,2.79,75,1.94,78,2.13
F,40,Watkins,7.3,7.3,Aston Villa,82,4.40,80,3.90,79,4.01,78,3.27,78,3.68,78,4.17,75,3.21,78,3.69
M,41,Nakamba,4.4,4.4,Aston Villa,4,0.16,4,0.15,5,0.21,7,0.25,6,0.24,9,0.35,7,0.25,7,0.27
M,42,Buendía,5.9,5.9,Aston Villa,34,2.03,33,1.82,34,1.99,34,1.68,34,1.84,34,2.05,37,1.81,36,1.91
D,43,Cash,4.7,4.7,Aston Villa,63,2.56,80,2.60,79,3.08,77,2.25,76,2.48,75,3.03,74,2.09,74,2.27
D,44,Konsa,4.4,4.4,Aston Villa,76,2.86,73,2.25,73,2.70,73,2.08,70,2.18,69,2.61,70,1.91,68,1.99
M,45,Bailey,4.7,4.7,Aston Villa,47,2.76,47,2.49,49,2.71,49,2.26,48,2.43,47,2.70,50,2.29,51,2.53
M,46,Douglas Luiz,4.8,4.8,Aston Villa,39,1.39,40,1.34,42,1.44,42,1.32,41,1.36,42,1.48,41,1.28,41,1.33
M,47,Ramsey,5.2,5.2,Aston Villa,53,2.23,55,2.12,54,2.19,53,1.89,50,1.93,51,2.24,50,1.78,54,2.03
M,48,Chukwuemeka,4.3,4.3,Chelsea,0,0.00,0,0.01,0,0.04,0,0.03,0,0.04,0,0.04,1,0.06,1,0.05
M,49,Iroegbunam,4.5,4.5,Aston Villa,0,0.00,0,0.00,0,0.00,0,0.00,0,0.00,0,0.00,0,0.00,0,0.00
D,50,Diego Carlos,4.8,4.8,Aston Villa,0,0.00,0,0.00,0,0.00,0,0.00,0,0.00,0,0.00,0,0.00,0,0.00
M,51,El Ghazi,4.8,4.8,Aston Villa,0,0.00,0,0.00,0,0.00,0,0.00,0,0.00,0,0.00,0,0.00,0,0.00
F,52,Davis,5.4,5.4,Aston Villa,0,0.00,0,0.00,0,0.00,0,0.00,0,0.00,0,0.00,0,0.00,0,0.00
M,53,Kamara,4.9,4.9,Aston Villa,80,2.33,78,2.13,75,2.19,74,1.96,73,2.03,73,2.13,73,1.92,73,1.97
F,54,Archer,4.4,4.4,Aston Villa,5,0.28,7,0.35,9,0.45,10,0.44,10,0.48,10,0.56,11,0.47,10,0.49
M,55,Philogene-Bidace,4.5,4.5,Aston Villa,0,0.00,0,0.00,0,0.00,0,0.00,0,0.00,0,0.00,0,0.00,0,0.00
D,56,Guilbert,4.0,4.0,Aston Villa,11,0.43,6,0.18,6,0.22,7,0.21,7,0.20,8,0.31,10,0.28,10,0.29
D,57,Smith,4.4,4.4,Bournemouth,69,1.60,67,2.29,66,2.23,57,1.58,61,2.13,62,1.52,60,1.49,61,1.66
M,58,Stanislas,4.8,4.8,Bournemouth,13,0.71,25,1.60,27,1.63,28,1.54,27,1.70,27,1.42,25,1.35,29,1.59
D,59,Fredericks,4.4,4.4,Bournemouth,27,0.72,28,1.01,26,0.96,32,0.96,30,1.08,28,0.79,29,0.80,30,0.90
M,60,Brooks,5.3,5.3,Bournemouth,0,0.04,3,0.22,3,0.24,2,0.14,1,0.13,3,0.21,2,0.17,2,0.20
M,61,Lowe,5.3,5.3,Bournemouth,6,0.35,6,0.41,6,0.38,6,0.35,7,0.44,9,0.47,8,0.44,8,0.44
F,62,Moore,5.5,5.5,Bournemouth,23,0.96,25,1.25,24,1.23,25,1.13,24,1.24,28,1.21,26,1.13,25,1.18
M,63,Marcondes,4.8,4.8,Bournemouth,9,0.43,6,0.32,6,0.33,5,0.28,5,0.28,5,0.28,8,0.40,6,0.33
M,64,Lerma,5.0,5.0,Bournemouth,81,2.18,76,2.38,75,2.34,74,2.16,72,2.26,73,2.01,72,2.00,72,2.10
D,65,Stacey,4.3,4.3,Bournemouth,14,0.34,15,0.52,19,0.64,19,0.53,17,0.57,19,0.47,22,0.57,23,0.63
F,66,Solanke,5.7,5.7,Bournemouth,86,3.47,81,4.18,80,4.17,77,3.47,75,3.96,75,3.13,75,3.21,74,3.49
M,67,Cook,4.9,4.9,Bournemouth,61,1.76,62,1.98,58,1.88,53,1.64,49,1.64,50,1.51,49,1.50,50,1.55
M,68,Pearson,4.5,4.5,Bournemouth,0,0.00,6,0.21,12,0.46,20,0.74,29,1.04,30,0.99,28,0.94,30,1.01
M,69,Christie,5.3,5.3,Bournemouth,50,1.92,46,2.13,49,2.27,46,1.91,44,2.07,40,1.63,45,1.82,43,1.85
M,70,Billing,5.3,5.3,Bournemouth,59,2.01,55,2.28,54,2.22,53,2.00,50,2.11,47,1.68,49,1.77,50,1.92
D,71,Mepham,4.4,4.4,Bournemouth,77,1.57,71,2.15,70,2.12,69,1.66,68,2.10,67,1.43,66,1.42,66,1.55
G,72,Travers,4.5,4.5,Bournemouth,73,2.61,71,2.75,71,2.79,67,2.47,68,2.66,67,2.42,64,2.30,65,2.35
D,73,Kelly,4.5,4.5,Bournemouth,83,1.70,81,2.47,77,2.38,76,1.86,75,2.34,73,1.58,72,1.58,73,1.75
M,74,Dembélé,4.8,4.8,Bournemouth,7,0.35,8,0.44,9,0.51,10,0.48,13,0.69,12,0.56,13,0.60,13,0.63
M,75,Anthony,5.3,5.3,Bournemouth,39,1.65,35,1.75,34,1.73,36,1.63,35,1.80,33,1.47,35,1.57,34,1.59
D,76,Zemura,4.4,4.4,Bournemouth,73,1.66,70,2.33,66,2.23,67,1.81,68,2.32,67,1.62,62,1.52,61,1.64
G,77,Dennis,4.0,4.0,Bournemouth,0,0.00,0,0.01,0,0.00,0,0.01,0,0.00,0,0.01,0,0.02,0,0.00
D,78,Jansson,4.4,4.4,Brentford,84,2.02,77,2.79,69,1.72,65,2.14,59,1.51,57,1.57,57,2.12,59,2.01
M,79,Nørgaard,5.4,5.4,Brentford,0,0.00,11,0.40,37,1.14,58,1.90,72,2.19,72,2.25,72,2.47,73,2.49
F,80,Toney,7.2,7.2,Brentford,86,4.01,81,4.42,81,3.66,80,4.03,79,3.52,78,3.73,76,4.14,77,4.23
G,81,Raya,4.5,4.5,Brentford,90,3.31,88,3.69,87,3.23,87,3.54,86,3.21,86,3.26,85,3.62,85,3.47
D,82,Canós,5.0,5.0,Brentford,15,0.75,16,1.02,17,0.85,20,1.22,18,0.94,21,1.11,22,1.42,22,1.41
M,83,Dasilva,4.6,4.6,Brentford,65,2.52,59,2.65,55,2.16,51,2.19,48,1.96,45,1.93,47,2.21,48,2.22
D,84,Ajer,4.5,4.5,Brentford,23,0.69,23,0.93,22,0.65,21,0.81,22,0.68,21,0.70,24,1.02,24,0.94
D,85,Henry,4.5,4.5,Brentford,80,2.07,77,2.92,75,1.99,72,2.53,72,2.00,73,2.12,71,2.77,71,2.58
M,86,Janelt,5.5,5.5,Brentford,69,2.33,65,2.50,59,2.00,56,2.07,51,1.78,51,1.82,51,2.03,49,1.93
M,87,Ghoddos,4.9,4.9,Brentford,8,0.43,11,0.59,11,0.56,10,0.50,9,0.45,9,0.48,10,0.54,10,0.53
M,88,Jensen,5.1,5.1,Brentford,68,2.53,65,2.75,60,2.27,57,2.33,57,2.18,58,2.27,56,2.43,57,2.42
M,89,Wissa,5.4,5.4,Brentford,25,1.32,29,1.72,28,1.46,26,1.51,26,1.37,27,1.47,28,1.74,29,1.76
D,90,Roerslev,4.4,4.4,Brentford,22,0.57,24,0.89,24,0.64,24,0.83,21,0.60,25,0.73,22,0.85,20,0.72
D,91,Bech,4.5,4.5,Brentford,0,0.00,0,0.00,0,0.00,0,0.00,0,0.00,0,0.00,0,0.00,0,0.00
D,92,Pinnock,4.4,4.4,Brentford,0,0.00,8,0.34,32,0.91,44,1.61,59,1.70,56,1.70,58,2.36,60,2.25
M,93,Onyeka,4.9,4.9,Brentford,13,0.55,14,0.64,15,0.63,12,0.54,10,0.45,13,0.57,12,0.56,12,0.58
M,94,Baptiste,4.5,4.5,Brentford,49,1.82,47,1.96,38,1.49,34,1.43,30,1.23,30,1.25,31,1.38,30,1.33
F,95,Mbeumo,6.0,6.0,Brentford,74,3.05,67,3.13,62,2.60,66,3.01,65,2.70,63,2.77,61,2.99,60,2.95
D,96,Goode,4.0,4.0,Brentford,0,0.00,0,0.01,0,0.01,0,0.02,0,0.01,0,0.01,0,0.02,0,0.01
F,97,Forss,4.5,4.5,Brentford,0,0.00,0,0.00,0,0.00,0,0.00,0,0.00,0,0.00,0,0.00,0,0.00
D,98,Thompson,4.0,4.0,Brentford,0,0.00,0,0.00,0,0.00,0,0.00,0,0.00,0,0.00,0,0.00,0,0.00
M,99,Bidstrup,4.5,4.5,Brentford,0,0.00,0,0.00,0,0.00,0,0.00,0,0.00,0,0.00,0,0.00,0,0.00
G,100,Balcombe,4.0,4.0,Brentford,0,0.00,0,0.00,0,0.00,0,0.00,0,0.00,0,0.00,0,0.00,0,0.00
M,101,Lallana,4.9,4.9,Brighton,0,0.00,1,0.08,14,0.68,23,1.09,27,1.50,32,1.25,32,1.39,33,1.47
G,102,Steele,4.0,4.0,Brighton,0,0.00,2,0.07,2,0.09,2,0.07,3,0.14,4,0.15,3,0.14,3,0.14
F,103,Welbeck,6.5,6.5,Brighton,0,0.00,73,2.74,68,3.15,69,3.30,69,3.96,67,2.41,66,2.88,65,2.96
M,104,Groß,6.0,6.0,Brighton,0,0.00,74,2.70,74,3.27,70,3.28,70,4.02,69,2.36,65,2.81,65,2.93
D,105,Duffy,4.4,4.4,Fulham,5,0.21,6,0.24,5,0.18,9,0.44,10,0.40,12,0.39,13,0.55,13,0.24
D,106,Dunk,4.6,4.6,Brighton,0,0.00,83,1.69,82,2.84,81,3.00,81,4.29,80,1.28,81,2.73,82,3.15
M,107,March,5.0,5.0,Brighton,0,0.00,71,2.24,67,2.49,67,2.52,65,2.94,66,1.99,63,2.29,65,2.42
D,108,Webster,4.5,4.5,Brighton,0,0.00,82,1.67,80,2.73,79,2.89,77,3.98,75,1.25,76,2.59,74,2.84
D,109,Veltman,4.6,4.6,Brighton,0,0.00,78,1.50,75,2.45,75,2.58,75,3.60,74,1.27,72,2.36,73,2.64
F,110,Maupay,6.1,6.1,Everton,50,2.51,18,0.96,20,1.06,19,0.87,21,0.97,21,1.17,21,1.08,21,1.19
M,111,Trossard,6.5,6.5,Brighton,0,0.00,67,2.65,64,3.17,65,3.37,62,4.03,59,2.11,60,2.85,62,3.08
D,112,Cucurella,5.2,5.1,Chelsea,0,0.00,61,2.94,60,3.34,58,2.66,62,2.90,63,2.92,60,2.61,62,2.65
G,113,Sánchez,4.7,4.7,Brighton,0,0.00,88,3.17,88,3.53,88,3.64,87,4.15,86,3.06,87,3.48,87,3.70
D,114,Lamptey,4.3,4.3,Brighton,0,0.00,17,0.52,19,0.81,22,0.96,20,1.13,20,0.51,20,0.83,22,0.96
M,115,Alzate,4.4,4.4,Brighton,0,0.00,5,0.19,4,0.19,4,0.17,4,0.18,4,0.16,5,0.22,6,0.27
M,116,Mac Allister,5.6,5.6,Brighton,0,0.00,78,2.68,76,3.26,74,3.32,74,4.08,75,2.40,73,3.00,71,3.06
M,117,Moder,4.4,4.4,Brighton,0,0.00,0,0.00,0,0.00,0,0.00,0,0.00,0,0.00,0,0.00,0,0.00
M,118,Mwepu,5.3,5.3,Brighton,0,0.00,39,1.58,39,1.82,37,1.78,38,2.19,40,1.52,38,1.71,39,1.81
M,119,Sarmiento,4.5,4.5,Brighton,0,0.00,2,0.11,3,0.18,2,0.15,2,0.16,2,0.14,3,0.18,4,0.21
M,120,Caicedo,5.0,5.0,Brighton,0,0.00,75,2.04,73,2.26,74,2.33,69,2.58,68,1.79,72,2.19,70,2.21
M,121,Richards,4.5,4.5,Brighton,0,0.00,0,0.00,0,0.00,0,0.00,0,0.00,0,0.00,0,0.00,0,0.00
D,122,Roberts,4.0,4.0,Brighton,0,0.00,0,0.00,0,0.00,0,0.00,0,0.00,0,0.00,0,0.00,0,0.00
F,123,Undav,5.2,5.2,Brighton,0,0.00,21,0.97,22,1.24,20,1.17,22,1.53,20,0.90,23,1.21,22,1.20
M,124,Mitoma,4.9,4.9,Brighton,0,0.00,13,0.54,15,0.69,12,0.60,12,0.69,12,0.49,12,0.57,13,0.61
F,125,Enciso,4.8,4.8,Brighton,0,0.00,10,0.46,10,0.55,10,0.53,11,0.65,12,0.56,12,0.60,12,0.64
M,126,Kozłowski,4.5,4.5,Brighton,0,0.00,0,0.00,0,0.00,0,0.00,0,0.00,0,0.00,0,0.00,0,0.00
D,127,Azpilicueta,4.9,4.9,Chelsea,0,0.00,15,0.69,17,0.91,20,0.92,19,0.89,18,0.82,22,0.99,22,0.96
D,128,Thiago Silva,5.5,5.5,Chelsea,0,0.00,65,2.76,66,3.25,64,2.58,65,2.68,62,2.47,61,2.40,61,2.28
D,129,Alonso,5.3,5.3,Chelsea,0,0.00,0,0.00,0,0.00,0,0.00,0,0.00,0,0.00,0,0.00,0,0.00
M,130,Jorginho,6.0,6.0,Chelsea,0,0.00,66,2.72,60,2.75,56,2.34,54,2.32,55,2.34,52,2.07,50,2.05
M,131,Barkley,4.9,4.9,Chelsea,0,0.00,0,0.00,0,0.00,0,0.00,0,0.00,0,0.00,0,0.00,0,0.00
M,132,Kovacic,4.9,4.9,Chelsea,0,0.00,55,2.16,48,2.06,44,1.76,43,1.76,41,1.71,41,1.59,43,1.69
G,133,Arrizabalaga,4.4,4.4,Chelsea,0,0.00,3,0.13,2,0.10,3,0.12,3,0.11,2,0.10,2,0.10,4,0.15
M,134,Kanté,4.8,4.8,Chelsea,0,0.00,5,0.22,29,1.16,53,1.90,61,2.19,58,2.10,56,1.94,56,1.94
M,135,Ziyech,5.7,5.7,Chelsea,0,0.00,12,0.72,16,1.03,16,0.97,15,0.91,15,0.89,19,1.02,17,0.97
M,136,Loftus-Cheek,5.0,5.0,Chelsea,0,0.00,27,1.17,24,1.17,23,1.03,22,1.01,23,1.05,25,1.06,25,1.09
F,137,Werner,7.9,7.9,Chelsea,0,0.00,0,0.00,0,0.00,0,0.00,0,0.00,0,0.00,0,0.00,0,0.00
D,138,Kenedy,3.9,3.9,Chelsea,0,0.00,0,0.00,0,0.00,0,0.00,0,0.00,0,0.00,0,0.00,0,0.00
D,139,Chilwell,5.8,5.8,Chelsea,0,0.00,33,1.75,35,2.12,37,1.87,32,1.70,33,1.69,37,1.81,34,1.62
M,140,Pulisic,5.7,5.7,Chelsea,0,0.00,14,0.86,15,0.99,16,1.01,14,0.89,16,1.02,18,1.00,19,1.13
D,141,Chalobah,4.7,4.7,Chelsea,0,0.00,7,0.28,8,0.33,9,0.33,8,0.30,8,0.31,11,0.42,10,0.38
M,142,Mount,7.6,7.6,Chelsea,0,0.00,69,3.79,68,4.28,65,3.72,67,3.95,68,3.97,64,3.33,63,3.50
D,143,Sarr,5.0,5.0,Chelsea,0,0.00,0,0.00,0,0.00,0,0.00,0,0.00,0,0.00,0,0.00,0,0.00
M,144,Hudson-Odoi,5.3,5.3,Chelsea,0,0.00,0,0.00,0,0.00,0,0.00,0,0.00,0,0.00,0,0.00,0,0.00
F,145,Havertz,7.7,7.7,Chelsea,0,0.00,51,2.48,48,2.58,44,2.24,46,2.40,45,2.35,45,2.12,46,2.27
D,146,James,6.0,6.0,Chelsea,0,0.00,73,3.93,73,4.55,71,3.61,71,3.70,71,3.61,69,3.35,70,3.31
G,147,Mendy,4.9,4.9,Chelsea,0,0.00,87,3.81,88,4.14,87,3.69,87,3.71,87,3.65,87,3.66,86,3.51
M,148,Gallagher,5.7,5.7,Chelsea,0,0.00,13,0.67,10,0.59,9,0.48,8,0.44,9,0.48,12,0.58,12,0.61
M,149,Gilmour,4.4,4.4,Brighton,0,0.00,19,0.70,20,0.80,19,0.78,21,0.95,22,0.77,23,0.87,22,0.86
F,150,Broja,5.3,5.3,Chelsea,0,0.00,10,0.59,10,0.68,10,0.60,12,0.74,10,0.61,13,0.74,12,0.71
D,151,Ampadu,4.4,4.4,Chelsea,0,0.00,0,0.00,0,0.00,0,0.00,0,0.00,0,0.00,0,0.00,0,0.00
G,152,Guaita,4.5,4.5,Crystal Palace,0,0.00,88,3.34,87,3.68,85,3.32,86,3.75,86,3.57,86,3.65,86,3.25
D,153,Tomkins,3.9,3.9,Crystal Palace,0,0.00,2,0.07,8,0.30,15,0.48,19,0.77,18,0.66,20,0.81,19,0.58
M,154,McArthur,4.8,4.8,Crystal Palace,0,0.00,5,0.22,18,0.83,33,1.27,37,1.53,38,1.47,41,1.72,40,1.44
F,155,Benteke,5.5,5.5,Crystal Palace,0,0.00,0,0.00,0,0.00,0,0.00,0,0.00,0,0.00,0,0.00,0,0.00
D,156,Ward,4.5,4.5,Crystal Palace,0,0.00,68,1.82,68,2.48,66,1.90,67,2.52,63,2.08,65,2.36,62,1.66
D,157,Clyne,4.5,4.5,Crystal Palace,0,0.00,37,1.14,36,1.44,41,1.30,38,1.57,45,1.60,41,1.64,42,1.25
M,158,Milivojevic,4.4,4.4,Crystal Palace,0,0.00,20,0.77,18,0.78,16,0.65,16,0.69,16,0.66,17,0.74,17,0.67
M,159,Ayew,5.4,5.4,Crystal Palace,0,0.00,44,1.87,46,2.40,45,2.04,44,2.18,46,2.08,43,2.25,44,1.90
M,160,Zaha,7.2,7.2,Crystal Palace,0,0.00,79,3.59,75,4.69,74,3.75,74,4.20,74,3.80,72,4.31,71,3.35
M,161,Schlupp,4.9,4.9,Crystal Palace,0,0.00,67,2.30,66,2.69,61,2.24,60,2.41,58,2.22,59,2.47,59,2.12
G,162,Butland,4.4,4.4,Crystal Palace,0,0.00,0,0.01,1,0.03,1,0.04,0,0.02,0,0.01,0,0.02,1,0.03
M,163,Hughes,4.9,4.9,Crystal Palace,0,0.00,20,0.84,17,0.82,17,0.73,17,0.79,19,0.84,18,0.83,20,0.84
M,164,Riedewald,4.4,4.4,Crystal Palace,0,0.00,4,0.14,3,0.13,3,0.11,2,0.09,2,0.09,3,0.12,3,0.12
D,165,Andersen,4.5,4.5,Crystal Palace,0,0.00,83,2.37,81,3.21,77,2.40,77,3.15,76,2.70,76,3.00,76,2.17
F,166,Edouard,5.3,5.3,Crystal Palace,0,0.00,46,2.21,44,2.76,46,2.39,45,2.54,43,2.26,46,2.71,46,2.22
D,167,Guéhi,4.4,4.4,Crystal Palace,0,0.00,82,2.32,82,3.14,79,2.39,79,3.12,78,2.70,77,2.95,77,2.16
F,168,Mateta,5.3,5.3,Crystal Palace,0,0.00,44,2.17,48,3.01,46,2.45,46,2.60,46,2.44,46,2.78,44,2.21
M,169,Eze,5.5,5.5,Crystal Palace,0,0.00,68,2.73,67,3.48,65,2.80,62,2.98,61,2.70,60,3.01,60,2.46
D,170,Mitchell,4.5,4.5,Crystal Palace,0,0.00,71,2.19,71,2.92,67,2.21,68,2.89,66,2.48,66,2.71,67,2.04
M,171,Olise,5.5,5.5,Crystal Palace,0,0.00,50,2.19,47,2.63,48,2.27,49,2.55,48,2.29,49,2.66,49,2.21
M,172,Rak-Sakyi,4.5,4.5,Crystal Palace,0,0.00,0,0.00,0,0.00,0,0.00,0,0.00,0,0.00,0,0.00,0,0.00
M,173,Ebiowei,4.4,4.4,Crystal Palace,0,0.00,11,0.53,11,0.63,11,0.56,11,0.61,12,0.63,12,0.65,14,0.70
D,174,Ferguson,3.9,3.9,Crystal Palace,0,0.00,0,0.00,0,0.00,0,0.00,0,0.00,0,0.00,0,0.00,0,0.00
G,175,Johnstone,4.4,4.4,Crystal Palace,0,0.00,2,0.07,2,0.09,4,0.16,4,0.17,3,0.14,4,0.17,4,0.14
G,176,Begović,4.0,4.0,Everton,1,0.04,2,0.08,1,0.04,2,0.08,3,0.11,5,0.19,3,0.12,4,0.16
F,177,Rondón,5.0,5.0,Everton,4,0.34,2,0.19,2,0.17,3,0.21,3,0.24,3,0.24,3,0.25,4,0.32
D,178,Coleman,4.5,4.5,Everton,25,0.94,26,0.87,26,0.83,24,0.57,26,0.76,25,1.07,26,0.89,26,1.07
M,179,Townsend,5.5,5.5,Everton,0,0.00,0,0.00,0,0.00,0,0.00,0,0.00,0,0.00,0,0.00,0,0.00
D,180,Keane,4.3,4.3,Everton,54,1.89,28,0.90,21,0.64,17,0.40,12,0.37,11,0.46,11,0.35,12,0.46
M,181,Dele,5.3,5.3,Everton,0,0.00,0,0.00,0,0.00,0,0.00,0,0.00,0,0.00,0,0.00,0,0.00
G,182,Pickford,4.5,4.5,Everton,89,3.61,88,3.40,89,3.36,88,3.14,87,3.25,85,3.70,87,3.34,85,3.58
M,183,Allan,4.8,4.8,Everton,2,0.07,1,0.05,2,0.08,3,0.10,3,0.10,3,0.10,3,0.11,3,0.13
M,184,André Gomes,4.5,4.5,Everton,0,0.00,0,0.00,0,0.00,0,0.00,0,0.00,0,0.00,0,0.00,0,0.00
M,185,A.Doucouré,5.3,5.3,Everton,41,1.53,72,2.54,69,2.41,67,2.08,66,2.17,68,2.57,66,2.31,68,2.61
M,186,Iwobi,5.5,5.5,Everton,61,2.29,52,1.88,52,1.91,53,1.72,50,1.72,54,2.10,52,1.91,51,2.07
M,187,Gbamin,4.5,4.5,Everton,0,0.00,0,0.00,0,0.00,0,0.00,0,0.00,0,0.00,0,0.00,0,0.00
D,188,Mina,4.3,4.3,Everton,0,0.00,0,0.00,6,0.21,26,0.65,41,1.21,50,2.10,62,2.02,61,2.43
M,189,Gray,5.5,5.5,Everton,61,3.10,57,2.61,55,2.57,54,2.17,56,2.38,53,2.71,54,2.48,53,2.83
M,190,Davies,4.9,4.9,Everton,14,0.63,10,0.47,11,0.49,13,0.54,15,0.63,15,0.66,14,0.61,15,0.71
F,191,Calvert-Lewin,7.9,7.9,Everton,33,1.76,73,3.53,72,3.44,73,2.88,71,3.05,71,3.69,72,3.41,71,3.86
D,192,Holgate,4.4,4.4,Everton,8,0.26,46,1.25,57,1.44,49,0.92,42,1.02,38,1.37,32,0.92,33,1.16
D,193,Godfrey,4.3,4.3,Everton,0,0.00,0,0.00,0,0.00,0,0.00,0,0.00,0,0.00,0,0.00,0,0.00
D,194,Mykolenko,4.5,4.5,Everton,79,2.82,77,2.42,74,2.22,72,1.57,72,2.00,70,2.89,67,2.17,66,2.65
M,195,Gordon,5.5,5.5,Everton,76,3.46,72,3.01,69,2.90,69,2.48,66,2.57,66,3.07,68,2.83,68,3.24
D,196,Branthwaite,4.0,4.0,Everton,0,0.00,0,0.00,0,0.00,0,0.00,0,0.00,0,0.00,0,0.00,0,0.00
D,197,Patterson,4.1,4.1,Everton,67,2.33,65,1.98,62,1.80,63,1.34,62,1.68,61,2.44,59,1.80,59,2.25
D,198,Nkounkou,4.0,4.0,Everton,0,0.00,0,0.00,0,0.00,0,0.00,0,0.00,0,0.00,0,0.00,0,0.00
D,199,Tarkowski,4.4,4.4,Everton,85,2.79,83,2.35,80,2.13,75,1.43,74,1.84,70,2.65,71,2.07,71,2.56
M,200,Cairney,4.8,4.8,Fulham,20,1.00,22,1.08,22,1.02,23,1.24,25,1.21,26,1.21,26,1.28,27,1.03
D,201,Ream,4.5,4.5,Fulham,82,2.66,77,2.32,77,1.86,76,3.11,74,2.42,75,1.98,73,2.77,74,1.06
M,202,Knockaert,4.8,4.8,Fulham,0,0.00,0,0.03,0,0.02,0,0.03,0,0.03,1,0.08,1,0.05,1,0.03
M,203,Chalobah,4.5,4.5,Fulham,9,0.40,9,0.40,11,0.48,12,0.53,13,0.57,15,0.63,16,0.67,16,0.60
M,204,Kebano,5.5,5.5,Fulham,31,1.80,28,1.58,25,1.34,23,1.54,23,1.36,30,1.65,24,1.48,24,1.05
M,205,De Cordova-Reid,5.5,5.5,Fulham,46,2.19,41,1.93,36,1.55,35,1.92,32,1.62,41,1.87,36,1.85,36,1.29
D,206,Bryan,4.4,4.4,Fulham,0,0.00,0,0.00,0,0.00,0,0.00,0,0.00,0,0.00,0,0.00,0,0.00
G,207,Gazzaniga,4.0,4.0,Fulham,0,0.00,0,0.00,0,0.00,0,0.00,0,0.00,0,0.00,0,0.00,0,0.00
D,208,Kongolo,3.9,3.9,Fulham,0,0.00,0,0.00,0,0.00,0,0.00,0,0.00,0,0.00,0,0.00,0,0.00
D,209,Tosin,4.5,4.5,Fulham,85,2.91,82,2.60,80,2.07,79,3.45,76,2.64,77,2.16,76,3.07,74,1.06
F,210,Mitrović,6.9,6.9,Fulham,85,5.21,82,4.83,79,4.07,78,5.53,76,4.72,77,4.45,73,4.70,75,2.81
M,211,Reed,4.5,4.5,Fulham,75,2.41,71,2.22,70,2.04,69,2.40,65,2.10,64,1.96,64,2.14,62,1.60
M,212,Wilson,5.8,5.8,Fulham,0,0.00,8,0.43,24,1.15,41,2.61,49,2.78,50,2.65,46,2.79,46,1.70
G,213,Rodák,4.4,4.4,Fulham,1,0.05,3,0.11,3,0.12,4,0.17,5,0.19,6,0.21,6,0.25,6,0.23
M,214,Cavaleiro,4.8,4.8,Fulham,0,0.00,0,0.00,0,0.00,0,0.00,0,0.00,0,0.00,0,0.00,0,0.00
D,215,Tete,4.5,4.5,Fulham,48,1.80,47,1.62,49,1.36,45,2.11,49,1.81,47,1.44,45,1.92,45,0.76
M,216,Onomah,4.4,4.4,Fulham,0,0.00,0,0.02,0,0.02,0,0.03,0,0.03,1,0.09,1,0.04,1,0.04
D,217,Robinson,4.5,4.5,Fulham,58,2.10,73,2.43,71,1.92,67,3.08,67,2.42,67,2.00,67,2.79,71,1.08
F,218,Muniz,5.4,5.4,Fulham,0,0.00,0,0.00,0,0.00,0,0.00,0,0.00,0,0.00,0,0.00,0,0.00
F,219,Stansfield,4.5,4.5,Fulham,0,0.00,0,0.00,0,0.00,0,0.00,0,0.00,0,0.00,0,0.00,0,0.00
M,220,Palhinha,5.0,5.0,Fulham,81,2.59,80,2.46,79,2.26,78,2.77,78,2.48,78,2.33,77,2.53,76,1.81
D,221,Cooper,4.4,4.4,Leeds,0,0.00,73,2.46,72,2.04,69,1.61,69,1.81,68,2.38,65,1.03,64,2.76
D,222,Ayling,4.5,4.5,Leeds,0,0.00,30,1.17,29,0.98,34,0.94,33,1.05,35,1.41,35,0.62,37,1.81
M,223,Klich,4.8,4.8,Leeds,0,0.00,35,1.75,34,1.54,33,1.44,32,1.47,34,1.69,35,1.34,34,1.81
M,224,Forshaw,4.5,4.5,Leeds,0,0.00,8,0.32,9,0.36,9,0.34,9,0.37,9,0.37,10,0.34,10,0.42
M,225,Rodrigo,6.3,6.3,Leeds,0,0.00,4,0.27,20,1.18,36,1.93,47,2.67,45,3.00,47,2.05,46,3.32
D,226,Dallas,4.9,4.9,Leeds,0,0.00,0,0.00,0,0.00,0,0.00,0,0.00,0,0.00,0,0.00,0,0.00
F,227,Bamford,7.3,7.3,Leeds,0,0.00,70,4.50,67,3.61,68,3.57,64,3.65,63,4.22,63,2.74,62,4.44
D,228,Llorente,4.5,4.5,Leeds,0,0.00,73,2.52,68,1.96,68,1.60,66,1.78,65,2.32,64,1.00,64,2.81
M,229,Roberts,5.0,5.0,Leeds,0,0.00,0,0.00,0,0.00,0,0.00,0,0.00,0,0.00,0,0.00,0,0.00
D,230,Koch,4.5,4.5,Leeds,0,0.00,23,0.86,29,0.92,31,0.81,31,0.92,30,1.14,32,0.57,33,1.50
M,231,James,6.0,6.0,Fulham,46,2.24,41,2.00,42,1.86,34,1.97,34,1.78,0,0.00,33,1.80,34,1.31
M,232,Raphinha,7.0,7.0,Leeds,0,0.00,0,0.00,0,0.00,0,0.00,0,0.00,0,0.00,0,0.00,0,0.00
M,233,Harrison,6.2,6.2,Leeds,0,0.00,71,3.53,69,2.96,67,2.81,66,2.95,64,3.31,64,2.31,64,3.56
M,234,Shackleton,4.5,4.5,Leeds,0,0.00,0,0.00,0,0.00,0,0.00,0,0.00,0,0.00,0,0.00,0,0.00
D,235,Struijk,4.5,4.5,Leeds,0,0.00,31,1.14,34,1.06,34,0.88,36,1.06,38,1.41,36,0.63,36,1.67
G,236,Klaesson,4.0,4.0,Leeds,0,0.00,1,0.04,1,0.04,1,0.05,3,0.13,5,0.22,4,0.16,4,0.17
F,237,Greenwood,4.4,4.4,Leeds,0,0.00,6,0.30,7,0.35,6,0.27,6,0.32,7,0.37,7,0.32,7,0.41
G,238,Meslier,4.5,4.5,Leeds,0,0.00,89,3.53,89,3.37,88,3.20,87,3.24,84,3.38,85,3.05,85,3.72
D,239,Firpo,4.5,4.5,Leeds,0,0.00,58,2.31,55,1.85,54,1.54,51,1.65,50,2.09,52,0.98,51,2.57
M,240,Summerville,4.4,4.4,Leeds,0,0.00,7,0.41,4,0.25,4,0.25,4,0.24,5,0.31,5,0.28,6,0.41
M,241,Bate,4.5,4.5,Leeds,0,0.00,0,0.00,0,0.00,0,0.00,0,0.00,0,0.00,0,0.00,0,0.00
F,242,Gelhardt,5.3,5.3,Leeds,0,0.00,23,1.39,22,1.17,19,1.02,17,0.98,20,1.24,20,0.95,19,1.25
D,243,Hjelde,3.9,3.9,Leeds,0,0.00,3,0.12,4,0.13,5,0.16,6,0.20,7,0.25,8,0.20,9,0.40
D,244,Kristensen,4.9,4.9,Leeds,0,0.00,77,2.69,76,2.22,74,1.79,74,2.05,74,2.71,72,1.13,72,3.24
M,245,Roca,4.9,4.9,Leeds,0,0.00,69,2.47,69,2.22,66,2.08,65,2.12,65,2.32,64,1.81,63,2.42
M,246,Aaronson,5.5,5.5,Leeds,0,0.00,71,3.25,68,2.73,67,2.61,67,2.74,64,3.05,63,2.13,64,3.26
M,247,Gyabi,4.4,4.4,Leeds,0,0.00,1,0.04,1,0.04,1,0.03,1,0.05,1,0.05,1,0.04,1,0.06
G,248,Schmeichel,5.0,5.0,Leicester,0,0.00,0,0.00,0,0.00,0,0.00,0,0.00,0,0.00,0,0.00,0,0.00
D,249,Evans,4.4,4.4,Leicester,83,1.50,81,3.38,78,2.81,77,2.80,75,2.65,72,2.11,74,1.23,74,2.35
D,250,Bertrand,4.0,4.0,Leicester,0,0.00,0,0.00,0,0.00,0,0.00,0,0.00,0,0.00,0,0.00,0,0.00
M,251,Albrighton,4.8,4.8,Leicester,8,0.30,12,0.60,12,0.56,14,0.64,14,0.67,16,0.65,17,0.63,16,0.69
M,252,Mendy,4.4,4.4,Leicester,7,0.25,10,0.39,9,0.34,10,0.39,11,0.41,11,0.42,11,0.39,10,0.37
D,253,Vestergaard,3.9,3.9,Leicester,1,0.02,1,0.03,1,0.03,1,0.07,1,0.06,1,0.04,2,0.07,2,0.09
G,254,Ward,4.0,4.0,Leicester,89,3.13,86,3.75,86,3.56,84,3.52,83,3.38,84,3.20,82,2.91,82,3.24
F,255,Vardy,9.3,9.3,Leicester,75,3.32,71,4.79,70,4.04,69,4.03,66,4.27,66,3.34,63,2.71,64,3.42
D,256,Ricardo,4.3,4.3,Leicester,0,0.00,0,0.00,0,0.00,0,0.00,0,0.00,0,0.00,0,0.00,0,0.00
D,257,Amartey,4.4,4.4,Leicester,33,0.75,28,1.23,30,1.16,30,1.18,30,1.15,33,1.06,35,0.70,33,1.15
D,258,Castagne,4.4,4.4,Leicester,74,1.53,74,3.29,69,2.64,68,2.71,70,2.67,66,2.08,68,1.14,69,2.35
M,259,Tielemans,6.3,6.3,Leicester,68,2.18,67,2.99,63,2.52,64,2.62,62,2.69,63,2.32,63,2.02,64,2.44
M,260,Pérez,4.9,4.9,Leicester,32,1.39,30,1.75,33,1.70,32,1.68,35,1.91,33,1.54,35,1.45,33,1.59
M,261,Maddison,7.9,7.9,Leicester,79,3.15,76,4.76,74,4.02,73,3.99,71,4.23,72,3.33,69,2.71,70,3.46
F,262,Iheanacho,6.2,6.2,Leicester,21,1.06,25,1.64,26,1.54,26,1.59,28,1.77,28,1.48,29,1.34,30,1.65
M,263,Choudhury,4.5,4.5,Leicester,0,0.00,0,0.00,0,0.00,0,0.00,0,0.00,0,0.00,0,0.00,0,0.00
M,264,Barnes,6.9,6.9,Leicester,70,2.90,65,4.07,68,3.65,65,3.56,63,3.74,63,3.01,63,2.52,63,3.18
M,265,Ndidi,4.9,4.9,Leicester,68,1.72,68,2.20,67,1.99,66,1.96,66,1.98,62,1.71,64,1.56,63,1.79
M,266,Dewsbury-Hall,5.0,5.0,Leicester,55,1.70,55,2.25,58,2.16,60,2.23,59,2.28,57,1.92,56,1.66,56,1.94
D,267,Söyüncü,4.3,4.3,Leicester,5,0.11,7,0.29,9,0.32,9,0.33,11,0.41,12,0.36,12,0.23,13,0.42
D,268,Justin,4.3,4.3,Leicester,80,1.60,76,3.29,74,2.79,75,2.89,73,2.73,74,2.27,73,1.21,71,2.38
M,269,Soumaré,4.4,4.4,Leicester,53,1.61,54,1.98,53,1.82,49,1.71,49,1.74,50,1.63,50,1.49,48,1.61
D,270,Thomas,4.3,4.3,Leicester,26,0.56,27,1.20,33,1.27,31,1.19,31,1.17,34,1.07,33,0.62,34,1.15
F,271,Daka,5.7,5.7,Leicester,20,1.01,24,1.57,24,1.41,24,1.41,29,1.80,27,1.41,28,1.30,30,1.60
D,272,Fofana,4.4,4.4,Chelsea,0,0.00,78,3.14,75,3.53,74,2.83,73,2.83,73,2.74,71,2.59,71,2.51
D,273,Brunt,4.0,4.0,Leicester,0,0.01,1,0.05,1,0.04,1,0.05,1,0.06,1,0.05,2,0.05,2,0.07
M,274,Milner,4.5,4.5,Liverpool,0,0.00,28,1.44,17,0.80,13,0.65,12,0.70,11,0.66,16,0.92,15,0.71
M,275,Henderson,5.3,5.3,Liverpool,0,0.00,9,0.42,30,1.17,48,1.76,51,2.28,53,2.37,48,2.34,47,1.81
D,276,Matip,5.9,5.9,Liverpool,0,0.00,75,3.70,71,2.26,63,1.77,62,3.02,61,3.04,59,3.02,57,1.87
M,277,Thiago,5.2,5.2,Liverpool,0,0.00,65,2.69,66,2.27,63,2.11,59,2.50,60,2.56,57,2.63,54,1.96
M,278,Chamberlain,4.9,4.9,Liverpool,0,0.00,0,0.00,0,0.00,0,0.03,0,0.04,1,0.07,2,0.20,4,0.25
F,279,Firmino,8.0,8.0,Liverpool,0,0.00,25,1.58,18,1.05,19,1.07,22,1.51,21,1.46,25,1.84,26,1.43
D,280,Van Dijk,6.5,6.5,Liverpool,0,0.00,79,3.83,82,2.58,80,2.26,81,3.94,80,3.98,79,4.09,78,2.61
G,281,Alisson,5.5,5.5,Liverpool,0,0.00,89,4.18,87,3.45,87,3.33,86,3.98,86,4.05,85,3.98,86,3.45
M,282,Fabinho,5.4,5.4,Liverpool,0,0.00,74,2.56,77,2.24,74,2.12,74,2.64,74,2.68,73,2.77,71,2.16
M,283,Salah,12.9,12.9,Liverpool,0,0.00,76,6.37,77,5.07,77,4.89,74,6.76,73,6.80,74,7.77,73,5.02
D,284,Robertson,6.8,6.8,Liverpool,0,0.00,6,0.30,38,1.40,60,1.97,70,3.90,69,3.95,65,3.87,66,2.54
D,285,Alexander-Arnold,7.5,7.5,Liverpool,0,0.00,76,4.86,78,3.25,76,2.86,75,4.87,76,5.02,73,5.12,73,3.22
D,286,Gomez,4.5,4.5,Liverpool,0,0.00,32,1.49,20,0.61,16,0.44,13,0.50,15,0.62,19,0.84,19,0.63
M,287,Keita,4.8,4.8,Liverpool,0,0.00,0,0.00,0,0.00,2,0.09,4,0.23,8,0.43,15,0.87,18,0.86
F,288,Diogo Jota,8.9,8.9,Liverpool,0,0.00,48,2.97,46,2.45,46,2.40,47,3.15,46,3.14,44,3.34,49,2.60
G,289,Kelleher,4.0,4.0,Liverpool,0,0.00,1,0.05,3,0.11,3,0.11,4,0.18,4,0.16,4,0.20,3,0.13
D,290,Konaté,4.8,4.8,Liverpool,0,0.00,4,0.16,16,0.48,27,0.75,30,1.40,30,1.43,30,1.45,33,1.05
M,291,Jones,4.9,4.9,Liverpool,0,0.00,29,1.41,22,0.98,17,0.78,18,0.93,18,0.94,17,0.96,17,0.79
D,292,Tsimikas,4.5,4.5,Liverpool,0,0.00,61,3.35,41,1.55,24,0.88,17,0.92,18,0.98,19,1.15,17,0.72
M,293,Luis Díaz,8.2,8.2,Liverpool,0,0.00,58,3.45,65,3.12,63,2.93,63,4.01,62,3.99,61,4.30,56,2.82
M,294,Elliott,5.0,5.0,Liverpool,0,0.00,30,1.57,27,1.26,25,1.16,25,1.45,25,1.43,23,1.45,26,1.27
D,295,N.Williams,4.1,4.1,Nott'm Forest,80,3.19,71,2.15,62,2.38,58,1.82,59,1.60,54,1.17,52,1.01,55,2.16
M,296,Carvalho,5.4,5.4,Liverpool,0,0.00,14,0.88,9,0.50,10,0.55,10,0.65,9,0.63,11,0.82,12,0.65
F,297,Darwin,8.9,8.9,Liverpool,0,0.00,53,3.57,57,3.15,58,3.12,55,3.92,56,4.00,52,4.18,52,2.98
D,298,Ramsay,3.9,3.9,Liverpool,0,0.00,4,0.15,3,0.08,4,0.10,4,0.17,4,0.15,4,0.15,5,0.14
D,299,Walker,5.1,5.1,Man City,28,1.33,62,2.74,71,3.70,72,2.20,0,0.00,72,3.63,64,2.95,62,3.29
M,300,Gündogan,7.6,7.6,Man City,58,3.10,55,3.08,54,3.61,55,2.43,0,0.00,58,3.31,52,3.04,52,3.65
M,301,De Bruyne,12.2,12.2,Man City,82,5.31,76,5.25,69,5.57,71,3.70,0,0.00,70,4.91,67,4.74,66,5.41
D,302,Stones,5.4,5.4,Man City,53,2.68,51,2.44,56,3.06,49,1.60,0,0.00,44,2.36,44,2.18,44,2.48
M,303,Mahrez,7.6,7.6,Man City,32,2.36,36,2.75,36,3.21,39,2.34,0,0.00,36,2.81,34,2.73,38,3.41
M,304,Sterling,10.0,10.0,Chelsea,0,0.00,74,4.12,71,4.60,70,4.00,70,4.14,70,4.16,66,3.56,68,3.83
M,305,Grealish,6.8,6.8,Man City,42,2.54,43,2.68,50,3.66,48,2.34,0,0.00,47,3.03,50,3.15,47,3.42
D,306,Cancelo,7.1,7.0,Man City,81,4.53,77,4.13,72,4.63,71,2.55,0,0.00,72,4.32,67,3.70,67,4.34
G,307,Ederson,5.5,5.5,Man City,89,4.20,88,3.94,88,4.29,87,3.41,0,0.00,87,4.25,87,3.98,87,4.25
D,308,Aké,5.0,5.0,Man City,72,3.91,66,3.40,55,3.35,50,1.86,0,0.00,43,2.48,40,2.16,40,2.48
D,309,Laporte,5.8,5.8,Man City,0,0.00,0,0.00,0,0.00,24,0.83,0,0.00,42,2.34,59,3.00,60,3.53
G,310,Steffen,4.0,4.0,Man City,0,0.00,0,0.00,0,0.00,0,0.00,0,0.00,0,0.00,0,0.00,0,0.00
M,311,Bernardo,7.0,7.0,Man City,61,3.13,62,3.33,61,3.61,62,2.56,0,0.00,60,3.17,59,3.08,60,3.56
D,312,Dias,6.0,6.0,Man City,76,3.88,68,3.30,68,3.83,68,2.21,0,0.00,65,3.51,60,3.00,58,3.31
D,313,Zinchenko,5.1,5.1,Arsenal,71,3.07,61,2.51,63,2.12,60,2.66,0,0.00,58,2.58,59,3.38,60,1.94
M,314,Foden,8.0,8.0,Man City,68,4.03,67,4.16,61,4.47,61,3.00,0,0.00,63,4.02,60,3.83,60,4.40
M,315,Rodri,5.9,5.9,Man City,79,2.99,77,2.93,74,3.13,76,2.41,0,0.00,74,2.88,73,2.75,72,3.02
M,316,Palmer,4.4,4.4,Man City,3,0.17,4,0.22,8,0.51,6,0.29,0,0.00,8,0.50,10,0.61,10,0.67
M,317,McAtee,4.5,4.5,Man City,0,0.00,0,0.00,0,0.00,0,0.00,0,0.00,0,0.00,0,0.00,0,0.00
F,318,Haaland,12.0,11.7,Man City,76,6.35,75,6.84,66,7.00,71,4.78,0,0.00,64,5.72,64,5.70,62,6.58
F,319,Álvarez,6.2,6.2,Man City,22,1.34,24,1.50,31,2.25,27,1.41,0,0.00,30,1.94,34,2.08,35,2.39
D,320,Mbete,3.9,3.9,Man City,0,0.00,0,0.00,0,0.00,0,0.00,0,0.00,0,0.00,0,0.00,0,0.00
M,321,Lavia,4.5,4.5,Southampton,0,0.00,0,0.00,0,0.00,8,0.27,21,0.68,31,0.89,55,1.56,70,2.05
D,322,Wilson-Esbrand,3.9,3.9,Man City,2,0.09,2,0.09,2,0.11,1,0.06,0,0.00,2,0.09,2,0.10,2,0.10
F,323,Delap,4.4,4.4,Man City,0,0.00,0,0.00,0,0.00,0,0.00,0,0.00,0,0.00,0,0.00,0,0.00
G,324,Ortega,3.9,3.9,Man City,1,0.05,2,0.10,2,0.12,2,0.09,0,0.00,3,0.13,3,0.13,4,0.17
M,325,Phillips,4.8,4.8,Man City,17,0.64,20,0.80,25,1.11,19,0.67,0,0.00,22,0.89,26,1.09,27,1.20
F,326,Ronaldo,10.2,10.2,Man Utd,0,0.00,55,2.48,50,3.32,55,3.78,54,3.44,53,2.72,55,3.92,54,3.44
G,327,De Gea,4.9,4.9,Man Utd,0,0.00,89,3.15,88,3.75,87,3.68,87,3.44,86,3.17,85,3.60,84,3.39
D,328,Jones,3.9,3.9,Man Utd,0,0.00,0,0.01,0,0.01,0,0.01,0,0.01,1,0.02,1,0.02,0,0.02
D,329,Varane,4.8,4.8,Man Utd,0,0.00,79,1.26,78,3.05,77,3.02,78,2.52,73,1.85,70,2.79,70,2.38
D,330,Maguire,4.7,4.7,Man Utd,0,0.00,23,0.42,26,1.06,23,0.94,25,0.84,27,0.70,33,1.33,35,1.20
M,331,Fred,5.2,5.2,Man Utd,0,0.00,12,0.49,14,0.61,12,0.56,14,0.63,13,0.56,16,0.75,16,0.72
D,332,Shaw,4.7,4.7,Man Utd,0,0.00,15,0.38,16,0.71,17,0.76,15,0.61,19,0.62,17,0.80,19,0.78
M,333,Fernandes,9.8,9.8,Man Utd,0,0.00,82,2.85,80,4.21,79,4.38,77,3.84,78,3.14,75,4.21,77,3.85
D,334,Telles,5.0,5.0,Man Utd,0,0.00,0,0.00,0,0.00,0,0.00,0,0.00,0,0.00,0,0.00,0,0.00
M,335,Rashford,6.6,6.6,Man Utd,0,0.00,48,2.02,47,2.85,46,2.87,46,2.64,48,2.26,48,3.08,46,2.60
M,336,Van de Beek,5.2,5.2,Man Utd,0,0.00,12,0.50,13,0.66,14,0.68,14,0.68,12,0.53,16,0.79,15,0.71
D,337,Lindelöf,4.3,4.3,Man Utd,0,0.00,4,0.08,4,0.15,6,0.21,7,0.21,11,0.28,10,0.39,10,0.34
M,338,McTominay,4.9,4.9,Man Utd,0,0.00,32,0.95,35,1.28,36,1.34,35,1.21,38,1.18,37,1.38,38,1.33
D,339,Bailly,4.0,4.0,Man Utd,0,0.00,0,0.00,0,0.00,0,0.00,0,0.00,0,0.00,0,0.00,0,0.00
M,340,Sancho,7.3,7.3,Man Utd,0,0.00,66,2.70,64,3.75,63,3.79,62,3.51,60,2.80,59,3.73,59,3.34
D,341,Wan-Bissaka,4.3,4.3,Man Utd,0,0.00,6,0.15,8,0.30,8,0.33,9,0.30,11,0.30,10,0.39,11,0.37
D,342,Dalot,4.5,4.5,Man Utd,0,0.00,80,1.30,79,3.27,77,3.19,77,2.64,74,1.94,73,3.10,72,2.62
D,343,B.Williams,3.9,3.9,Man Utd,0,0.00,5,0.12,5,0.19,6,0.22,6,0.21,8,0.23,11,0.41,10,0.34
M,344,Elanga,4.9,4.9,Man Utd,0,0.00,18,0.87,19,1.19,22,1.35,20,1.20,19,1.01,22,1.41,20,1.19
F,345,Martial,6.9,6.9,Man Utd,0,0.00,16,0.84,22,1.48,21,1.44,22,1.45,23,1.24,22,1.56,25,1.56
M,346,Andreas,4.6,4.5,Fulham,73,3.36,69,3.09,68,2.73,68,3.59,67,3.10,66,2.82,66,3.26,63,2.02
M,347,Pellistri,4.4,4.4,Man Utd,0,0.00,0,0.00,1,0.06,1,0.06,1,0.12,2,0.17,1,0.14,2,0.17
G,348,Heaton,4.0,4.0,Man Utd,0,0.00,0,0.00,0,0.00,0,0.01,0,0.00,0,0.00,0,0.01,0,0.01
M,349,Shelvey,4.8,4.8,Newcastle,0,0.00,0,0.00,0,0.00,0,0.00,0,0.00,0,0.00,0,0.00,0,0.00
D,350,Ritchie,4.3,4.3,Newcastle,11,0.66,8,0.39,9,0.49,9,0.33,10,0.59,11,0.42,13,0.68,12,0.56
D,351,Fernández,4.4,4.4,Newcastle,0,0.00,0,0.00,0,0.00,0,0.00,0,0.00,0,0.00,0,0.00,0,0.00
D,352,Clark,4.5,4.5,Newcastle,0,0.00,0,0.00,0,0.00,0,0.00,0,0.00,0,0.00,0,0.00,0,0.00
G,353,Darlow,4.0,4.0,Newcastle,1,0.05,3,0.10,3,0.12,2,0.08,2,0.10,3,0.09,3,0.14,4,0.15
F,354,Wood,5.7,5.7,Newcastle,11,0.80,3,0.18,3,0.25,4,0.23,5,0.38,6,0.33,6,0.43,7,0.46
G,355,Dubravka,4.3,4.3,Man Utd,0,0.00,1,0.05,2,0.10,3,0.13,3,0.11,4,0.14,5,0.22,6,0.23
F,356,Wilson,7.2,7.2,Newcastle,11,0.88,22,1.36,21,1.53,22,1.23,25,1.73,26,1.34,27,1.83,25,1.55
D,357,Trippier,5.3,5.3,Newcastle,83,4.82,79,3.20,79,3.90,76,2.24,72,3.91,72,2.07,72,3.51,71,2.88
D,358,Burn,4.5,4.5,Newcastle,71,3.80,72,2.62,69,3.04,70,1.82,69,3.34,66,1.67,67,2.91,63,2.26
M,359,Fraser,5.3,5.3,Newcastle,51,2.90,40,1.94,43,2.27,41,1.81,40,2.19,40,1.71,40,2.10,42,2.01
D,360,Lascelles,4.3,4.3,Newcastle,18,0.82,19,0.64,22,0.89,24,0.61,23,1.03,26,0.66,28,1.16,27,0.94
F,361,Gayle,4.5,4.5,Newcastle,0,0.00,0,0.00,0,0.00,0,0.00,0,0.00,0,0.00,0,0.00,0,0.00
D,362,Dummett,3.9,3.9,Newcastle,2,0.09,3,0.10,4,0.15,4,0.12,4,0.18,6,0.17,6,0.22,6,0.20
D,363,Manquillo,4.3,4.3,Newcastle,6,0.29,8,0.29,9,0.35,11,0.32,13,0.58,14,0.41,13,0.56,15,0.57
D,364,Krafth,4.3,4.3,Newcastle,0,0.00,0,0.00,0,0.00,0,0.00,0,0.00,0,0.00,0,0.00,0,0.00
M,365,Murphy,4.4,4.4,Newcastle,10,0.58,10,0.47,9,0.51,11,0.51,13,0.71,13,0.57,13,0.68,12,0.61
D,366,Schär,4.7,4.7,Newcastle,73,4.03,69,2.59,69,3.17,66,1.79,66,3.35,66,1.72,65,2.94,66,2.45
D,367,Targett,4.9,4.9,Newcastle,77,4.05,74,2.67,75,3.29,73,1.92,72,3.49,69,1.76,69,2.99,69,2.50
M,368,Saint-Maximin,6.4,6.4,Newcastle,42,2.49,75,3.53,71,3.81,72,2.94,72,3.89,72,2.86,73,3.77,71,3.39
M,369,Almirón,5.0,5.0,Newcastle,67,3.63,58,2.62,56,2.84,58,2.32,56,2.85,58,2.25,55,2.68,56,2.50
M,370,S.Longstaff,4.4,4.4,Newcastle,42,1.70,22,0.80,25,1.01,29,0.97,28,1.12,27,0.91,28,1.07,29,1.06
M,371,Joelinton,6.0,6.0,Newcastle,73,3.37,66,2.50,68,2.83,62,2.10,62,2.68,63,2.05,62,2.55,62,2.33
D,372,Lewis,4.4,4.4,Newcastle,3,0.12,4,0.16,5,0.20,6,0.18,7,0.32,8,0.24,7,0.28,8,0.29
M,373,Willock,4.9,4.9,Newcastle,62,3.13,57,2.36,55,2.56,56,2.11,57,2.67,54,1.98,54,2.44,53,2.23
M,374,Bruno Guimarães,5.7,5.7,Newcastle,46,1.99,81,2.79,76,2.95,74,2.33,74,2.93,73,2.24,73,2.75,73,2.54
M,375,Hendrick,4.5,4.5,Newcastle,0,0.00,0,0.00,0,0.00,0,0.00,0,0.00,0,0.00,0,0.00,0,0.00
G,376,Pope,5.1,5.1,Newcastle,89,4.24,87,3.57,87,3.79,88,3.26,88,4.03,87,3.22,86,3.77,86,3.52
D,377,Botman,4.4,4.4,Newcastle,60,3.00,57,1.95,57,2.34,58,1.43,60,2.77,60,1.45,59,2.40,61,2.04
M,378,Arter,4.4,4.4,Nott'm Forest,0,0.01,0,0.01,0,0.02,0,0.02,0,0.02,1,0.02,1,0.03,1,0.03
D,379,Cook,4.5,4.5,Nott'm Forest,32,1.11,32,0.84,38,1.23,36,1.00,38,0.91,38,0.70,36,0.65,30,1.02
F,380,Taylor,4.4,4.4,Nott'm Forest,0,0.00,0,0.02,1,0.06,1,0.03,1,0.07,1,0.06,1,0.06,2,0.11
M,381,Colback,4.3,4.3,Nott'm Forest,6,0.21,5,0.14,6,0.19,6,0.17,6,0.17,8,0.23,7,0.22,9,0.28
G,382,Samba,4.5,4.5,Nott'm Forest,0,0.00,0,0.00,0,0.00,0,0.00,0,0.00,0,0.00,0,0.00,0,0.00
M,383,Cafú,4.4,4.4,Nott'm Forest,3,0.13,3,0.13,5,0.21,4,0.17,6,0.23,5,0.19,7,0.28,6,0.27
M,384,Lolley,4.9,4.9,Nott'm Forest,0,0.00,0,0.00,0,0.00,0,0.00,0,0.00,0,0.00,0,0.00,0,0.00
D,385,McKenna,4.5,4.5,Nott'm Forest,73,2.33,70,1.65,67,2.01,65,1.66,63,1.37,63,1.09,59,0.98,54,1.64
D,386,Dräger,4.0,4.0,Nott'm Forest,0,0.00,0,0.00,0,0.00,0,0.00,0,0.00,0,0.00,0,0.00,0,0.00
M,387,Yates,5.0,5.0,Nott'm Forest,50,1.88,40,1.38,46,1.66,43,1.43,45,1.43,45,1.40,43,1.31,47,1.75
D,388,Worrall,4.4,4.4,Nott'm Forest,80,2.48,80,1.84,72,2.15,71,1.77,71,1.53,72,1.20,69,1.11,70,2.10
D,389,Panzo,4.0,4.0,Nott'm Forest,0,0.00,0,0.00,0,0.00,0,0.00,0,0.00,0,0.00,0,0.00,0,0.00
M,390,Xande Silva,5.0,5.0,Nott'm Forest,0,0.00,0,0.00,0,0.00,0,0.00,0,0.00,0,0.00,0,0.00,0,0.00
F,391,Surridge,4.8,4.8,Nott'm Forest,3,0.24,4,0.33,3,0.28,4,0.32,5,0.33,6,0.40,7,0.43,8,0.55
D,392,Laryea,4.5,4.5,Nott'm Forest,0,0.00,0,0.00,0,0.00,0,0.00,0,0.00,0,0.00,0,0.00,0,0.00
D,393,Mbe Soh,4.3,4.3,Nott'm Forest,0,0.00,0,0.00,0,0.00,0,0.00,0,0.01,0,0.00,0,0.01,0,0.00
F,394,Johnson,5.9,5.9,Nott'm Forest,72,3.62,66,2.96,67,3.30,65,2.74,66,2.59,62,2.49,62,2.35,62,3.15
M,395,Mighten,4.9,4.9,Nott'm Forest,0,0.00,0,0.00,0,0.00,0,0.00,0,0.00,0,0.00,0,0.00,0,0.00
M,396,Ojeda,4.5,4.5,Nott'm Forest,0,0.00,0,0.00,0,0.00,0,0.00,0,0.00,0,0.00,0,0.00,0,0.00
F,397,Awoniyi,5.8,5.8,Nott'm Forest,35,2.16,37,2.00,34,2.04,36,1.85,37,1.77,34,1.68,34,1.57,35,2.15
G,398,Henderson,4.7,4.7,Nott'm Forest,88,3.48,87,3.20,87,3.37,88,3.26,86,3.12,85,3.01,85,3.01,85,3.32
D,399,Biancone,4.3,4.3,Nott'm Forest,9,0.36,6,0.21,5,0.20,5,0.18,5,0.17,6,0.16,6,0.16,6,0.25
M,400,Walcott,4.9,4.9,Southampton,10,0.57,11,0.67,15,0.69,15,0.85,16,0.92,16,0.83,15,0.81,15,0.82
G,401,McCarthy,4.4,4.4,Southampton,3,0.10,3,0.15,4,0.15,4,0.17,7,0.28,7,0.27,7,0.28,8,0.33
M,402,Romeu,4.8,4.8,Southampton,0,0.00,0,0.00,0,0.00,0,0.00,0,0.00,0,0.00,0,0.00,0,0.00
M,403,Redmond,5.3,5.3,Southampton,0,0.00,0,0.00,0,0.00,0,0.00,0,0.00,0,0.00,0,0.00,0,0.00
D,404,Stephens,4.3,4.3,Bournemouth,20,0.47,25,0.81,26,0.85,24,0.64,22,0.72,28,0.66,26,0.62,26,0.69
M,405,S.Armstrong,4.9,4.9,Southampton,42,1.83,45,2.21,47,1.57,49,2.23,49,2.25,47,1.92,48,2.00,43,1.99
M,406,Elyounoussi,5.3,5.3,Southampton,64,2.82,64,3.28,59,2.04,57,2.78,59,2.93,57,2.43,56,2.49,56,2.71
M,407,Ward-Prowse,6.5,6.5,Southampton,85,3.45,82,4.03,82,2.49,80,3.64,79,3.65,80,3.11,79,3.16,78,3.44
F,408,A.Armstrong,5.5,5.5,Southampton,61,2.91,60,3.32,57,2.16,59,3.10,55,2.96,57,2.67,54,2.58,55,2.85
D,409,Walker-Peters,4.5,4.5,Southampton,85,2.44,83,3.48,81,1.15,81,2.75,80,2.99,80,2.02,77,2.40,78,2.57
D,410,Bednarek,4.3,4.3,Aston Villa,5,0.15,6,0.16,7,0.21,7,0.18,8,0.22,10,0.32,9,0.24,10,0.27
F,411,Adams,6.4,6.4,Southampton,74,3.30,75,3.84,71,2.41,67,3.27,67,3.32,67,2.89,67,2.93,66,3.19
M,412,Tella,5.0,5.0,Southampton,0,0.00,0,0.00,0,0.00,0,0.00,0,0.00,0,0.00,0,0.00,0,0.00
D,413,Lyanco,4.4,4.4,Southampton,5,0.17,4,0.18,9,0.18,10,0.34,10,0.35,8,0.23,9,0.29,9,0.31
D,414,Valery,4.0,4.0,Southampton,0,0.00,0,0.00,0,0.00,0,0.00,0,0.00,0,0.00,0,0.00,0,0.00
M,415,Smallbone,4.5,4.5,Southampton,0,0.00,0,0.00,0,0.00,0,0.00,0,0.00,0,0.00,0,0.00,0,0.00
M,416,Diallo,4.4,4.4,Southampton,69,2.01,68,2.17,64,1.62,58,1.80,52,1.68,48,1.45,34,1.12,28,1.00
D,417,Perraud,4.5,4.5,Southampton,73,2.38,70,3.23,69,1.12,66,2.54,65,2.74,66,1.92,65,2.26,65,2.43
M,418,Djenepo,5.0,5.0,Southampton,27,1.20,27,1.32,29,1.09,33,1.48,31,1.41,30,1.27,30,1.32,31,1.40
D,419,Livramento,4.4,4.4,Southampton,0,0.00,0,0.00,0,0.00,0,0.00,0,0.00,0,0.00,0,0.00,0,0.00
D,420,Salisu,4.4,4.4,Southampton,76,2.09,70,2.79,70,1.01,68,2.19,69,2.47,69,1.66,66,1.92,64,2.01
G,421,Lis,4.0,4.0,Southampton,0,0.00,0,0.00,0,0.00,0,0.00,0,0.00,0,0.00,0,0.00,0,0.00
G,422,Bazunu,4.5,4.5,Southampton,87,3.31,86,3.70,86,3.09,85,3.40,83,3.44,82,3.01,82,3.19,81,3.18
D,423,Bella-Kotchap,4.5,4.5,Southampton,63,1.85,57,2.38,55,0.83,56,1.92,53,2.00,55,1.41,54,1.67,55,1.87
G,424,Caballero,4.0,4.0,Southampton,0,0.00,0,0.01,0,0.01,0,0.02,0,0.01,0,0.02,1,0.02,1,0.04
G,425,Lloris,5.5,5.5,Spurs,89,3.96,89,3.31,88,3.62,88,4.11,88,3.32,87,3.75,87,3.94,86,3.25
G,426,Forster,4.0,4.0,Spurs,1,0.04,1,0.03,2,0.07,2,0.11,2,0.07,2,0.10,3,0.12,3,0.13
F,427,Kane,11.4,11.4,Spurs,84,6.80,81,4.47,76,4.51,75,5.99,75,4.44,74,5.33,75,5.65,78,4.71
M,428,Son,11.7,11.7,Spurs,78,5.99,75,3.90,71,4.09,69,5.37,71,4.05,71,4.96,68,4.88,68,3.87
D,429,Doherty,4.6,4.6,Spurs,14,0.75,16,0.53,18,0.79,20,1.16,17,0.63,17,0.86,19,1.08,19,0.73
D,430,Dier,5.0,5.0,Spurs,84,3.67,81,2.08,78,2.67,76,3.67,78,2.16,75,3.08,76,3.40,76,2.14
M,431,Lucas Moura,5.8,5.8,Spurs,6,0.40,11,0.58,14,0.81,15,1.04,16,0.92,17,1.09,17,1.13,15,0.88
D,432,Davies,5.0,5.0,Spurs,38,1.73,41,1.10,41,1.46,43,2.12,40,1.16,41,1.73,41,1.88,43,1.25
M,433,Højbjerg,5.5,5.5,Spurs,81,2.84,77,2.18,76,2.31,71,2.56,73,2.16,74,2.49,72,2.52,74,2.21
M,434,Winks,4.4,4.4,Spurs,0,0.00,0,0.00,0,0.00,0,0.00,0,0.00,0,0.00,0,0.00,0,0.00
D,435,Sánchez,4.4,4.4,Spurs,25,1.16,26,0.72,32,1.15,33,1.65,30,0.90,34,1.43,34,1.60,33,0.96
D,436,R.Sessegnon,4.5,4.5,Spurs,25,1.54,24,1.03,27,1.37,29,1.84,25,1.12,27,1.59,30,1.84,29,1.30
M,437,Bergwijn,5.5,5.5,Spurs,0,0.00,0,0.00,0,0.00,0,0.00,0,0.00,0,0.00,0,0.00,0,0.00
D,438,Reguilón,4.2,4.2,Spurs,0,0.00,0,0.00,0,0.00,0,0.00,0,0.00,0,0.00,0,0.00,0,0.00
D,439,Tanganga,3.9,3.9,Spurs,0,0.01,1,0.04,3,0.11,3,0.14,3,0.10,4,0.14,5,0.22,4,0.14
M,440,Bentancur,5.4,5.4,Spurs,68,2.44,66,1.95,61,1.96,60,2.24,60,1.87,60,2.08,60,2.15,60,1.86
M,441,Skipp,4.4,4.4,Spurs,7,0.22,9,0.27,13,0.41,16,0.58,14,0.43,14,0.49,17,0.59,14,0.43
D,442,Rodon,4.0,4.0,Spurs,0,0.00,0,0.00,0,0.00,0,0.00,0,0.00,0,0.00,0,0.00,0,0.00
D,443,Romero,4.9,4.9,Spurs,84,3.60,80,1.95,77,2.53,76,3.56,75,2.00,76,2.98,74,3.28,75,2.00
M,444,Bissouma,4.8,4.8,Spurs,26,1.04,29,1.00,30,1.08,32,1.29,33,1.14,32,1.21,32,1.24,31,1.08
D,445,Emerson Royal,5.1,5.1,Spurs,71,3.66,69,2.05,63,2.48,61,3.40,66,2.13,64,3.00,59,3.08,61,2.00
M,446,Kulusevski,8.1,8.1,Spurs,53,3.17,53,2.34,51,2.46,53,3.18,49,2.33,51,2.80,52,2.96,50,2.37
F,447,Scarlett,4.5,4.5,Spurs,0,0.00,0,0.00,0,0.00,0,0.00,0,0.00,0,0.00,0,0.00,0,0.00
D,448,Perišić,5.6,5.6,Spurs,65,4.29,64,2.50,61,3.13,58,4.06,63,2.71,60,3.68,57,3.79,58,2.55
M,449,White,4.4,4.4,Spurs,0,0.01,0,0.01,0,0.02,1,0.03,1,0.03,1,0.03,1,0.04,0,0.02
M,450,Sarr,4.4,4.4,Spurs,0,0.00,1,0.03,1,0.04,2,0.11,2,0.08,2,0.09,2,0.12,2,0.09
G,451,Austin,4.0,4.0,Spurs,0,0.00,0,0.00,0,0.00,0,0.01,0,0.01,0,0.02,0,0.00,0,0.01
M,452,Devine,4.4,4.4,Spurs,0,0.00,0,0.00,0,0.01,1,0.04,1,0.02,1,0.03,1,0.04,1,0.05
F,453,Parrott,4.5,4.5,Spurs,0,0.00,0,0.00,0,0.00,0,0.00,0,0.00,0,0.00,0,0.00,0,0.00
F,454,Richarlison,8.5,8.5,Spurs,46,2.63,48,2.03,52,2.35,51,2.92,52,2.38,51,2.72,50,2.75,52,2.35
G,455,Fabianski,5.0,5.0,West Ham,89,3.72,88,3.81,88,3.75,88,3.48,88,3.10,87,4.04,87,3.14,87,3.77
D,456,Ogbonna,4.5,4.5,West Ham,7,0.27,7,0.29,6,0.25,7,0.24,7,0.17,6,0.27,5,0.15,6,0.25
D,457,Cresswell,4.8,4.8,West Ham,57,2.41,65,3.08,64,2.99,58,2.16,56,1.17,55,3.04,56,1.57,54,2.60
F,458,Antonio,7.2,7.2,West Ham,51,2.66,63,3.44,60,3.47,59,3.02,57,2.33,58,3.58,58,2.61,57,3.09
D,459,Dawson,4.8,4.8,West Ham,35,1.39,35,1.54,37,1.59,33,1.18,32,0.62,25,1.28,24,0.64,22,0.98
M,460,Lanzini,5.3,5.3,West Ham,10,0.57,12,0.74,17,1.02,17,0.95,16,0.77,20,1.26,19,0.93,19,1.13
D,461,Zouma,4.5,4.5,West Ham,84,3.11,79,3.31,81,3.29,78,2.55,78,1.32,76,3.70,76,1.80,76,3.18
D,462,Masuaku,4.5,4.5,West Ham,0,0.00,0,0.00,0,0.00,0,0.00,0,0.00,0,0.00,0,0.00,0,0.00
D,463,Coufal,4.4,4.4,West Ham,83,3.21,81,3.56,79,3.41,79,2.69,78,1.38,77,3.91,77,1.90,74,3.23
M,464,Benrahma,5.7,5.7,West Ham,25,1.50,26,1.59,31,1.93,28,1.59,28,1.33,30,2.04,31,1.54,31,1.88
M,465,Bowen,8.1,8.1,West Ham,74,4.29,71,4.48,71,4.71,69,3.96,70,2.94,66,4.73,68,3.25,68,4.27
M,466,Vlasic,5.0,5.0,West Ham,0,0.00,0,0.00,0,0.00,0,0.00,0,0.00,0,0.00,0,0.00,0,0.00
M,467,Rice,4.9,4.9,West Ham,86,2.72,83,2.79,79,2.75,78,2.42,78,2.05,77,2.85,76,2.16,76,2.58
M,468,Soucek,5.4,5.4,West Ham,86,3.44,85,3.66,83,3.75,82,3.29,83,2.59,81,4.00,81,2.80,79,3.44
M,469,Fornals,5.4,5.4,West Ham,59,2.59,53,2.55,54,2.66,55,2.41,53,1.89,54,2.88,51,1.98,51,2.43
D,470,Diop,4.3,4.3,Fulham,12,0.40,16,0.51,18,0.49,17,0.76,21,0.73,18,0.52,20,0.80,21,0.36
D,471,Johnson,4.4,4.4,West Ham,9,0.35,28,1.22,30,1.30,31,1.12,29,0.66,31,1.55,28,0.83,32,1.44
D,472,Aguerd,4.9,4.9,West Ham,0,0.00,0,0.00,0,0.00,12,0.44,22,0.43,34,1.73,47,1.18,49,2.12
G,473,Areola,4.4,4.4,West Ham,1,0.03,2,0.10,2,0.08,2,0.09,2,0.08,3,0.12,3,0.11,3,0.13
D,474,Boly,4.3,4.3,Nott'm Forest,35,1.18,29,0.76,35,1.11,34,0.93,36,0.85,36,0.64,34,0.59,31,1.01
D,475,Coady,4.8,4.8,Everton,85,2.65,79,2.18,76,1.97,74,1.41,70,1.71,69,2.51,66,1.87,66,2.28
F,476,Jiménez,6.9,6.9,Wolves,63,2.57,75,3.55,74,2.96,73,4.65,72,3.47,70,4.13,71,3.61,69,3.56
D,477,Jonny,4.4,4.4,Wolves,70,1.28,67,2.04,61,1.43,63,3.03,63,2.19,62,2.53,63,2.07,61,2.36
G,478,Sá,5.0,5.0,Wolves,89,3.20,88,3.39,88,3.21,88,4.00,88,3.58,87,3.73,86,3.36,86,3.65
M,479,Dendoncker,4.8,4.8,Aston Villa,8,0.31,13,0.48,14,0.51,16,0.54,19,0.66,17,0.64,22,0.74,19,0.64
M,480,Neves,5.5,5.5,Wolves,81,2.24,79,2.41,76,2.14,76,2.98,76,2.40,77,2.78,74,2.41,74,2.50
M,481,Hwang,5.7,5.7,Wolves,26,1.27,21,1.18,22,1.09,24,1.58,26,1.39,26,1.64,25,1.39,24,1.40
D,482,Semedo,5.0,5.0,Wolves,71,1.35,68,2.09,67,1.59,67,3.20,64,2.24,64,2.61,66,2.16,65,2.48
M,483,Podence,5.5,5.5,Wolves,31,1.34,32,1.53,31,1.33,33,1.96,34,1.62,36,1.95,35,1.70,36,1.76
D,484,Kilman,4.5,4.5,Wolves,87,1.45,83,2.32,81,1.71,78,3.44,79,2.54,79,2.96,79,2.36,78,2.75
M,485,Cundle,4.4,4.4,Wolves,0,0.00,0,0.00,0,0.00,0,0.00,0,0.00,0,0.00,0,0.00,0,0.00
M,486,Neto,5.2,5.2,Wolves,68,2.59,66,2.88,63,2.44,61,3.58,62,2.82,60,3.25,59,2.79,62,3.00
D,487,Aït-Nouri,4.4,4.4,Wolves,34,0.73,37,1.21,43,1.07,42,2.09,43,1.52,45,1.89,43,1.47,41,1.63
F,488,Fabio Silva,5.5,5.5,Wolves,0,0.00,0,0.00,0,0.00,0,0.00,0,0.00,0,0.00,0,0.00,0,0.00
D,489,Toti,3.9,3.9,Wolves,9,0.21,17,0.50,18,0.44,21,0.95,20,0.67,23,0.91,21,0.69,23,0.87
M,490,Chiquinho,5.0,5.0,Wolves,0,0.00,0,0.00,0,0.00,0,0.00,0,0.00,0,0.00,0,0.00,0,0.00
M,491,Adama,5.5,5.5,Wolves,6,0.31,6,0.32,7,0.36,7,0.47,8,0.43,8,0.47,9,0.48,8,0.44
G,492,Šarkić,4.0,4.0,Wolves,1,0.03,1,0.06,2,0.06,2,0.10,1,0.06,3,0.12,4,0.17,4,0.15
M,493,Gibbs-White,5.5,5.5,Nott'm Forest,71,3.28,69,2.74,69,3.06,68,2.63,69,2.48,67,2.41,64,2.20,63,2.87
D,494,Mosquera,3.9,3.9,Wolves,1,0.04,3,0.11,6,0.15,5,0.22,6,0.19,6,0.22,5,0.17,7,0.26
G,495,Matthews,4.0,4.0,Crystal Palace,0,0.00,0,0.00,0,0.00,0,0.00,0,0.00,0,0.00,0,0.00,0,0.00
F,496,Plange,4.5,4.5,Crystal Palace,0,0.00,0,0.00,0,0.00,0,0.00,0,0.00,0,0.00,0,0.00,0,0.00
G,497,Adrián,4.0,4.0,Liverpool,0,0.00,0,0.00,0,0.00,0,0.00,0,0.00,0,0.00,1,0.04,0,0.01
D,498,R.Williams,4.0,4.0,Liverpool,0,0.00,0,0.00,0,0.00,0,0.00,0,0.00,0,0.00,0,0.00,0,0.00
D,499,Davies,4.0,4.0,Liverpool,0,0.00,0,0.00,0,0.00,0,0.00,0,0.00,0,0.00,0,0.00,0,0.00
D,500,Van den Berg,4.0,4.0,Liverpool,0,0.00,0,0.00,0,0.00,0,0.00,0,0.00,0,0.00,0,0.00,0,0.00
D,501,Phillips,4.0,4.0,Liverpool,0,0.00,3,0.15,1,0.05,1,0.04,1,0.03,1,0.05,1,0.07,1,0.05
G,502,Carson,3.9,3.9,Man City,0,0.00,0,0.00,0,0.00,0,0.01,0,0.00,0,0.01,0,0.01,0,0.00
M,503,Moutinho,4.9,4.9,Wolves,81,2.27,79,2.46,76,2.17,76,2.95,73,2.36,75,2.72,75,2.44,72,2.44
D,504,Malacia,4.4,4.4,Man Utd,0,0.00,74,1.23,73,2.94,71,2.88,72,2.42,68,1.75,68,2.83,67,2.35
M,505,Rothwell,4.9,4.9,Bournemouth,0,0.00,3,0.14,10,0.47,19,0.80,22,1.00,21,0.86,24,0.98,21,0.91
M,506,Adams,5.0,5.0,Leeds,0,0.00,81,2.27,78,2.09,77,1.99,75,2.01,75,2.17,75,1.77,76,2.34
D,507,Niakhaté,4.4,4.4,Nott'm Forest,0,0.00,0,0.00,0,0.00,0,0.00,0,0.00,0,0.00,7,0.14,27,0.85
M,508,Sinisterra,6.5,6.5,Leeds,0,0.00,68,3.17,66,2.70,64,2.56,62,2.64,63,3.05,62,2.17,62,3.21
M,509,Downes,4.4,4.4,West Ham,4,0.16,6,0.24,8,0.32,8,0.33,9,0.34,10,0.42,10,0.38,12,0.45
D,510,Hickey,5.0,5.0,Brentford,69,1.84,67,2.62,67,1.83,61,2.21,65,1.84,62,1.87,63,2.49,64,2.35
D,511,Richards,4.4,4.4,Nott'm Forest,0,0.00,1,0.04,4,0.17,7,0.27,8,0.29,10,0.32,10,0.32,10,0.41
M,512,Aribo,5.4,5.4,Southampton,71,2.63,67,2.89,68,2.00,63,2.56,63,2.60,64,2.32,63,2.37,63,2.50
D,513,Lenglet,4.8,4.8,Spurs,40,1.71,44,1.10,45,1.48,44,2.02,47,1.26,45,1.75,46,1.97,44,1.19
M,514,C.Doucouré,5.0,5.0,Crystal Palace,0,0.00,82,2.21,79,2.43,76,2.15,74,2.23,75,2.16,73,2.24,72,1.97
M,515,Lewis-Potter,5.3,5.3,Brentford,23,1.11,19,1.07,20,0.97,22,1.18,22,1.07,20,1.01,21,1.17,23,1.27
D,516,Collins,4.5,4.5,Wolves,86,1.45,83,2.44,81,1.81,82,3.90,80,2.71,77,3.14,78,2.51,77,2.90
G,517,Strakosha,4.4,4.4,Brentford,0,0.02,2,0.08,3,0.11,3,0.13,4,0.16,4,0.15,5,0.19,5,0.21
G,518,Hennessey,4.0,4.0,Nott'm Forest,2,0.09,3,0.10,3,0.13,2,0.09,4,0.15,5,0.17,5,0.17,5,0.20
M,519,Eriksen,6.3,6.3,Man Utd,0,0.00,62,2.11,60,2.80,59,2.85,62,2.77,60,2.28,60,2.98,58,2.63
D,520,Koulibaly,5.5,5.5,Chelsea,0,0.00,71,2.99,68,3.33,68,2.73,70,2.84,66,2.62,65,2.49,66,2.44
M,521,Francois,4.4,4.4,Fulham,0,0.00,0,0.00,0,0.00,0,0.00,0,0.00,0,0.00,0,0.00,0,0.00
D,522,Spence,4.2,4.2,Spurs,1,0.03,2,0.06,3,0.12,4,0.19,4,0.14,3,0.14,4,0.17,4,0.15
D,523,Toffolo,4.5,4.5,Nott'm Forest,8,0.33,8,0.28,8,0.31,6,0.22,9,0.27,7,0.18,8,0.19,7,0.27
M,524,O'Brien,5.0,5.0,Nott'm Forest,16,0.62,16,0.55,17,0.61,19,0.65,18,0.59,20,0.66,22,0.70,21,0.80
D,525,Augustinsson,4.3,4.3,Aston Villa,5,0.17,8,0.26,9,0.32,9,0.27,10,0.31,9,0.34,10,0.29,11,0.33
D,526,Mee,4.5,4.5,Brentford,83,2.29,79,3.26,69,1.97,66,2.48,63,1.82,65,2.03,61,2.58,60,2.32
M,527,Lingard,5.7,5.7,Nott'm Forest,52,2.73,52,2.37,49,2.48,50,2.19,44,1.89,48,2.01,49,1.91,48,2.49
F,528,Mara,5.5,5.5,Southampton,24,1.27,24,1.49,27,1.18,30,1.68,28,1.61,28,1.45,26,1.39,27,1.54
F,529,Scamacca,6.7,6.7,West Ham,28,1.69,21,1.39,21,1.50,21,1.36,24,1.20,22,1.65,23,1.27,24,1.55
D,530,Richards,4.4,4.4,Crystal Palace,0,0.00,14,0.42,12,0.47,12,0.39,10,0.39,12,0.42,14,0.56,14,0.42
D,531,Vinagre,4.3,4.3,Everton,11,0.40,12,0.40,14,0.46,16,0.40,16,0.48,18,0.77,20,0.70,20,0.84
D,532,Mbabu,4.4,4.4,Fulham,43,1.68,43,1.55,40,1.20,43,2.09,40,1.55,42,1.36,43,1.91,43,0.79
D,533,Martínez,4.5,4.5,Man Utd,0,0.00,73,1.29,72,3.01,73,2.98,71,2.42,68,1.82,67,2.80,65,2.35
M,534,McNeil,5.2,5.2,Everton,38,1.69,39,1.66,39,1.67,39,1.47,40,1.58,41,1.84,40,1.68,41,1.88
M,535,Tavernier,4.9,4.9,Bournemouth,68,2.23,67,2.64,62,2.44,61,2.14,61,2.39,57,1.92,61,2.08,58,2.06
M,536,Mangala,4.9,4.9,Nott'm Forest,34,1.32,60,2.04,57,2.10,57,1.94,57,1.85,54,1.76,52,1.65,50,1.87
D,537,Kesler Hayden,4.0,4.0,Aston Villa,0,0.00,0,0.00,0,0.00,0,0.00,0,0.00,0,0.00,0,0.00,0,0.00
D,538,Young,4.4,4.4,Aston Villa,3,0.13,4,0.15,6,0.27,5,0.19,7,0.30,7,0.35,7,0.25,7,0.27
D,539,Hill,4.4,4.4,Bournemouth,1,0.05,3,0.12,4,0.14,3,0.11,4,0.15,4,0.12,4,0.13,5,0.15
D,540,Stevens,4.0,4.0,Brentford,0,0.00,0,0.00,0,0.00,0,0.00,0,0.00,0,0.00,0,0.00,0,0.00
F,541,Dervişoğlu,4.5,4.5,Brentford,0,0.00,0,0.00,0,0.00,0,0.00,0,0.00,0,0.00,0,0.00,0,0.00
G,542,Scherpen,4.0,4.0,Brighton,0,0.00,0,0.00,0,0.00,0,0.00,0,0.00,0,0.00,0,0.00,0,0.00
D,543,Clarke,4.0,4.0,Brighton,0,0.00,0,0.00,0,0.00,0,0.00,0,0.00,0,0.00,0,0.00,0,0.00
D,544,Van Hecke,4.0,4.0,Brighton,0,0.00,14,0.32,16,0.57,16,0.58,17,0.88,20,0.39,20,0.69,20,0.78
D,545,Emerson,4.0,4.0,West Ham,45,1.94,38,1.88,36,1.74,40,1.59,36,0.88,37,2.04,36,1.11,35,1.69
M,546,Harris,4.5,4.5,Fulham,0,0.02,1,0.06,1,0.06,2,0.10,2,0.10,4,0.16,3,0.12,3,0.11
D,547,Drameh,4.0,4.0,Leeds,0,0.00,2,0.07,3,0.09,4,0.10,5,0.12,6,0.20,6,0.13,5,0.19
G,548,Iversen,3.9,3.9,Leicester,1,0.05,4,0.15,4,0.16,6,0.25,7,0.27,6,0.25,7,0.26,8,0.33
M,549,Praet,4.9,4.9,Leicester,17,0.79,20,1.10,19,0.98,21,1.05,24,1.26,23,1.07,23,0.96,23,1.11
M,550,Amad,4.4,4.4,Man Utd,0,0.00,0,0.00,0,0.00,0,0.00,0,0.00,0,0.00,0,0.00,0,0.00
M,551,Iqbal,4.3,4.3,Man Utd,0,0.00,0,0.01,1,0.03,0,0.02,1,0.05,1,0.03,1,0.04,1,0.03
M,552,Anderson,4.5,4.5,Newcastle,12,0.60,8,0.34,10,0.45,11,0.47,11,0.50,12,0.48,13,0.58,13,0.56
M,553,Hammond,4.4,4.4,Nott'm Forest,0,0.00,0,0.00,0,0.00,1,0.02,0,0.00,0,0.01,0,0.01,0,0.02
M,554,Bryan,5.0,5.0,Spurs,4,0.33,4,0.27,6,0.39,8,0.58,6,0.39,7,0.51,8,0.57,7,0.46
D,555,Ashby,4.0,4.0,West Ham,7,0.28,3,0.14,4,0.19,4,0.17,6,0.15,5,0.27,5,0.16,4,0.19
M,556,Coventry,4.4,4.4,West Ham,0,0.00,0,0.01,1,0.06,1,0.04,1,0.06,2,0.09,2,0.07,2,0.07
G,557,Smith,4.0,4.0,Wolves,0,0.00,0,0.02,0,0.01,0,0.01,0,0.01,0,0.01,0,0.01,0,0.01
D,558,Bueno,4.0,4.0,Wolves,9,0.20,9,0.29,9,0.24,9,0.41,11,0.38,11,0.44,11,0.37,12,0.44
D,559,Colwill,4.4,4.4,Brighton,0,0.00,17,0.39,22,0.74,24,0.87,25,1.23,25,0.48,27,0.94,25,0.96
M,560,Mills,4.5,4.5,Everton,3,0.15,2,0.07,2,0.10,2,0.09,3,0.11,3,0.13,2,0.10,2,0.10
M,561,Warrington,4.4,4.4,Everton,0,0.00,0,0.00,0,0.00,0,0.00,0,0.00,0,0.00,0,0.00,0,0.00
M,562,Solomon,4.9,4.9,Fulham,0,0.00,0,0.00,0,0.00,0,0.00,0,0.00,0,0.00,0,0.00,0,0.00
D,563,Chambers,4.0,4.0,Liverpool,0,0.00,2,0.11,1,0.03,1,0.02,0,0.02,0,0.01,1,0.06,1,0.03
M,564,Bajcetic,4.5,4.5,Liverpool,0,0.00,2,0.10,1,0.03,0,0.02,0,0.02,1,0.03,0,0.01,1,0.04
M,565,Gray,4.5,4.5,Leeds,0,0.00,0,0.01,0,0.01,0,0.02,0,0.01,0,0.02,0,0.01,1,0.03
M,566,Hodge,4.4,4.4,Wolves,1,0.02,1,0.05,2,0.07,2,0.10,2,0.10,2,0.09,3,0.14,3,0.12
M,567,Ronan,4.4,4.4,Wolves,15,0.58,15,0.62,21,0.77,18,0.85,20,0.79,19,0.84,18,0.73,19,0.79
M,568,Campbell,4.4,4.4,Wolves,5,0.21,7,0.28,9,0.34,8,0.37,10,0.42,10,0.44,10,0.40,10,0.42
M,569,Garnacho,4.4,4.4,Man Utd,0,0.00,2,0.09,2,0.12,3,0.17,3,0.14,3,0.16,4,0.20,4,0.20
M,570,Garner,4.5,4.5,Everton,2,0.11,2,0.09,2,0.10,3,0.13,4,0.16,4,0.17,3,0.14,3,0.16
G,571,Randolph,4.0,4.0,West Ham,0,0.00,0,0.00,0,0.00,0,0.00,0,0.01,0,0.01,0,0.02,0,0.00
M,572,Oko-Flex,4.4,4.4,West Ham,0,0.00,0,0.00,0,0.00,0,0.00,0,0.00,0,0.00,0,0.00,0,0.00
D,573,Lewis,4.0,4.0,Man City,9,0.43,5,0.25,6,0.35,4,0.14,0,0.00,4,0.20,6,0.29,5,0.28
G,574,Neto,4.5,4.5,Bournemouth,17,0.62,19,0.74,19,0.73,22,0.83,22,0.87,23,0.81,25,0.91,25,0.93
M,575,Cornet,5.9,5.9,West Ham,15,0.79,16,0.93,18,1.06,19,1.01,20,0.91,21,1.30,22,1.07,23,1.26
D,576,Senesi,4.5,4.5,Bournemouth,34,0.87,37,1.27,35,1.21,37,1.07,41,1.42,40,1.01,39,0.99,40,1.12
M,577,Onana,4.9,4.9,Everton,31,1.17,21,0.77,23,0.84,23,0.78,26,0.90,25,0.96,23,0.84,25,1.01
G,578,Robles,4.0,4.0,Leeds,0,0.00,0,0.01,0,0.01,0,0.01,0,0.00,0,0.02,0,0.02,1,0.03
M,579,Guedes,6.0,6.0,Wolves,74,2.82,72,3.18,70,2.72,70,4.23,67,3.09,68,3.78,67,3.23,68,3.34
M,580,Damsgaard,5.3,5.3,Brentford,25,1.22,39,2.03,42,1.84,39,1.92,39,1.76,40,1.89,40,2.10,39,2.05
G,581,Smithies,4.0,4.0,Leicester,0,0.00,0,0.01,0,0.01,0,0.01,0,0.02,0,0.00,0,0.01,0,0.02
M,582,Freuler,5.0,5.0,Nott'm Forest,63,2.15,59,1.87,57,1.92,56,1.77,56,1.70,56,1.67,57,1.64,54,1.87
M,583,Kouyaté,4.5,4.5,Nott'm Forest,49,1.66,51,1.58,48,1.57,50,1.54,49,1.46,47,1.39,49,1.41,45,1.50
M,584,Clark,4.5,4.5,Liverpool,0,0.00,2,0.09,1,0.03,0,0.01,0,0.03,1,0.03,1,0.03,0,0.01
F,585,Dennis,5.9,5.9,Nott'm Forest,29,1.46,30,1.34,31,1.47,30,1.29,31,1.26,32,1.31,32,1.25,35,1.69
D,586,Estupiñán,4.5,4.5,Brighton,0,0.00,62,1.62,56,2.34,57,2.50,59,3.52,56,1.18,56,2.30,54,2.44
D,587,Sergio Gómez,4.5,4.5,Man City,23,1.25,15,0.78,13,0.77,9,0.32,0,0.00,8,0.41,10,0.51,11,0.62
D,588,Kehrer,4.5,4.5,West Ham,74,2.64,66,2.64,64,2.50,64,1.98,59,1.02,57,2.62,48,1.09,50,1.99
M,589,Matheus,5.0,5.0,Wolves,71,2.01,67,2.12,66,1.93,66,2.56,66,2.13,64,2.33,65,2.12,67,2.23
G,590,Whitworth,4.0,4.0,Crystal Palace,0,0.00,0,0.00,0,0.00,0,0.00,0,0.00,0,0.00,0,0.00,0,0.00
F,591,Ablade,4.5,4.5,Fulham,1,0.04,1,0.09,1,0.08,1,0.09,1,0.07,3,0.17,2,0.12,2,0.08
G,592,H.Davies,4.0,4.0,Liverpool,0,0.00,0,0.00,0,0.00,0,0.00,0,0.00,0,0.00,0,0.00,0,0.00
M,593,Casemiro,5.0,5.0,Man Utd,0,0.00,70,1.86,68,2.34,68,2.40,67,2.21,67,1.97,65,2.32,64,2.14
F,594,Isak,7.0,7.0,Newcastle,69,4.96,66,3.87,66,4.43,65,3.28,60,4.04,59,2.94,58,3.80,59,3.50
D,595,Zanka,4.0,4.0,Brentford,19,0.53,22,0.84,17,0.47,15,0.49,12,0.32,14,0.42,16,0.58,12,0.41
F,596,Ferguson,4.5,4.5,Brighton,0,0.00,0,0.03,1,0.04,1,0.04,1,0.07,1,0.06,1,0.08,2,0.13
F,597,Saydee,4.5,4.5,Bournemouth,0,0.00,0,0.00,0,0.00,0,0.00,0,0.00,0,0.00,0,0.00,0,0.00
D,598,Bevan,4.0,4.0,Bournemouth,0,0.00,0,0.00,0,0.00,0,0.00,0,0.00,0,0.00,0,0.00,0,0.00
M,599,Gomes,4.5,4.5,Man City,0,0.00,0,0.00,0,0.00,0,0.00,0,0.00,0,0.00,0,0.00,0,0.00
M,600,Knight,4.5,4.5,Man City,2,0.10,3,0.15,6,0.33,5,0.26,0,0.00,6,0.34,7,0.40,9,0.52
M,601,Rodney,4.5,4.5,Crystal Palace,0,0.00,1,0.04,1,0.07,1,0.06,2,0.08,1,0.05,2,0.10,2,0.10
D,602,Renan Lodi,4.5,4.5,Nott'm Forest,81,3.06,79,2.23,76,2.75,75,2.23,72,1.87,71,1.42,71,1.25,72,2.66
M,603,Paquetá,6.0,6.0,West Ham,63,2.61,60,2.67,58,2.67,58,2.41,57,1.94,57,2.81,58,2.13,56,2.50
M,604,Phillips,4.5,4.5,Crystal Palace,0,0.00,1,0.06,2,0.08,1,0.06,2,0.08,2,0.08,2,0.09,2,0.09
D,605,Welch,4.0,4.0,Everton,2,0.09,1,0.06,1,0.05,2,0.07,2,0.07,2,0.07,2,0.08,2,0.10
M,606,Vale,4.5,4.5,Chelsea,0,0.00,0,0.00,0,0.00,0,0.00,0,0.00,0,0.00,0,0.00,0,0.00
M,607,Smith,4.5,4.5,Arsenal,1,0.07,1,0.04,1,0.06,1,0.06,0,0.00,1,0.07,2,0.09,1,0.06
F,608,Kalajdžić,5.5,5.5,Wolves,0,0.00,0,0.00,0,0.00,0,0.00,0,0.00,0,0.00,0,0.00,0,0.00
M,609,Antony,7.5,7.5,Man Utd,0,0.00,64,2.23,63,2.94,60,2.93,60,2.71,60,2.33,58,2.88,59,2.65
D,610,Akanji,5.0,5.0,Man City,15,0.71,14,0.60,17,0.87,12,0.39,0,0.00,9,0.44,9,0.44,13,0.67
M,611,Gueye,5.0,5.0,Everton,68,2.26,61,1.98,63,2.00,60,1.77,61,1.87,59,2.05,63,2.02,58,2.02
D,612,Faes,4.5,4.5,Leicester,26,0.57,27,1.19,29,1.10,34,1.32,31,1.19,34,1.08,30,0.57,33,1.13
D,613,Kurzawa,4.5,4.5,Fulham,23,0.90,17,0.59,18,0.54,22,1.02,22,0.85,21,0.68,21,0.90,18,0.36
M,614,Willian,5.5,5.5,Fulham,60,2.97,67,3.15,60,2.57,59,3.31,57,2.86,61,2.86,55,2.90,57,1.98
G,615,Kovár,4.0,4.0,Man Utd,0,0.00,0,0.00,0,0.00,0,0.00,0,0.00,0,0.00,0,0.00,0,0.00
M,616,Zakaria,5.0,5.0,Chelsea,0,0.00,38,1.42,38,1.50,31,1.17,28,1.09,33,1.26,32,1.16,34,1.24
F,617,Aubameyang,9.0,9.0,Chelsea,0,0.00,63,3.57,63,4.03,63,3.65,62,3.73,64,3.90,59,3.15,60,3.40
F,618,Vinícius,5.5,5.5,Fulham,0,0.00,0,0.00,0,0.00,0,0.00,0,0.01,0,0.02,0,0.01,0,0.00
F,619,Gnonto,5.0,5.0,Leeds,0,0.00,16,0.96,15,0.83,12,0.66,12,0.66,13,0.81,13,0.63,13,0.85
M,620,Arthur,5.0,5.0,Liverpool,0,0.00,46,1.92,37,1.38,34,1.26,31,1.38,28,1.31,30,1.46,29,1.12
D,621,Badé,4.5,4.5,Nott'm Forest,16,0.52,17,0.44,17,0.56,23,0.64,22,0.55,22,0.44,25,0.47,21,0.70
D,622,Larios,4.0,4.0,Southampton,2,0.09,4,0.16,4,0.11,5,0.18,6,0.24,7,0.20,6,0.20,7,0.24
D,623,Caleta-Car,4.5,4.5,Southampton,40,1.18,56,2.21,55,0.83,55,1.78,55,1.98,54,1.31,56,1.66,55,1.75
M,624,Edozie,5.0,5.0,Southampton,3,0.21,4,0.31,6,0.35,7,0.45,7,0.47,7,0.41,8,0.46,8,0.48
G,10104,Mark Gillespie,99.9,99.9,Newcastle,0,0.00,0,0.00,0,0.00,0,0.00,0,0.01,0,0.00,0,0.02,0,0.01
G,10133,Marcus Bettinelli,99.9,99.9,Chelsea,0,0.00,0,0.00,0,0.00,0,0.00,0,0.00,0,0.01,1,0.02,0,0.02
G,10150,Andy Lonergan,99.9,99.9,Everton,0,0.00,0,0.00,0,0.00,0,0.01,0,0.00,0,0.00,0,0.01,1,0.03
D,10201,Teden Mengi,99.9,99.9,Man Utd,0,0.00,0,0.00,0,0.00,0,0.00,0,0.00,0,0.00,0,0.00,0,0.00
F,10202,Shola Shoretire,99.9,99.9,Man Utd,0,0.00,1,0.06,1,0.10,2,0.15,1,0.11,2,0.14,2,0.16,2,0.14
F,10232,Léo Bonatini,99.9,99.9,Wolves,2,0.11,2,0.09,2,0.10,2,0.12,3,0.14,3,0.18,3,0.16,3,0.17
D,10241,Benjamin Mendy,99.9,99.9,Man City,0,0.00,0,0.00,0,0.00,0,0.00,0,0.00,0,0.00,0,0.00,0,0.00
D,10260,Axel Tuanzebe,99.9,99.9,Man Utd,0,0.00,0,0.00,0,0.01,0,0.01,0,0.01,1,0.03,0,0.01,1,0.03
F,10263,Mason Greenwood,99.9,99.9,Man Utd,0,0.00,0,0.00,0,0.00,0,0.00,0,0.00,0,0.00,0,0.00,0,0.00
G,10264,Jed Steer,99.9,99.9,Aston Villa,0,0.01,0,0.00,0,0.01,0,0.01,1,0.03,0,0.02,0,0.01,0,0.01
G,10275,Jordan Smith,99.9,99.9,Nott'm Forest,0,0.00,0,0.00,0,0.00,0,0.00,0,0.00,0,0.01,0,0.00,0,0.01
M,10325,Matheus Nunes,99.9,99.9,Wolves,1,0.04,2,0.08,2,0.08,3,0.13,3,0.12,4,0.17,5,0.19,5,0.21
D,10338,Juan Larios,99.9,99.9,Southampton,1,0.02,2,0.06,2,0.05,2,0.07,3,0.08,2,0.06,2,0.06,3,0.08
M,10342,Boubacar Traoré,99.9,99.9,Wolves,8,0.32,11,0.44,13,0.51,13,0.58,13,0.51,13,0.55,16,0.63,15,0.63
F,10344,Carlos Vinícius,99.9,99.9,Fulham,16,0.79,18,0.85,21,0.90,18,0.96,18,0.89,24,1.07,20,1.00,19,0.74
D,10346,Serge Aurier,99.9,99.9,Nott'm Forest,2,0.07,14,0.47,24,1.00,29,1.03,29,0.89,34,0.82,34,0.74,33,1.39