Pos,ID,Name,BV,SV,Team,20_xMins,20_Pts,21_xMins,21_Pts,22_xMins,22_Pts,23_xMins,23_Pts,24_xMins,24_Pts,25_xMins,25_Pts,26_xMins,26_Pts,27_xMins,27_Pts,28_xMins,28_Pts
D,1,Cédric,4.2,4.2,Arsenal,1,0.04,4,0.12,3,0.09,4,0.28,4,0.23,6,0.27,5,0.26,7,0.27,5,0.19
G,2,Leno,4.5,4.5,Fulham,88,3.25,86,3.29,87,3.19,86,3.80,86,3.19,84,3.77,86,3.25,85,3.18,84,1.00
M,3,Xhaka,5.0,5.0,Arsenal,82,2.63,79,2.74,77,2.81,76,5.24,73,3.26,70,2.52,72,3.11,72,2.52,70,2.06
M,4,Elneny,4.2,4.2,Arsenal,8,0.23,10,0.34,10,0.32,10,0.70,11,0.45,11,0.39,11,0.39,13,0.43,13,0.38
D,5,Holding,4.2,4.2,Arsenal,2,0.04,6,0.20,4,0.14,7,0.48,6,0.31,8,0.29,7,0.30,9,0.33,9,0.29
M,6,Partey,4.8,4.8,Arsenal,82,2.56,77,2.55,77,2.70,75,5.02,76,3.28,74,2.55,74,3.07,74,2.51,71,2.04
M,7,Ødegaard,6.7,6.7,Arsenal,78,3.98,77,4.06,75,4.30,74,7.97,73,5.09,72,4.01,74,5.16,72,3.98,71,3.33
D,8,Tierney,4.7,4.7,Arsenal,24,1.01,25,1.07,24,1.25,26,2.27,27,1.69,29,1.44,27,1.59,29,1.36,33,1.43
M,9,Pépé,5.3,5.3,Arsenal,0,0.00,0,0.00,0,0.00,0,0.00,0,0.00,0,0.00,0,0.00,0,0.00,0,0.00
D,10,White,4.7,4.7,Arsenal,74,2.73,75,2.94,74,3.58,72,5.92,71,3.98,68,3.11,69,3.97,67,2.99,67,2.75
F,11,Nketiah,6.6,6.6,Arsenal,78,4.08,77,4.22,71,4.23,53,6.23,40,3.04,28,1.73,27,2.02,27,1.68,25,1.32
M,12,Smith Rowe,5.6,5.6,Arsenal,19,1.10,30,1.72,26,1.67,26,3.09,25,1.94,24,1.51,27,1.93,26,1.59,28,1.36
M,13,Saka,8.1,8.0,Arsenal,83,4.65,69,4.14,76,5.03,74,9.19,73,5.83,69,4.52,70,5.88,68,4.34,70,3.86
D,14,Tomiyasu,4.2,4.2,Arsenal,30,1.17,38,1.55,38,1.86,42,3.46,45,2.58,48,2.14,50,2.82,46,2.05,49,1.98
G,15,Ramsdale,4.9,4.9,Arsenal,89,3.61,88,3.63,88,4.02,88,7.45,86,4.76,84,3.71,86,4.33,85,3.67,84,3.10
D,16,Gabriel,5.2,5.1,Arsenal,82,3.22,81,3.38,78,4.00,76,6.71,74,4.42,73,3.46,72,4.49,71,3.26,72,3.08
D,17,Tavares,4.5,4.5,Arsenal,0,0.00,0,0.00,0,0.00,0,0.00,0,0.00,0,0.00,0,0.00,0,0.00,0,0.00
M,18,Sambi,4.3,4.3,Arsenal,3,0.13,5,0.17,5,0.18,6,0.47,5,0.22,8,0.34,5,0.19,5,0.21,7,0.20
M,19,Martinelli,6.8,6.4,Arsenal,84,4.40,78,4.47,75,4.66,73,8.52,68,5.22,66,4.08,67,5.25,70,4.15,64,3.37
D,20,Pablo Marí,4.5,4.5,Arsenal,0,0.00,0,0.00,0,0.00,0,0.00,0,0.00,0,0.00,0,0.00,0,0.00,0,0.00
M,21,Maitland-Niles,4.8,4.8,Southampton,26,1.00,27,1.04,15,0.59,16,0.69,17,0.64,19,0.58,18,0.73,16,0.63,17,0.14
M,22,Torreira,4.5,4.5,Arsenal,0,0.00,0,0.00,0,0.00,0,0.00,0,0.00,0,0.00,0,0.00,0,0.00,0,0.00
M,23,Nelson,4.7,4.7,Arsenal,0,0.00,0,0.00,1,0.00,3,0.43,5,0.46,6,0.36,4,0.34,5,0.35,6,0.29
G,24,Turner,3.9,3.9,Arsenal,1,0.00,2,0.08,2,0.05,2,0.13,3,0.15,6,0.22,4,0.15,5,0.22,6,0.18
M,25,Fábio Vieira,5.7,5.7,Arsenal,19,0.98,22,1.22,18,1.05,15,1.62,15,1.00,14,0.81,13,0.91,12,0.68,15,0.71
D,26,Saliba,5.3,5.3,Arsenal,85,2.88,71,2.59,78,3.45,76,5.74,75,3.93,75,3.13,74,4.03,75,3.05,71,2.67
M,27,Marquinhos,4.6,4.6,Arsenal,3,0.21,6,0.39,3,0.15,2,0.23,2,0.10,1,0.08,1,0.09,1,0.08,2,0.06
F,28,Jesus,7.9,7.9,Arsenal,0,0.00,0,0.00,0,0.00,28,3.05,49,3.61,73,4.29,73,5.44,74,4.30,73,3.59
M,29,Coutinho,6.6,6.6,Aston Villa,38,2.35,36,2.07,17,1.17,22,1.02,23,1.23,25,1.51,24,1.52,25,1.40,27,1.85
F,30,Ings,6.4,6.4,Aston Villa,54,3.48,52,3.13,36,2.50,34,1.54,36,1.94,37,2.22,35,2.35,37,2.08,37,2.75
G,31,Martínez,4.9,4.9,Aston Villa,89,3.67,89,3.67,87,3.69,87,3.05,87,3.18,85,3.48,86,3.69,86,3.28,85,3.88
D,32,Chambers,4.2,4.2,Aston Villa,10,0.39,24,0.88,10,0.40,12,0.23,13,0.34,10,0.36,10,0.37,6,0.17,5,0.23
D,33,Digne,4.6,4.6,Aston Villa,77,3.42,69,2.81,49,2.23,40,0.74,29,0.95,33,1.35,29,1.38,32,1.19,32,1.71
M,34,Traoré,4.9,4.9,Aston Villa,0,0.00,0,0.00,0,0.00,0,0.00,0,0.00,0,0.00,0,0.00,0,0.00,0,0.00
G,35,Olsen,3.9,3.9,Aston Villa,1,0.04,1,0.00,3,0.09,3,0.11,3,0.07,4,0.16,4,0.13,4,0.15,4,0.18
M,36,Sanson,4.3,4.3,Aston Villa,12,0.64,9,0.43,4,0.25,3,0.16,4,0.17,4,0.24,4,0.25,6,0.27,5,0.26
M,37,McGinn,5.1,5.1,Aston Villa,0,0.00,3,0.09,52,2.12,58,1.71,60,2.08,59,2.21,57,2.31,59,2.09,59,2.68
D,38,Hause,4.4,4.4,Aston Villa,0,0.00,0,0.00,0,0.00,0,0.00,0,0.00,0,0.00,0,0.00,0,0.00,0,0.00
D,39,Mings,4.3,4.3,Aston Villa,85,3.07,67,2.28,82,3.07,78,1.21,78,1.84,78,2.55,73,2.85,74,2.07,70,3.06
F,40,Watkins,7.1,7.1,Aston Villa,82,4.50,80,4.04,77,4.36,77,2.73,75,3.33,73,3.58,74,4.02,76,3.39,74,4.49
M,41,Nakamba,4.3,4.3,Aston Villa,4,0.12,2,0.04,1,0.04,1,0.00,1,0.04,2,0.04,1,0.04,2,0.04,2,0.04
M,42,Buendía,5.7,5.7,Aston Villa,68,3.74,66,3.44,64,3.63,62,2.24,59,2.66,58,2.94,58,3.24,56,2.65,57,3.57
D,43,Cash,4.6,4.6,Aston Villa,25,1.06,68,2.56,73,3.08,73,1.20,73,2.00,72,2.66,72,3.07,70,2.21,71,3.44
D,44,Konsa,4.4,4.4,Aston Villa,86,3.25,86,2.96,83,3.21,83,1.28,81,2.03,73,2.55,63,2.54,43,1.32,41,1.90
M,45,Bailey,4.5,4.5,Aston Villa,68,3.83,56,3.06,64,3.77,60,2.27,61,2.80,62,3.29,59,3.46,56,2.75,58,3.91
M,46,Douglas Luiz,4.8,4.8,Aston Villa,80,2.81,73,2.42,68,2.42,68,1.79,67,2.01,66,2.17,66,2.36,67,2.07,66,2.51
M,47,Ramsey,5.2,5.2,Aston Villa,43,2.17,47,2.22,49,2.48,49,1.69,50,2.05,49,2.25,50,2.41,47,1.97,47,2.59
M,48,Chukwuemeka,4.3,4.3,Chelsea,8,0.43,4,0.26,2,0.09,1,0.00,1,0.00,1,0.08,1,0.00,1,0.00,1,0.00
M,49,Iroegbunam,4.5,4.5,Aston Villa,0,0.00,0,0.00,0,0.00,0,0.00,0,0.00,0,0.00,0,0.00,0,0.00,0,0.00
D,50,Diego Carlos,4.7,4.7,Aston Villa,0,0.00,0,0.00,0,0.00,0,0.00,0,0.00,10,0.35,28,1.15,56,1.70,64,2.95
M,51,El Ghazi,4.8,4.8,Aston Villa,0,0.00,0,0.00,0,0.00,0,0.00,0,0.00,0,0.00,0,0.00,0,0.00,0,0.00
F,52,Davis,5.4,5.4,Aston Villa,0,0.00,0,0.00,0,0.00,0,0.00,0,0.00,0,0.00,0,0.00,0,0.00,0,0.00
M,53,Kamara,4.8,4.8,Aston Villa,85,2.42,81,2.29,74,2.17,74,1.73,73,1.90,72,2.01,75,2.19,74,1.97,74,2.33
F,54,Archer,4.2,4.2,Aston Villa,0,0.00,0,0.00,0,0.00,0,0.00,0,0.00,0,0.00,0,0.00,0,0.00,0,0.00
M,55,Philogene-Bidace,4.5,4.5,Aston Villa,0,0.00,0,0.00,0,0.00,0,0.00,0,0.00,0,0.00,0,0.00,0,0.00,0,0.00
D,56,Guilbert,3.9,3.9,Aston Villa,0,0.00,0,0.00,0,0.00,0,0.00,0,0.00,0,0.00,0,0.00,0,0.00,0,0.00
D,57,Smith,4.4,4.4,Bournemouth,0,0.00,70,2.55,66,1.28,67,1.60,64,1.79,63,1.05,63,1.05,62,1.11,65,1.48
M,58,Stanislas,4.8,4.8,Bournemouth,9,0.52,13,0.81,13,0.70,13,0.67,14,0.73,15,0.71,17,0.80,14,0.78,17,0.90
D,59,Fredericks,4.4,4.4,Bournemouth,37,1.04,30,1.24,34,0.92,32,1.01,35,1.19,34,0.83,35,0.83,35,0.87,36,1.07
M,60,Brooks,5.3,5.3,Bournemouth,1,0.08,4,0.24,5,0.33,5,0.33,6,0.34,6,0.31,5,0.31,7,0.37,7,0.38
M,61,Lowe,5.2,5.2,Bournemouth,0,0.00,0,0.00,0,0.00,0,0.00,0,0.00,0,0.00,0,0.00,0,0.00,0,0.00
F,62,Moore,5.3,5.3,Bournemouth,64,2.58,57,2.83,52,1.98,54,2.13,53,2.12,55,1.94,53,1.87,51,2.03,53,2.09
M,63,Marcondes,4.7,4.7,Bournemouth,0,0.00,0,0.00,0,0.00,0,0.00,0,0.00,0,0.00,0,0.00,0,0.00,0,0.00
M,64,Lerma,4.8,4.8,Bournemouth,86,2.22,81,2.47,78,1.94,75,1.97,74,2.00,74,1.76,75,1.76,74,1.88,76,1.97
D,65,Stacey,4.3,4.3,Bournemouth,42,1.18,8,0.33,9,0.23,9,0.29,11,0.35,13,0.32,13,0.34,15,0.40,13,0.41
F,66,Solanke,5.7,5.7,Bournemouth,85,3.71,80,4.44,79,3.16,80,3.35,79,3.34,78,2.85,77,2.76,77,3.20,77,3.27
M,67,Cook,4.9,4.9,Bournemouth,77,2.12,75,2.31,74,1.94,71,1.97,68,1.92,68,1.72,70,1.74,69,1.81,69,1.88
M,68,Pearson,4.4,4.4,Bournemouth,7,0.27,7,0.28,5,0.19,8,0.33,10,0.36,10,0.35,9,0.35,9,0.36,9,0.36
M,69,Christie,5.3,5.3,Bournemouth,50,1.95,40,1.91,30,1.23,33,1.35,35,1.43,36,1.34,32,1.21,33,1.33,33,1.33
M,70,Billing,5.2,5.2,Bournemouth,57,2.22,64,2.94,71,2.42,70,2.49,71,2.58,69,2.16,70,2.14,69,2.38,70,2.48
D,71,Mepham,4.4,4.4,Bournemouth,81,1.77,74,2.50,72,1.32,73,1.62,70,1.84,67,1.09,67,1.06,69,1.17,69,1.47
G,72,Travers,4.3,4.3,Bournemouth,60,2.14,35,1.38,3,0.07,4,0.11,5,0.15,7,0.21,6,0.18,8,0.24,7,0.25
D,73,Kelly,4.3,4.3,Bournemouth,82,1.87,76,2.68,74,1.34,72,1.65,74,2.00,71,1.11,73,1.13,71,1.17,69,1.53
M,74,Dembélé,4.7,4.7,Bournemouth,12,0.62,10,0.60,8,0.42,7,0.38,8,0.42,9,0.43,9,0.43,12,0.56,9,0.47
M,75,Anthony,5.2,5.2,Bournemouth,57,2.30,45,2.31,36,1.48,38,1.61,35,1.52,36,1.38,36,1.36,40,1.62,36,1.52
D,76,Zemura,4.4,4.4,Bournemouth,36,1.00,28,1.10,25,0.61,26,0.74,26,0.83,27,0.60,28,0.59,27,0.60,28,0.79
G,77,Dennis,3.9,3.9,Bournemouth,0,0.00,1,0.00,0,0.00,0,0.00,0,0.00,0,0.00,0,0.00,0,0.00,0,0.00
D,78,Jansson,4.2,4.2,Brentford,16,0.74,45,1.42,42,1.76,44,0.80,45,1.76,45,0.18,42,1.56,44,1.49,45,0.73
M,79,Nørgaard,5.3,5.3,Brentford,82,3.16,79,2.58,78,2.92,75,2.08,73,2.59,73,0.41,74,2.62,74,2.44,72,1.11
F,80,Toney,7.4,7.4,Brentford,50,3.20,61,3.23,40,2.48,40,1.57,36,2.01,0,0.00,0,0.00,0,0.00,0,0.00
G,81,Raya,4.6,4.6,Brentford,89,4.04,87,3.39,87,3.77,86,3.10,86,3.71,86,0.61,85,3.56,86,3.46,87,1.56
D,82,Canós,5.0,5.0,Brentford,12,0.74,11,0.57,9,0.65,10,0.39,9,0.59,14,0.11,13,0.74,16,0.87,14,0.36
M,83,Dasilva,4.2,4.2,Brentford,30,1.70,25,1.32,24,1.45,28,1.21,27,1.49,26,0.23,26,1.42,31,1.53,31,0.74
D,84,Ajer,4.5,4.5,Brentford,15,0.66,41,1.38,40,1.76,39,0.79,41,1.69,35,0.16,39,1.57,38,1.35,39,0.68
D,85,Henry,4.5,4.5,Brentford,84,3.83,80,2.54,78,3.39,78,1.45,77,3.13,75,0.30,76,2.91,74,2.58,74,1.27
M,86,Janelt,5.5,5.5,Brentford,60,2.61,59,2.19,57,2.42,55,1.71,53,2.10,56,0.36,57,2.24,52,1.96,53,0.91
M,87,Ghoddos,4.8,4.8,Brentford,1,0.00,1,0.00,2,0.08,2,0.06,2,0.08,4,0.04,3,0.22,4,0.26,4,0.12
M,88,Jensen,4.8,4.8,Brentford,67,3.15,61,2.52,62,2.91,61,2.07,61,2.65,60,0.41,61,2.66,57,2.36,58,1.12
M,89,Wissa,5.3,5.3,Brentford,41,2.96,36,2.26,44,3.19,39,1.88,42,2.76,50,0.48,47,3.21,51,3.08,50,1.45
D,90,Roerslev,4.3,4.3,Brentford,73,3.47,27,0.99,14,0.55,16,0.38,17,0.68,16,0.08,16,0.65,18,0.67,18,0.30
D,91,Bech,4.5,4.5,Brentford,0,0.00,0,0.00,0,0.00,0,0.00,0,0.00,0,0.00,0,0.00,0,0.00,0,0.00
D,92,Pinnock,4.4,4.4,Brentford,84,3.98,76,2.55,75,3.40,73,1.41,73,3.08,70,0.29,72,2.87,71,2.58,71,1.25
M,93,Onyeka,4.8,4.8,Brentford,8,0.42,15,0.73,19,0.94,19,0.81,20,0.99,22,0.18,22,1.07,21,0.94,23,0.48
M,94,Baptiste,4.5,4.5,Brentford,6,0.31,12,0.54,13,0.63,13,0.57,16,0.82,17,0.15,19,0.92,18,0.83,18,0.38
F,95,Mbeumo,5.9,5.9,Brentford,68,4.20,59,3.11,61,3.79,60,2.52,59,3.39,65,0.57,64,3.81,64,3.42,65,1.68
D,96,Goode,3.9,3.9,Brentford,0,0.00,0,0.00,0,0.00,0,0.00,0,0.00,0,0.00,0,0.00,0,0.00,0,0.00
F,97,Forss,4.5,4.5,Brentford,0,0.00,0,0.00,0,0.00,0,0.00,0,0.00,0,0.00,0,0.00,0,0.00,0,0.00
D,98,Thompson,4.0,4.0,Brentford,0,0.00,0,0.00,0,0.00,0,0.00,0,0.00,0,0.00,0,0.00,0,0.00,0,0.00
M,99,Bidstrup,4.5,4.5,Brentford,0,0.00,0,0.00,0,0.00,0,0.00,0,0.00,0,0.00,0,0.00,0,0.00,0,0.00
G,100,Balcombe,4.0,4.0,Brentford,0,0.00,0,0.00,0,0.00,0,0.00,0,0.00,0,0.00,0,0.00,0,0.00,0,0.00
M,101,Lallana,4.9,4.9,Brighton,48,2.16,47,2.29,41,2.40,42,2.00,42,2.24,44,0.40,43,2.13,44,2.12,44,0.54
G,102,Steele,3.9,3.9,Brighton,0,0.00,2,0.04,4,0.14,5,0.17,5,0.18,5,0.03,4,0.18,6,0.20,5,0.04
F,103,Welbeck,6.5,6.5,Brighton,26,1.44,32,1.79,38,2.42,33,1.78,34,2.01,34,0.35,38,2.15,38,2.11,35,0.49
M,104,Groß,5.6,5.6,Brighton,78,3.38,77,3.62,73,4.34,74,3.38,73,3.90,71,0.60,72,3.63,71,3.44,71,0.84
D,105,Duffy,4.3,4.3,Fulham,1,0.04,2,0.04,1,0.04,3,0.10,0,0.00,5,0.18,4,0.15,5,0.13,7,0.05
D,106,Dunk,4.7,4.7,Brighton,88,2.42,86,3.27,84,4.42,83,3.20,82,3.66,82,0.50,81,3.51,82,3.09,82,0.71
M,107,March,5.0,5.0,Brighton,77,3.13,77,3.26,73,3.81,71,2.95,72,3.37,71,0.56,74,3.33,71,3.07,69,0.75
D,108,Webster,4.5,4.5,Brighton,5,0.15,33,1.28,77,4.00,78,2.96,79,3.44,78,0.48,76,3.31,77,2.87,77,0.66
D,109,Veltman,4.6,4.6,Brighton,52,1.52,46,1.77,41,2.15,42,1.65,41,1.86,43,0.28,43,1.91,42,1.63,43,0.38
F,110,Maupay,6.0,6.0,Everton,27,1.54,28,1.27,28,1.27,27,1.16,28,1.89,27,1.46,27,1.40,25,1.34,27,1.16
M,111,Trossard,6.8,6.8,Brighton,0,0.00,24,1.51,45,3.29,63,3.50,61,3.97,57,0.59,48,3.02,50,3.02,52,0.75
D,112,Cucurella,5.2,5.1,Chelsea,64,3.36,59,1.71,40,2.18,33,1.46,29,1.70,33,1.25,33,1.84,33,1.53,31,1.79
G,113,Sánchez,4.6,4.6,Brighton,90,3.25,88,3.61,86,4.06,85,3.57,85,3.71,85,0.70,85,3.70,84,3.41,85,0.89
D,114,Lamptey,4.2,4.2,Brighton,28,0.95,30,1.26,27,1.53,30,1.32,26,1.30,30,0.22,31,1.52,29,1.22,30,0.31
M,115,Alzate,4.4,4.4,Brighton,0,0.00,0,0.00,0,0.00,0,0.00,0,0.00,0,0.00,0,0.00,0,0.00,0,0.00
M,116,Mac Allister,5.4,5.4,Brighton,83,3.72,63,3.08,77,4.72,75,3.55,75,4.13,77,0.66,75,3.88,74,3.71,73,0.89
M,117,Moder,4.4,4.4,Brighton,0,0.00,0,0.00,0,0.00,0,0.00,0,0.00,1,0.00,3,0.16,4,0.16,6,0.07
M,118,Mwepu,5.3,5.3,Brighton,0,0.00,0,0.00,0,0.00,0,0.00,0,0.00,0,0.00,0,0.00,0,0.00,0,0.00
M,119,Sarmiento,4.5,4.5,Brighton,7,0.41,9,0.56,11,0.69,9,0.54,11,0.68,10,0.12,9,0.57,11,0.60,11,0.16
M,120,Caicedo,5.0,5.0,Brighton,85,2.38,81,2.43,79,2.80,78,2.36,78,2.54,77,0.46,78,2.46,77,2.35,76,0.59
M,121,Richards,4.5,4.5,Brighton,0,0.00,0,0.00,0,0.00,0,0.00,0,0.00,0,0.00,0,0.00,0,0.00,0,0.00
D,122,Roberts,4.0,4.0,Brighton,0,0.00,0,0.00,0,0.00,0,0.00,0,0.00,0,0.00,0,0.00,0,0.00,0,0.00
F,123,Undav,5.1,5.1,Brighton,4,0.30,4,0.31,4,0.28,4,0.22,5,0.40,5,0.07,7,0.44,5,0.37,6,0.11
M,124,Mitoma,4.9,4.9,Brighton,78,3.52,75,3.64,70,4.23,69,3.25,66,3.61,68,0.59,66,3.36,67,3.33,65,0.79
F,125,Enciso,4.7,4.7,Brighton,9,0.45,10,0.56,9,0.55,9,0.44,10,0.53,9,0.10,10,0.57,11,0.61,10,0.14
M,126,Kozłowski,4.5,4.5,Brighton,0,0.00,0,0.00,0,0.00,0,0.00,0,0.00,0,0.00,0,0.00,0,0.00,0,0.00
D,127,Azpilicueta,4.8,4.8,Chelsea,80,3.83,79,1.98,67,3.31,47,1.93,32,1.71,27,0.95,30,1.48,29,1.24,28,1.48
D,128,Thiago Silva,5.4,5.4,Chelsea,73,3.36,70,1.63,60,2.77,56,2.12,55,2.75,54,1.61,50,2.34,51,2.03,53,2.62
D,129,Alonso,5.3,5.3,Chelsea,0,0.00,0,0.00,0,0.00,0,0.00,0,0.00,0,0.00,0,0.00,0,0.00,0,0.00
M,130,Jorginho,5.8,5.8,Chelsea,64,2.73,62,2.09,55,2.41,50,1.94,50,2.32,50,1.83,49,2.27,45,1.82,43,2.00
M,131,Barkley,4.9,4.9,Chelsea,0,0.00,0,0.00,0,0.00,0,0.00,0,0.00,0,0.00,0,0.00,0,0.00,0,0.00
M,132,Kovacic,4.9,4.9,Chelsea,71,2.49,66,1.92,63,2.27,57,1.88,53,2.04,51,1.61,52,1.95,51,1.77,49,1.85
G,133,Arrizabalaga,4.6,4.5,Chelsea,88,4.06,87,3.13,86,3.97,85,3.65,84,4.06,84,3.28,83,3.89,83,3.64,82,4.01
M,134,Kanté,4.8,4.8,Chelsea,0,0.00,0,0.00,0,0.00,0,0.00,0,0.00,0,0.00,5,0.17,20,0.74,29,1.16
M,135,Ziyech,5.5,5.5,Chelsea,56,3.25,53,2.34,39,2.40,24,1.29,25,1.70,26,1.31,28,1.80,28,1.57,24,1.59
M,136,Loftus-Cheek,5.0,5.0,Chelsea,0,0.00,8,0.32,46,2.07,53,2.04,52,2.42,50,1.88,48,2.18,47,1.91,46,2.08
F,137,Werner,7.9,7.9,Chelsea,0,0.00,0,0.00,0,0.00,0,0.00,0,0.00,0,0.00,0,0.00,0,0.00,0,0.00
D,138,Kenedy,3.9,3.9,Chelsea,0,0.00,0,0.00,0,0.00,0,0.00,0,0.00,0,0.00,0,0.00,0,0.00,0,0.00
D,139,Chilwell,5.8,5.8,Chelsea,0,0.00,7,0.22,44,2.41,56,2.48,55,3.17,53,1.85,54,3.00,51,2.38,52,2.96
M,140,Pulisic,5.7,5.7,Chelsea,0,0.00,0,0.00,0,0.00,0,0.00,0,0.00,0,0.00,0,0.00,4,0.25,15,1.00
D,141,Chalobah,4.6,4.6,Chelsea,46,2.15,44,1.09,25,1.19,21,0.82,23,1.19,19,0.57,22,1.07,20,0.78,18,0.89
M,142,Mount,7.6,7.6,Chelsea,76,4.45,76,3.26,73,4.39,69,3.48,67,4.34,68,3.11,66,4.25,68,3.64,66,4.16
D,143,Sarr,5.0,5.0,Chelsea,0,0.00,0,0.00,0,0.00,0,0.00,0,0.00,0,0.00,0,0.00,0,0.00,0,0.00
M,144,Hudson-Odoi,5.3,5.3,Chelsea,0,0.00,0,0.00,0,0.00,0,0.00,0,0.00,0,0.00,0,0.00,0,0.00,0,0.00
F,145,Havertz,7.8,7.8,Chelsea,72,4.19,72,3.15,67,4.09,57,2.96,57,3.76,57,2.81,55,3.59,54,3.00,57,3.60
D,146,James,5.7,5.7,Chelsea,0,0.00,0,0.00,9,0.54,31,1.49,55,3.47,62,2.31,60,3.64,60,3.03,60,3.78
G,147,Mendy,4.8,4.8,Chelsea,1,0.00,2,0.04,4,0.14,5,0.21,6,0.28,6,0.19,6,0.27,7,0.25,8,0.33
M,148,Gallagher,5.7,5.7,Chelsea,47,2.38,43,1.74,29,1.59,20,0.99,22,1.24,21,0.95,20,1.11,19,0.98,18,1.04
M,149,Gilmour,4.3,4.3,Brighton,14,0.53,22,0.87,20,0.85,18,0.68,20,0.80,19,0.15,17,0.66,20,0.76,19,0.20
F,150,Broja,5.3,5.3,Chelsea,0,0.00,0,0.00,0,0.00,0,0.00,0,0.00,0,0.00,0,0.00,0,0.00,0,0.00
D,151,Ampadu,4.4,4.4,Chelsea,0,0.00,0,0.00,0,0.00,0,0.00,0,0.00,0,0.00,0,0.00,0,0.00,0,0.00
G,152,Guaita,4.5,4.5,Crystal Palace,89,6.59,87,3.32,87,3.07,85,3.34,85,3.19,84,2.99,84,3.17,86,3.03,85,2.27
D,153,Tomkins,3.9,3.9,Crystal Palace,6,0.34,12,0.41,13,0.32,14,0.46,15,0.47,15,0.40,15,0.47,17,0.43,16,0.31
M,154,McArthur,4.8,4.8,Crystal Palace,0,0.00,1,0.05,6,0.21,8,0.36,8,0.36,11,0.44,12,0.53,12,0.44,12,0.37
F,155,Benteke,5.5,5.5,Crystal Palace,0,0.00,0,0.00,0,0.00,0,0.00,0,0.00,0,0.00,0,0.00,0,0.00,0,0.00
D,156,Ward,4.5,4.5,Crystal Palace,36,1.89,33,0.99,39,0.77,40,1.23,39,1.12,41,0.89,38,1.09,42,0.80,41,0.59
D,157,Clyne,4.5,4.5,Crystal Palace,67,3.87,65,2.11,65,1.45,62,2.16,62,1.94,61,1.52,62,1.94,59,1.28,61,0.96
M,158,Milivojevic,4.3,4.3,Crystal Palace,22,1.82,26,1.02,20,0.77,22,0.95,20,0.85,21,0.87,19,0.78,22,0.82,21,0.59
M,159,Ayew,5.3,5.3,Crystal Palace,64,5.25,64,2.68,63,2.35,60,2.66,61,2.59,61,2.45,61,2.57,60,2.19,60,1.62
M,160,Zaha,7.3,7.3,Crystal Palace,86,7.62,81,3.73,81,3.19,79,4.01,79,3.80,77,3.46,75,3.52,74,2.90,74,2.15
M,161,Schlupp,4.7,4.7,Crystal Palace,66,4.37,57,1.97,66,2.01,62,2.25,64,2.20,59,2.01,62,2.11,59,1.79,60,1.38
G,162,Butland,4.4,4.4,Man Utd,1,0.04,1,0.00,3,0.18,4,0.13,5,0.23,5,0.04,4,0.11,5,0.19,4,0.04
M,163,Hughes,4.8,4.8,Crystal Palace,20,1.58,27,1.07,17,0.69,18,0.78,21,0.88,20,0.79,22,0.87,21,0.81,23,0.64
M,164,Riedewald,4.3,4.3,Crystal Palace,5,0.32,8,0.28,4,0.16,6,0.25,7,0.24,6,0.20,7,0.24,7,0.27,8,0.20
D,165,Andersen,4.5,4.5,Crystal Palace,86,4.41,81,2.35,82,1.56,81,2.56,78,2.22,80,1.73,79,2.24,77,1.42,77,1.04
F,166,Edouard,5.2,5.2,Crystal Palace,41,4.00,43,2.09,42,1.88,45,2.38,43,2.15,44,2.13,45,2.22,44,1.87,44,1.42
D,167,Guéhi,4.4,4.4,Crystal Palace,85,4.24,83,2.33,80,1.47,80,2.42,80,2.18,79,1.65,79,2.18,78,1.40,78,1.02
F,168,Mateta,5.1,5.1,Crystal Palace,15,1.73,16,0.95,18,0.96,20,1.19,21,1.19,20,1.14,22,1.20,24,1.15,21,0.77
M,169,Eze,5.6,5.6,Crystal Palace,74,5.95,76,3.10,71,2.65,69,3.08,66,2.84,69,2.76,66,2.78,69,2.52,67,1.84
D,170,Mitchell,4.4,4.4,Crystal Palace,69,4.00,71,2.27,65,1.45,65,2.26,64,2.03,62,1.55,63,2.00,62,1.35,60,0.96
M,171,Olise,5.4,5.4,Crystal Palace,70,5.73,69,2.87,66,2.48,67,3.03,66,2.88,66,2.72,66,2.77,64,2.38,66,1.80
M,172,Rak-Sakyi,4.5,4.5,Crystal Palace,0,0.00,0,0.00,0,0.00,0,0.00,0,0.00,0,0.00,0,0.00,0,0.00,0,0.00
M,173,Ebiowei,4.2,4.2,Crystal Palace,5,0.51,9,0.41,8,0.35,9,0.43,10,0.47,10,0.51,11,0.51,12,0.52,12,0.42
D,174,Ferguson,3.9,3.9,Crystal Palace,4,0.21,8,0.25,11,0.25,11,0.36,14,0.42,16,0.37,16,0.48,17,0.36,16,0.25
G,175,Johnstone,4.4,4.4,Crystal Palace,1,0.04,2,0.08,3,0.07,5,0.20,5,0.19,6,0.18,6,0.19,4,0.14,5,0.11
G,176,Begović,4.0,4.0,Everton,1,0.04,2,0.08,3,0.11,3,0.11,4,0.16,4,0.16,4,0.12,4,0.12,4,0.14
F,177,Rondón,4.9,4.9,Everton,0,0.00,0,0.00,0,0.00,0,0.00,0,0.00,0,0.00,0,0.00,0,0.00,0,0.00
D,178,Coleman,4.5,4.5,Everton,72,3.06,67,2.09,65,1.71,65,1.15,55,2.55,45,1.72,30,1.17,26,1.02,27,0.75
M,179,Townsend,5.4,5.4,Everton,0,0.00,0,0.00,1,0.06,4,0.21,6,0.41,7,0.36,8,0.40,8,0.41,7,0.35
D,180,Keane,4.2,4.2,Everton,0,0.00,0,0.00,1,0.00,1,0.00,1,0.00,1,0.00,1,0.04,1,0.05,1,0.04
M,181,Dele,5.3,5.3,Everton,0,0.00,0,0.00,0,0.00,0,0.00,0,0.00,0,0.00,0,0.00,0,0.00,0,0.00
G,182,Pickford,4.5,4.5,Everton,89,3.82,88,3.33,86,3.16,86,3.07,86,4.31,85,3.50,86,3.51,86,3.47,86,3.10
M,183,Allan,4.8,4.8,Everton,0,0.00,0,0.00,0,0.00,0,0.00,0,0.00,0,0.00,0,0.00,0,0.00,0,0.00
M,184,André Gomes,4.5,4.5,Everton,0,0.00,0,0.00,0,0.00,0,0.00,0,0.00,0,0.00,0,0.00,0,0.00,0,0.00
M,185,A.Doucouré,5.3,5.3,Everton,45,1.83,46,1.59,42,1.41,21,0.75,14,0.74,12,0.53,13,0.56,14,0.58,12,0.43
M,186,Iwobi,5.4,5.4,Everton,0,0.00,0,0.00,10,0.36,47,1.46,63,3.04,75,2.86,71,2.67,73,2.87,74,2.31
M,187,Gbamin,4.5,4.5,Everton,0,0.00,0,0.00,0,0.00,0,0.00,0,0.00,0,0.00,0,0.00,0,0.00,0,0.00
D,188,Mina,4.3,4.3,Everton,12,0.48,16,0.56,18,0.56,21,0.52,22,1.07,21,0.80,20,0.75,20,0.76,23,0.65
M,189,Gray,5.3,5.3,Everton,70,3.68,70,2.93,68,2.72,64,2.36,64,4.02,65,3.16,65,3.04,65,3.24,64,2.41
M,190,Davies,4.9,4.9,Everton,39,1.58,39,1.43,34,1.23,23,0.86,15,0.86,12,0.49,12,0.49,13,0.54,12,0.50
F,191,Calvert-Lewin,7.9,7.9,Everton,76,4.24,76,3.38,76,3.19,74,2.90,75,5.00,74,3.87,74,3.69,75,4.02,73,2.84
D,192,Holgate,4.3,4.3,Everton,15,0.52,22,0.59,24,0.57,21,0.40,20,0.80,13,0.43,11,0.36,10,0.30,12,0.28
D,193,Godfrey,4.3,4.3,Everton,16,0.61,21,0.59,28,0.70,27,0.49,31,1.32,30,1.06,33,1.10,31,1.07,32,0.75
D,194,Mykolenko,4.4,4.4,Everton,79,3.25,74,2.17,72,1.76,72,1.19,68,2.93,67,2.40,68,2.38,69,2.48,64,1.51
M,195,Gordon,5.2,5.2,Everton,62,3.06,59,2.38,59,2.25,58,2.02,53,3.08,51,2.35,51,2.29,55,2.56,54,1.97
D,196,Branthwaite,4.0,4.0,Everton,0,0.00,0,0.00,0,0.00,0,0.00,0,0.00,0,0.00,0,0.00,0,0.00,0,0.00
D,197,Patterson,4.0,4.0,Everton,0,0.00,0,0.00,0,0.00,0,0.00,11,0.46,31,1.10,52,1.81,59,2.15,57,1.35
D,198,Nkounkou,4.0,4.0,Everton,0,0.00,0,0.00,0,0.00,0,0.00,0,0.00,0,0.00,0,0.00,0,0.00,0,0.00
D,199,Tarkowski,4.3,4.3,Everton,86,3.31,83,2.23,79,1.77,78,1.22,77,3.12,79,2.66,77,2.54,78,2.63,77,1.60
M,200,Cairney,4.7,4.7,Fulham,16,0.74,21,1.02,24,1.04,23,1.24,25,1.07,27,1.30,27,1.24,28,1.22,30,0.39
D,201,Ream,4.5,4.5,Fulham,86,1.78,84,2.21,84,1.82,82,3.31,80,1.81,80,3.15,80,2.12,79,1.79,77,0.41
M,202,Knockaert,4.7,4.7,Fulham,0,0.00,0,0.00,0,0.00,0,0.00,0,0.00,0,0.00,0,0.00,0,0.00,0,0.00
M,203,Chalobah,4.4,4.4,Fulham,8,0.39,12,0.48,12,0.50,13,0.60,14,0.59,16,0.68,15,0.60,15,0.63,17,0.22
M,204,Kebano,5.4,5.4,Fulham,0,0.00,0,0.00,0,0.00,0,0.00,0,0.00,0,0.00,0,0.00,0,0.00,0,0.00
M,205,De Cordova-Reid,5.5,5.5,Fulham,67,2.36,65,2.66,63,2.24,65,3.18,60,2.26,59,2.70,59,2.38,58,2.23,59,0.68
D,206,Bryan,4.4,4.4,Fulham,0,0.00,0,0.00,0,0.00,0,0.00,0,0.00,0,0.00,0,0.00,0,0.00,0,0.00
G,207,Gazzaniga,4.0,4.0,Fulham,0,0.00,0,0.00,0,0.00,0,0.00,0,0.00,0,0.00,0,0.00,0,0.00,0,0.00
D,208,Kongolo,3.9,3.9,Fulham,0,0.00,0,0.00,0,0.00,0,0.00,0,0.00,0,0.00,0,0.00,0,0.00,0,0.00
D,209,Tosin,4.5,4.5,Fulham,49,1.09,47,1.33,52,1.18,47,1.94,48,1.17,47,1.92,46,1.29,47,1.12,47,0.25
F,210,Mitrović,7.2,7.1,Fulham,85,3.70,81,4.53,80,3.46,76,5.28,76,3.66,75,4.64,76,4.11,74,3.58,74,1.06
M,211,Reed,4.5,4.5,Fulham,69,1.99,63,2.03,63,1.85,62,2.27,62,1.89,60,2.08,59,1.86,59,1.79,59,0.56
M,212,Wilson,5.7,5.7,Fulham,29,1.38,32,1.72,34,1.57,36,2.31,35,1.70,36,2.08,37,1.89,36,1.70,37,0.54
G,213,Rodák,4.3,4.3,Fulham,2,0.04,3,0.11,3,0.07,4,0.13,4,0.15,6,0.22,4,0.15,4,0.15,6,0.06
M,214,Cavaleiro,4.8,4.8,Fulham,0,0.00,0,0.00,0,0.00,0,0.00,0,0.00,0,0.00,0,0.00,0,0.00,0,0.00
D,215,Tete,4.4,4.4,Fulham,78,1.81,75,2.30,74,1.79,74,3.38,72,1.86,71,3.13,69,2.08,68,1.74,68,0.38
M,216,Onomah,4.3,4.3,Fulham,0,0.00,0,0.00,0,0.00,0,0.00,0,0.00,0,0.00,0,0.00,0,0.00,0,0.00
D,217,Robinson,4.4,4.4,Fulham,0,0.00,81,2.27,78,1.78,74,3.18,76,1.80,74,3.03,73,2.05,72,1.72,74,0.40
F,218,Muniz,5.4,5.4,Fulham,0,0.00,0,0.00,0,0.00,0,0.00,0,0.00,0,0.00,0,0.00,0,0.00,0,0.00
F,219,Stansfield,4.5,4.5,Fulham,0,0.00,0,0.00,0,0.00,0,0.00,0,0.00,0,0.00,0,0.00,0,0.00,0,0.00
M,220,Palhinha,5.0,5.0,Fulham,86,2.29,83,2.46,82,2.18,81,2.82,79,2.21,77,2.54,79,2.29,78,2.15,74,0.64
D,221,Cooper,4.4,4.4,Leeds,86,2.27,81,2.55,77,3.15,76,1.71,75,2.23,75,2.22,74,1.44,73,2.00,74,1.15
D,222,Ayling,4.5,4.5,Leeds,61,1.80,59,2.08,56,2.57,53,1.35,54,1.77,54,1.76,52,1.16,49,1.55,50,0.85
M,223,Klich,4.6,4.6,Leeds,0,0.00,0,0.00,0,0.00,0,0.00,0,0.00,0,0.00,0,0.00,0,0.00,0,0.00
M,224,Forshaw,4.4,4.4,Leeds,14,0.57,31,1.23,24,1.56,22,0.92,20,0.82,22,0.75,23,0.87,21,0.89,21,0.44
M,225,Rodrigo,6.3,6.3,Leeds,69,4.16,66,4.74,62,5.77,57,3.13,53,3.19,51,2.91,52,2.46,50,2.99,50,1.49
D,226,Dallas,4.9,4.9,Leeds,0,0.00,0,0.00,0,0.00,0,0.00,0,0.00,3,0.10,14,0.35,27,0.93,30,0.58
F,227,Bamford,7.2,7.2,Leeds,23,1.54,30,2.04,40,3.68,57,3.04,58,3.31,59,3.16,57,2.61,58,3.32,57,1.58
D,228,Llorente,4.4,4.4,Leeds,7,0.20,14,0.47,15,0.70,15,0.38,17,0.51,17,0.52,19,0.43,18,0.54,18,0.28
M,229,Roberts,5.0,5.0,Leeds,0,0.00,0,0.00,0,0.00,0,0.00,0,0.00,0,0.00,0,0.00,0,0.00,0,0.00
D,230,Koch,4.5,4.5,Leeds,84,2.23,79,2.54,77,3.19,76,1.71,76,2.26,72,2.15,71,1.43,71,1.99,71,1.10
M,231,James,6.0,6.0,Fulham,18,0.86,20,1.06,22,1.03,24,1.36,26,1.18,24,1.27,27,1.33,27,1.22,26,0.37
M,232,Raphinha,7.0,7.0,Leeds,0,0.00,0,0.00,0,0.00,0,0.00,0,0.00,0,0.00,0,0.00,0,0.00,0,0.00
M,233,Harrison,5.8,5.8,Leeds,72,3.15,72,3.60,66,4.70,60,2.62,60,2.80,53,2.33,53,2.13,53,2.55,54,1.27
M,234,Shackleton,4.5,4.5,Leeds,0,0.00,0,0.00,0,0.00,0,0.00,0,0.00,0,0.00,0,0.00,0,0.00,0,0.00
D,235,Struijk,4.5,4.5,Leeds,73,2.07,72,2.46,69,3.02,69,1.68,68,2.15,63,2.03,60,1.25,53,1.55,53,0.87
G,236,Klaesson,3.9,3.9,Leeds,0,0.00,0,0.00,0,0.00,0,0.00,0,0.00,1,0.00,1,0.00,1,0.00,1,0.02
F,237,Greenwood,4.2,4.2,Leeds,22,1.06,26,1.32,21,1.59,18,0.87,17,0.84,17,0.68,14,0.63,17,0.83,18,0.41
G,238,Meslier,4.5,4.5,Leeds,89,3.31,89,3.42,87,5.25,88,3.14,87,3.38,87,2.81,86,3.08,86,3.23,86,1.73
D,239,Firpo,4.5,4.5,Leeds,11,0.36,12,0.45,13,0.71,14,0.46,13,0.49,16,0.53,12,0.36,11,0.37,10,0.20
M,240,Summerville,4.3,4.3,Leeds,0,0.00,0,0.00,0,0.00,4,0.16,13,0.64,19,0.89,25,1.13,23,1.21,25,0.63
M,241,Bate,4.5,4.5,Leeds,0,0.00,0,0.00,0,0.00,0,0.00,0,0.00,0,0.00,0,0.00,0,0.00,0,0.00
F,242,Gelhardt,5.1,5.1,Leeds,19,1.01,23,1.39,15,1.33,13,0.73,10,0.56,9,0.45,8,0.46,9,0.51,8,0.23
D,243,Hjelde,3.9,3.9,Leeds,2,0.03,3,0.07,3,0.14,3,0.06,4,0.10,4,0.09,3,0.08,2,0.07,2,0.02
D,244,Kristensen,4.8,4.8,Leeds,30,1.03,29,1.15,32,1.64,32,0.95,33,1.17,33,1.16,35,0.88,35,1.19,34,0.62
M,245,Roca,4.8,4.8,Leeds,70,2.34,54,2.04,62,3.38,65,2.12,65,2.22,62,1.89,65,1.97,62,2.12,62,1.09
M,246,Aaronson,5.5,5.5,Leeds,84,3.24,80,3.52,77,4.83,75,2.81,72,2.90,71,2.62,70,2.38,72,2.87,71,1.41
M,247,Gyabi,4.3,4.3,Leeds,1,0.00,1,0.05,1,0.00,1,0.00,1,0.00,0,0.00,0,0.00,0,0.00,0,0.00
G,248,Schmeichel,5.0,5.0,Leicester,0,0.00,0,0.00,0,0.00,0,0.00,0,0.00,0,0.00,0,0.00,0,0.00,0,0.00
D,249,Evans,4.4,4.4,Leicester,0,0.00,0,0.00,9,0.25,37,0.94,63,1.12,72,1.62,73,2.31,71,2.02,70,0.80
D,250,Bertrand,3.9,3.9,Leicester,0,0.00,0,0.00,0,0.00,0,0.00,1,0.00,6,0.18,8,0.30,10,0.35,10,0.13
M,251,Albrighton,4.7,4.7,Leicester,35,1.40,31,1.19,24,0.87,16,0.64,12,0.42,10,0.40,9,0.39,11,0.41,9,0.16
M,252,Mendy,4.3,4.3,Leicester,53,1.60,45,1.38,28,0.89,22,0.72,18,0.57,15,0.52,13,0.45,12,0.43,15,0.23
D,253,Vestergaard,3.9,3.9,Leicester,4,0.17,7,0.22,7,0.20,3,0.11,3,0.06,2,0.04,2,0.08,3,0.08,3,0.05
G,254,Ward,4.1,4.1,Leicester,88,3.55,87,3.35,87,3.22,84,3.13,84,2.96,85,3.06,82,3.28,83,3.14,80,1.27
F,255,Vardy,9.1,9.1,Leicester,66,3.69,57,3.11,51,2.67,50,2.76,47,2.16,49,2.37,48,2.71,48,2.43,48,1.08
D,256,Ricardo,4.3,4.3,Leicester,0,0.00,0,0.00,4,0.14,21,0.66,33,0.77,35,0.97,33,1.25,35,1.18,37,0.51
D,257,Amartey,4.2,4.2,Leicester,80,2.65,75,2.27,71,1.92,60,1.59,48,0.89,40,0.96,44,1.41,43,1.24,44,0.52
D,258,Castagne,4.6,4.6,Leicester,84,3.08,80,2.63,79,2.30,74,2.20,70,1.39,71,1.81,69,2.43,70,2.18,73,0.92
M,259,Tielemans,6.2,6.2,Leicester,85,3.38,84,3.20,78,2.75,74,2.69,72,2.28,69,2.34,69,2.66,68,2.43,71,1.09
M,260,Pérez,4.7,4.7,Leicester,38,1.89,49,2.35,28,1.41,20,1.10,19,0.94,17,0.89,19,1.09,19,0.96,20,0.44
M,261,Maddison,8.0,8.0,Leicester,0,0.00,3,0.18,49,2.33,74,3.59,73,2.89,72,3.08,72,3.76,74,3.39,74,1.50
F,262,Iheanacho,6.1,6.1,Leicester,30,1.69,23,1.27,14,0.81,13,0.80,14,0.69,16,0.83,14,0.89,16,0.86,14,0.33
M,263,Choudhury,4.5,4.5,Leicester,0,0.00,0,0.00,0,0.00,0,0.00,0,0.00,0,0.00,0,0.00,0,0.00,0,0.00
M,264,Barnes,6.8,6.8,Leicester,79,4.00,72,3.55,71,3.18,68,3.21,68,2.67,68,2.89,69,3.40,68,3.00,67,1.33
M,265,Ndidi,4.8,4.8,Leicester,79,2.31,73,2.08,63,1.79,59,1.72,53,1.46,47,1.38,45,1.43,44,1.35,44,0.58
M,266,Dewsbury-Hall,4.9,4.9,Leicester,0,0.00,6,0.22,60,2.14,66,2.38,66,2.06,65,2.20,65,2.43,65,2.32,63,0.97
D,267,Söyüncü,4.2,4.2,Leicester,25,0.85,30,0.94,27,0.75,17,0.48,11,0.24,10,0.24,8,0.28,8,0.25,11,0.13
D,268,Justin,4.2,4.2,Leicester,0,0.00,0,0.00,0,0.00,0,0.00,0,0.00,0,0.00,0,0.00,0,0.00,0,0.00
M,269,Soumaré,4.4,4.4,Leicester,0,0.00,0,0.00,0,0.00,6,0.21,21,0.70,33,1.11,39,1.42,40,1.36,38,0.56
D,270,Thomas,4.2,4.2,Leicester,66,2.28,66,2.06,61,1.69,54,1.50,48,0.95,46,1.14,43,1.46,42,1.28,38,0.48
F,271,Daka,5.7,5.7,Leicester,44,2.48,55,2.88,45,2.27,43,2.28,46,2.02,44,2.12,45,2.50,44,2.22,43,0.96
D,272,W.Fofana,4.3,4.3,Chelsea,0,0.00,8,0.19,50,2.14,64,2.28,59,2.77,57,1.58,58,2.59,58,2.19,59,2.79
D,273,Brunt,3.9,3.9,Leicester,2,0.03,3,0.06,2,0.05,2,0.03,1,0.00,0,0.00,1,0.00,1,0.03,1,0.00
M,274,Milner,4.4,4.4,Liverpool,13,0.66,15,0.76,14,0.72,14,0.94,14,0.66,15,0.73,14,0.93,15,0.78,16,0.30
M,275,Henderson,5.3,5.3,Liverpool,59,2.14,57,2.17,52,2.02,50,2.54,49,1.75,50,1.98,47,2.38,46,1.98,48,0.67
D,276,Matip,5.9,5.9,Liverpool,85,2.95,81,3.30,79,3.56,79,4.72,73,2.39,66,2.85,63,3.27,63,3.02,62,1.00
M,277,Thiago,5.2,5.2,Liverpool,72,2.49,67,2.38,66,2.39,64,3.04,64,2.10,64,2.33,61,2.90,59,2.38,61,0.81
M,278,Chamberlain,4.9,4.9,Liverpool,40,1.99,30,1.58,17,0.99,13,0.95,11,0.58,8,0.51,8,0.67,9,0.55,8,0.18
F,279,Firmino,8.0,8.0,Liverpool,1,0.08,3,0.16,27,1.66,43,3.35,40,2.13,40,2.40,40,3.16,38,2.47,38,0.86
D,280,Van Dijk,6.5,6.5,Liverpool,0,0.00,0,0.00,0,0.00,0,0.00,12,0.37,35,1.47,66,3.55,78,3.74,76,1.22
G,281,Alisson,5.5,5.5,Liverpool,90,3.53,88,3.69,88,3.94,87,4.82,87,3.50,86,3.80,86,4.73,87,4.04,86,1.31
M,282,Fabinho,5.3,5.3,Liverpool,76,2.25,72,2.24,71,2.29,69,2.84,66,1.95,67,2.15,64,2.67,67,2.31,64,0.73
M,283,Salah,12.9,12.8,Liverpool,85,6.24,83,6.33,79,6.13,76,8.36,75,4.80,74,5.74,73,7.51,71,6.33,72,2.24
D,284,Robertson,6.9,6.9,Liverpool,81,3.23,77,3.68,74,3.94,74,5.26,72,2.79,74,3.76,73,4.55,72,4.13,73,1.39
D,285,Alexander-Arnold,7.3,7.3,Liverpool,85,3.82,80,4.29,78,4.58,77,6.16,78,3.36,78,4.39,78,5.49,75,4.92,75,1.63
D,286,Gomez,4.4,4.4,Liverpool,12,0.35,20,0.70,27,1.13,29,1.54,26,0.81,26,1.01,16,0.74,15,0.60,16,0.21
M,287,Keita,4.7,4.7,Liverpool,17,0.81,26,1.20,25,1.22,27,1.61,26,1.10,26,1.26,29,1.73,27,1.40,27,0.47
F,288,Diogo Jota,8.8,8.8,Liverpool,0,0.00,0,0.00,3,0.21,13,1.10,23,1.27,35,2.18,38,3.07,39,2.64,35,0.82
G,289,Kelleher,4.0,4.0,Liverpool,0,0.00,2,0.08,2,0.09,3,0.10,3,0.08,4,0.13,4,0.20,3,0.09,3,0.04
D,290,Konaté,4.8,4.8,Liverpool,85,2.65,82,3.09,78,3.28,75,4.21,70,2.13,54,2.17,39,1.91,33,1.55,34,0.51
M,291,Jones,4.9,4.9,Liverpool,16,0.77,14,0.68,11,0.53,9,0.54,10,0.44,10,0.47,12,0.76,12,0.60,10,0.19
D,292,Tsimikas,4.5,4.5,Liverpool,11,0.45,14,0.63,14,0.72,16,1.00,16,0.69,16,0.77,16,0.98,18,0.95,16,0.30
M,293,Luis Díaz,7.8,7.8,Liverpool,0,0.00,0,0.00,0,0.00,0,0.00,0,0.00,0,0.00,0,0.00,5,0.30,19,0.44
M,294,Elliott,4.9,4.9,Liverpool,41,2.06,38,1.94,31,1.59,28,1.91,30,1.36,24,1.29,27,1.82,27,1.52,27,0.50
D,295,N.Williams,4.0,4.0,Nott'm Forest,27,1.15,35,1.44,38,1.57,35,1.16,38,0.81,35,0.90,38,1.68,39,0.94,37,1.19
M,296,Carvalho,5.3,5.3,Liverpool,25,1.59,21,1.39,9,0.58,5,0.53,5,0.31,4,0.34,4,0.44,6,0.43,4,0.12
F,297,Darwin,8.9,8.9,Liverpool,18,1.13,44,2.76,70,4.53,64,5.85,65,3.63,62,4.00,62,5.33,61,4.51,57,1.46
D,298,Ramsay,3.9,3.9,Liverpool,0,0.00,0,0.00,0,0.00,0,0.00,0,0.00,1,0.00,1,0.00,1,0.00,0,0.00
D,299,Walker,4.8,4.8,Man City,51,4.22,39,2.17,39,1.63,37,3.34,38,1.96,35,1.90,39,1.92,38,1.89,39,0.41
M,300,Gündogan,7.3,7.3,Man City,46,4.48,51,2.88,54,2.43,53,5.10,50,2.70,51,2.89,52,2.58,50,2.54,54,0.58
M,301,De Bruyne,12.5,12.5,Man City,81,9.63,79,5.63,75,4.32,72,8.88,73,5.00,72,5.26,72,4.58,72,4.71,71,1.02
D,302,Stones,5.4,5.4,Man City,23,2.07,62,3.50,61,2.41,50,4.45,48,2.52,50,2.65,50,2.32,48,2.39,50,0.53
M,303,Mahrez,7.5,7.5,Man City,52,6.44,45,3.38,45,2.82,45,5.94,46,3.32,43,3.24,44,2.95,45,3.08,43,0.65
M,304,Sterling,9.7,9.7,Chelsea,0,0.00,14,0.78,55,3.65,57,3.12,55,3.84,55,2.77,57,3.98,56,3.22,52,3.55
M,305,Grealish,6.8,6.8,Man City,51,5.57,58,3.65,57,2.89,57,6.17,57,3.40,60,3.72,58,3.13,57,3.20,55,0.67
D,306,Cancelo,7.2,7.2,Man City,44,4.44,46,3.09,48,2.29,50,5.27,52,3.18,53,3.36,51,2.87,52,3.04,50,0.62
G,307,Ederson,5.4,5.4,Man City,89,7.67,88,4.54,87,3.64,88,7.85,86,4.22,87,4.35,87,4.06,87,4.13,87,0.85
D,308,Aké,5.0,5.0,Man City,70,6.07,57,3.33,49,1.98,45,4.13,44,2.40,41,2.32,42,2.05,42,2.19,43,0.48
D,309,Laporte,5.7,5.7,Man City,51,4.28,38,2.23,36,1.52,42,3.84,38,2.08,40,2.25,42,2.06,41,2.06,42,0.46
G,310,Steffen,4.0,4.0,Man City,0,0.00,0,0.00,0,0.00,0,0.00,0,0.00,0,0.00,0,0.00,0,0.00,0,0.00
M,311,Bernardo,6.8,6.8,Man City,64,5.78,64,3.38,61,2.67,62,5.79,62,3.15,60,3.22,58,2.75,58,2.77,59,0.62
D,312,Dias,5.9,5.9,Man City,0,0.00,1,0.06,16,0.63,35,3.13,50,2.53,49,2.57,47,2.16,51,2.49,49,0.51
D,313,Zinchenko,5.0,5.0,Arsenal,61,2.46,62,2.69,61,3.21,59,5.34,60,3.68,56,2.80,58,3.61,58,2.82,58,2.57
M,314,Foden,8.2,8.2,Man City,57,7.18,51,3.81,56,3.33,55,6.98,53,3.84,50,3.71,54,3.53,53,3.55,52,0.75
M,315,Rodri,5.6,5.6,Man City,80,5.54,80,3.15,79,2.62,76,5.35,76,2.94,73,2.89,73,2.63,72,2.66,73,0.56
M,316,Palmer,4.3,4.3,Man City,8,0.83,11,0.63,10,0.53,13,1.43,14,0.79,16,0.99,13,0.72,14,0.84,14,0.18
M,317,McAtee,4.5,4.5,Man City,0,0.00,0,0.00,0,0.00,0,0.00,0,0.00,0,0.00,0,0.00,0,0.00,0,0.00
F,318,Haaland,12.2,11.8,Man City,81,12.84,76,7.13,74,5.53,73,11.55,72,6.38,70,6.55,71,5.50,69,5.57,70,1.26
F,319,Álvarez,6.0,6.0,Man City,17,2.16,21,1.52,22,1.42,22,2.95,23,1.62,26,1.94,26,1.70,28,1.83,29,0.41
D,320,Mbete,3.9,3.9,Man City,0,0.00,0,0.00,0,0.00,0,0.00,0,0.00,0,0.00,0,0.00,0,0.00,0,0.00
M,321,Lavia,4.5,4.5,Southampton,64,1.97,73,2.22,73,2.05,73,2.26,71,1.88,68,1.54,70,2.18,66,1.75,67,0.38
D,322,Wilson-Esbrand,3.8,3.8,Man City,0,0.00,0,0.00,0,0.00,0,0.00,0,0.00,0,0.00,0,0.00,0,0.00,0,0.00
F,323,Delap,4.4,4.4,Man City,0,0.00,0,0.00,0,0.00,0,0.00,0,0.00,0,0.00,0,0.00,0,0.00,0,0.00
G,324,Ortega,3.8,3.8,Man City,1,0.04,2,0.10,3,0.09,2,0.13,4,0.15,2,0.10,3,0.09,3,0.14,3,0.03
M,325,Phillips,4.8,4.8,Man City,5,0.27,5,0.18,7,0.20,12,0.78,15,0.54,18,0.67,17,0.63,20,0.71,19,0.15
F,326,Ronaldo,10.2,10.2,Man Utd,0,0.00,0,0.00,0,0.00,0,0.00,0,0.00,0,0.00,0,0.00,0,0.00,0,0.00
G,327,De Gea,4.9,4.9,Man Utd,89,7.10,89,3.32,87,6.47,86,3.61,85,3.88,84,0.76,86,3.09,85,4.01,86,0.93
D,328,Jones,3.9,3.9,Man Utd,0,0.00,0,0.00,0,0.00,0,0.00,0,0.00,0,0.00,0,0.00,0,0.00,0,0.00
D,329,Varane,4.8,4.8,Man Utd,83,5.49,80,2.17,77,6.02,76,3.06,75,3.59,73,0.68,73,1.77,71,3.65,72,0.66
D,330,Maguire,4.7,4.7,Man Utd,9,0.51,11,0.29,12,0.87,15,0.59,15,0.65,16,0.13,18,0.42,18,0.90,18,0.16
M,331,Fred,5.1,5.1,Man Utd,22,1.79,24,0.94,25,1.78,27,1.16,26,1.14,30,0.26,25,0.94,29,1.31,27,0.29
D,332,Shaw,5.1,4.9,Man Utd,82,5.71,75,2.12,77,6.58,76,3.37,74,3.92,74,0.74,75,1.88,74,4.15,75,0.72
M,333,Fernandes,9.8,9.8,Man Utd,85,7.77,84,3.46,83,8.42,82,4.61,80,5.04,79,0.99,80,3.38,78,5.30,77,1.00
D,334,Telles,5.0,5.0,Man Utd,0,0.00,0,0.00,0,0.00,0,0.00,0,0.00,0,0.00,0,0.00,0,0.00,0,0.00
M,335,Rashford,7.0,6.8,Man Utd,73,8.00,66,3.29,64,7.70,62,4.21,62,4.61,63,0.93,60,3.07,58,4.58,59,0.90
M,336,Van de Beek,5.1,5.1,Man Utd,5,0.56,8,0.40,10,0.96,10,0.57,11,0.64,11,0.13,14,0.63,14,0.85,16,0.22
D,337,Lindelöf,4.2,4.2,Man Utd,10,0.60,12,0.29,11,0.80,14,0.49,16,0.67,16,0.13,17,0.41,18,0.80,17,0.14
M,338,McTominay,4.9,4.9,Man Utd,14,1.05,22,0.78,17,1.20,18,0.74,23,0.95,23,0.20,23,0.81,25,1.07,22,0.21
D,339,Bailly,4.0,4.0,Man Utd,0,0.00,0,0.00,0,0.00,0,0.00,0,0.00,0,0.00,0,0.00,0,0.00,0,0.00
M,340,Sancho,7.1,7.1,Man Utd,7,0.91,18,0.99,25,2.93,25,1.71,27,2.06,25,0.38,28,1.53,26,2.09,30,0.48
D,341,Wan-Bissaka,4.3,4.3,Man Utd,58,3.57,20,0.58,18,1.23,17,0.67,17,0.77,19,0.16,23,0.62,21,0.98,22,0.20
D,342,Dalot,4.7,4.7,Man Utd,21,1.75,69,1.86,72,5.70,72,2.95,72,3.52,68,0.65,64,1.53,67,3.55,66,0.60
D,343,B.Williams,3.8,3.8,Man Utd,1,0.02,1,0.00,1,0.02,1,0.00,2,0.04,2,0.01,2,0.04,2,0.07,2,0.01
M,344,Elanga,4.7,4.7,Man Utd,10,1.10,7,0.45,6,0.73,7,0.52,8,0.56,8,0.12,9,0.49,12,0.81,9,0.15
F,345,Martial,6.6,6.6,Man Utd,56,6.13,63,3.06,60,6.70,59,3.76,58,4.11,59,0.81,57,2.90,57,4.19,57,0.85
M,346,Andreas,4.6,4.5,Fulham,77,2.66,74,3.06,71,2.52,69,3.49,70,2.59,72,3.30,71,2.85,71,2.65,70,0.78
M,347,Pellistri,4.3,4.3,Man Utd,1,0.09,0,0.00,0,0.00,0,0.00,0,0.00,0,0.00,0,0.00,0,0.00,1,0.00
G,348,Heaton,3.9,3.9,Man Utd,1,0.04,0,0.00,0,0.00,0,0.00,0,0.00,1,0.00,1,0.00,0,0.00,0,0.00
M,349,Shelvey,4.8,4.8,Newcastle,0,0.00,0,0.00,0,0.00,0,0.00,3,0.11,11,0.09,22,0.71,26,1.07,26,1.07
D,350,Ritchie,4.2,4.2,Newcastle,3,0.16,5,0.24,4,0.20,4,0.15,3,0.13,3,0.02,3,0.06,3,0.11,2,0.10
D,351,Fernández,4.4,4.4,Newcastle,0,0.00,0,0.00,0,0.00,0,0.00,0,0.00,0,0.00,0,0.00,0,0.00,0,0.00
D,352,Clark,4.5,4.5,Newcastle,0,0.00,0,0.00,0,0.00,0,0.00,0,0.00,0,0.00,0,0.00,0,0.00,0,0.00
G,353,Darlow,3.9,3.9,Newcastle,0,0.00,0,0.00,0,0.00,0,0.00,0,0.00,0,0.00,0,0.00,0,0.00,0,0.00
F,354,Wood,5.6,5.6,Newcastle,11,0.81,14,0.86,15,0.98,16,1.13,16,0.94,16,0.22,17,0.81,17,1.17,17,1.14
G,355,Dubravka,4.2,4.2,Newcastle,1,0.05,2,0.04,2,0.09,3,0.09,3,0.08,3,0.02,3,0.11,2,0.10,3,0.09
F,356,Wilson,7.2,7.2,Newcastle,73,4.84,71,4.04,68,4.26,67,4.27,66,3.66,63,0.83,63,2.59,61,3.91,60,3.76
D,357,Trippier,6.0,5.6,Newcastle,84,4.90,71,3.72,82,4.63,76,4.48,77,3.01,77,0.88,75,1.84,76,4.71,76,4.16
D,358,Burn,4.5,4.5,Newcastle,85,4.09,82,3.56,81,3.83,79,3.84,77,2.45,76,0.71,76,1.55,73,3.79,75,3.51
M,359,Fraser,5.2,5.2,Newcastle,9,0.56,8,0.51,9,0.54,8,0.54,7,0.44,8,0.10,6,0.31,7,0.43,6,0.37
D,360,Lascelles,4.3,4.3,Newcastle,8,0.34,23,0.93,17,0.68,16,0.65,16,0.45,15,0.12,15,0.33,19,0.90,17,0.71
F,361,Gayle,4.5,4.5,Newcastle,0,0.00,0,0.00,0,0.00,0,0.00,0,0.00,0,0.00,0,0.00,0,0.00,0,0.00
D,362,Dummett,3.9,3.9,Newcastle,2,0.04,6,0.20,4,0.17,3,0.08,3,0.10,2,0.02,3,0.05,3,0.13,3,0.08
D,363,Manquillo,4.2,4.2,Newcastle,6,0.23,16,0.70,7,0.32,9,0.41,7,0.26,6,0.05,6,0.18,6,0.28,6,0.27
D,364,Krafth,4.3,4.3,Newcastle,0,0.00,0,0.00,0,0.00,4,0.15,7,0.21,9,0.06,11,0.25,10,0.43,9,0.35
M,365,Murphy,4.3,4.3,Newcastle,14,0.79,9,0.54,8,0.48,10,0.61,10,0.55,10,0.12,10,0.46,9,0.56,9,0.55
D,366,Schär,5.0,5.0,Newcastle,85,4.17,62,2.70,75,3.71,75,3.76,70,2.28,74,0.71,72,1.50,72,3.84,71,3.37
D,367,Targett,4.8,4.8,Newcastle,0,0.00,0,0.00,2,0.09,7,0.33,17,0.57,19,0.18,19,0.49,22,1.14,22,1.04
M,368,Saint-Maximin,6.2,6.2,Newcastle,38,2.36,40,2.19,48,2.72,49,2.80,54,2.66,55,0.65,56,2.15,55,3.20,55,3.03
M,369,Almirón,5.9,5.9,Newcastle,76,4.21,72,3.49,70,3.69,67,3.61,66,2.99,67,0.73,63,2.29,66,3.55,66,3.41
M,370,S.Longstaff,4.4,4.4,Newcastle,71,2.63,64,2.22,58,2.13,57,2.12,56,1.78,52,0.40,50,1.43,49,1.87,50,1.82
M,371,Joelinton,5.9,5.9,Newcastle,54,2.62,67,2.78,68,2.97,65,2.89,64,2.41,65,0.59,63,1.94,61,2.77,62,2.65
D,372,Lewis,4.4,4.4,Newcastle,5,0.17,10,0.38,10,0.40,7,0.26,5,0.14,4,0.04,4,0.11,4,0.18,5,0.21
M,373,Willock,4.8,4.8,Newcastle,67,3.32,64,2.79,59,2.83,56,2.73,54,2.23,53,0.53,52,1.78,50,2.47,50,2.35
M,374,Bruno Guimarães,5.7,5.7,Newcastle,84,3.68,81,3.11,79,3.28,76,3.24,77,2.71,75,0.65,76,2.22,74,3.15,73,2.99
M,375,Hendrick,4.5,4.5,Newcastle,0,0.00,0,0.00,0,0.00,0,0.00,0,0.00,0,0.00,0,0.00,0,0.00,0,0.00
G,376,Pope,5.4,5.4,Newcastle,89,4.09,88,3.98,88,4.08,87,4.06,86,3.40,87,0.84,87,3.15,87,4.31,86,3.98
D,377,Botman,4.5,4.5,Newcastle,84,3.88,83,3.51,80,3.68,81,3.83,79,2.38,78,0.71,78,1.55,74,3.74,75,3.34
M,378,Arter,4.2,4.2,Nott'm Forest,0,0.00,0,0.00,0,0.00,0,0.00,1,0.04,1,0.00,0,0.00,0,0.00,0,0.00
D,379,Cook,4.4,4.4,Nott'm Forest,39,1.33,34,1.18,17,0.55,15,0.42,18,0.34,16,0.35,16,0.59,19,0.39,18,0.47
F,380,Lyle Taylor,4.2,4.2,Nott'm Forest,0,0.00,0,0.00,0,0.00,0,0.00,0,0.00,0,0.00,0,0.00,0,0.00,0,0.00
M,381,Colback,4.2,4.2,Nott'm Forest,12,0.45,22,0.75,18,0.63,18,0.59,19,0.60,18,0.46,14,0.52,15,0.50,13,0.42
G,382,Samba,4.5,4.5,Nott'm Forest,0,0.00,0,0.00,0,0.00,0,0.00,0,0.00,0,0.00,0,0.00,0,0.00,0,0.00
M,383,Cafú,4.3,4.3,Nott'm Forest,1,0.00,2,0.09,1,0.04,3,0.08,4,0.11,3,0.10,2,0.09,1,0.04,1,0.00
M,384,Lolley,4.9,4.9,Nott'm Forest,0,0.00,0,0.00,0,0.00,0,0.00,0,0.00,0,0.00,0,0.00,0,0.00,0,0.00
D,385,McKenna,4.4,4.4,Nott'm Forest,38,1.22,36,1.16,16,0.52,14,0.33,16,0.28,18,0.36,17,0.61,17,0.33,20,0.49
D,386,Dräger,4.0,4.0,Nott'm Forest,0,0.00,0,0.00,0,0.00,0,0.00,0,0.00,0,0.00,0,0.00,0,0.00,0,0.00
M,387,Yates,5.0,5.0,Nott'm Forest,87,2.86,65,2.14,81,2.75,83,2.44,81,2.11,81,1.85,80,2.70,79,2.17,80,2.28
D,388,Worrall,4.2,4.2,Nott'm Forest,85,2.74,66,2.12,70,2.27,69,1.70,69,1.13,67,1.31,69,2.49,69,1.18,65,1.59
D,389,Panzo,4.0,4.0,Nott'm Forest,0,0.00,0,0.00,0,0.00,0,0.00,0,0.00,0,0.00,0,0.00,0,0.00,0,0.00
M,390,Xande Silva,5.0,5.0,Nott'm Forest,0,0.00,0,0.00,0,0.00,0,0.00,0,0.00,0,0.00,0,0.00,0,0.00,0,0.00
F,391,Surridge,4.7,4.7,Nott'm Forest,4,0.26,3,0.24,4,0.32,4,0.29,3,0.21,3,0.13,3,0.25,5,0.33,4,0.23
D,392,Laryea,4.5,4.5,Nott'm Forest,0,0.00,0,0.00,0,0.00,0,0.00,0,0.00,0,0.00,0,0.00,0,0.00,0,0.00
D,393,Mbe Soh,4.2,4.2,Nott'm Forest,1,0.00,4,0.09,1,0.00,1,0.00,0,0.00,0,0.00,0,0.00,0,0.00,0,0.00
F,394,Johnson,5.6,5.6,Nott'm Forest,81,3.91,75,3.52,70,3.55,68,2.90,68,2.41,66,2.12,67,3.35,65,2.52,67,2.77
M,395,Mighten,4.9,4.9,Nott'm Forest,0,0.00,0,0.00,0,0.00,0,0.00,0,0.00,0,0.00,0,0.00,0,0.00,0,0.00
M,396,Ojeda,4.5,4.5,Nott'm Forest,0,0.00,0,0.00,0,0.00,0,0.00,0,0.00,0,0.00,0,0.00,0,0.00,0,0.00
F,397,Awoniyi,5.7,5.7,Nott'm Forest,36,2.16,52,2.95,51,3.12,48,2.50,46,2.02,48,1.84,45,2.78,46,2.16,47,2.34
G,398,Henderson,4.7,4.7,Nott'm Forest,88,3.62,88,3.58,87,3.58,85,3.19,86,3.06,84,2.54,85,3.66,86,3.08,84,3.19
D,399,Biancone,4.2,4.2,Nott'm Forest,0,0.00,0,0.00,0,0.00,0,0.00,0,0.00,0,0.00,0,0.00,0,0.00,0,0.00
M,400,Walcott,4.8,4.8,Southampton,6,0.35,10,0.53,6,0.39,6,0.36,9,0.44,9,0.41,8,0.47,9,0.44,9,0.10
G,401,McCarthy,4.3,4.3,Southampton,7,0.28,24,0.94,25,0.88,25,1.06,28,1.00,28,0.78,28,1.09,29,0.99,31,0.22
M,402,Romeu,4.8,4.8,Southampton,0,0.00,0,0.00,0,0.00,0,0.00,0,0.00,0,0.00,0,0.00,0,0.00,0,0.00
M,403,Redmond,5.3,5.3,Southampton,0,0.00,0,0.00,0,0.00,0,0.00,0,0.00,0,0.00,0,0.00,0,0.00,0,0.00
D,404,Stephens,4.3,4.3,Bournemouth,8,0.22,8,0.26,10,0.23,12,0.28,12,0.32,13,0.26,12,0.24,13,0.25,12,0.28
M,405,S.Armstrong,4.7,4.7,Southampton,0,0.00,5,0.25,35,1.50,41,1.90,41,1.58,40,1.36,39,1.90,40,1.53,38,0.33
M,406,Elyounoussi,5.2,5.2,Southampton,70,3.09,69,3.18,63,2.66,59,2.88,56,2.08,58,1.99,56,2.79,58,2.14,57,0.49
M,407,Ward-Prowse,6.2,6.2,Southampton,87,3.54,85,3.64,84,3.17,83,3.60,85,2.77,84,2.57,82,3.64,82,2.64,81,0.63
F,408,A.Armstrong,5.5,5.5,Southampton,29,1.55,24,1.44,18,1.03,19,1.15,21,1.07,21,0.94,20,1.29,21,1.07,20,0.23
D,409,Walker-Peters,4.4,4.4,Southampton,84,2.77,81,2.65,79,2.03,73,2.84,73,1.54,72,1.61,69,2.53,72,1.21,66,0.35
D,410,Bednarek,4.2,4.2,Aston Villa,5,0.15,0,0.00,6,0.23,8,0.20,10,0.27,10,0.36,8,0.28,4,0.10,3,0.08
F,411,Adams,6.3,6.3,Southampton,66,2.95,62,2.96,58,2.48,60,2.84,56,2.11,55,1.96,53,2.68,53,2.00,57,0.50
M,412,Tella,5.0,5.0,Southampton,0,0.00,0,0.00,0,0.00,0,0.00,0,0.00,0,0.00,0,0.00,0,0.00,0,0.00
D,413,Lyanco,4.4,4.4,Southampton,76,2.27,71,2.09,51,1.17,48,1.68,48,0.92,47,0.91,48,1.54,46,0.81,44,0.20
D,414,Valery,4.0,4.0,Southampton,0,0.00,0,0.00,0,0.00,0,0.00,0,0.00,0,0.00,0,0.00,0,0.00,0,0.00
M,415,Smallbone,4.5,4.5,Southampton,0,0.00,0,0.00,0,0.00,0,0.00,0,0.00,0,0.00,0,0.00,0,0.00,0,0.00
M,416,Diallo,4.3,4.3,Southampton,18,0.73,17,0.72,12,0.46,11,0.47,11,0.45,13,0.39,12,0.52,13,0.48,14,0.12
D,417,Perraud,4.3,4.3,Southampton,64,2.63,63,2.61,55,1.84,49,2.39,50,1.41,45,1.29,46,2.14,46,1.13,40,0.28
M,418,Djenepo,5.0,5.0,Southampton,23,1.10,24,1.14,14,0.63,14,0.72,13,0.59,15,0.55,14,0.69,14,0.64,18,0.17
D,419,Livramento,4.4,4.4,Southampton,0,0.00,0,0.00,4,0.13,8,0.29,11,0.32,16,0.41,21,0.88,26,0.61,35,0.22
D,420,Salisu,4.4,4.4,Southampton,87,2.64,65,2.00,77,1.82,76,2.77,77,1.43,73,1.49,72,2.42,74,1.20,73,0.35
G,421,Lis,4.0,4.0,Southampton,0,0.00,0,0.00,0,0.00,0,0.00,0,0.00,0,0.00,0,0.00,0,0.00,0,0.00
G,422,Bazunu,4.5,4.5,Southampton,82,3.17,65,2.50,65,2.30,64,2.66,62,2.14,62,1.74,61,2.42,60,2.06,58,0.42
D,423,Bella-Kotchap,4.5,4.5,Southampton,0,0.00,11,0.39,65,1.81,75,3.00,75,1.67,75,1.71,72,2.71,72,1.32,73,0.39
G,424,Caballero,3.9,3.9,Southampton,0,0.00,1,0.00,1,0.00,0,0.00,0,0.00,0,0.00,1,0.00,1,0.04,1,0.01
G,425,Lloris,5.5,5.5,Spurs,89,6.48,88,3.48,88,3.19,87,3.52,88,3.75,87,3.50,87,3.64,87,3.98,87,0.73
G,426,Forster,3.9,3.9,Spurs,1,0.04,2,0.08,2,0.04,3,0.08,2,0.09,3,0.12,3,0.09,3,0.09,3,0.02
F,427,Kane,11.6,11.6,Spurs,79,8.25,84,5.43,81,4.19,79,5.26,80,5.64,78,4.86,80,5.05,77,6.33,78,1.10
M,428,Son,11.6,11.6,Spurs,84,8.23,80,4.90,70,3.47,70,4.38,70,4.78,68,4.12,67,4.05,69,5.37,67,0.90
D,429,Doherty,4.6,4.6,Spurs,66,3.83,59,2.59,58,1.74,57,2.60,57,2.99,56,2.46,57,2.71,56,3.34,54,0.54
D,430,Dier,5.2,5.2,Spurs,85,3.82,81,2.76,81,1.86,78,2.75,78,3.22,77,2.72,79,3.06,76,3.59,74,0.58
M,431,Lucas Moura,5.8,5.8,Spurs,2,0.19,5,0.33,7,0.40,11,0.65,11,0.67,13,0.75,13,0.75,13,0.96,13,0.16
D,432,Davies,4.8,4.8,Spurs,24,1.19,25,0.87,26,0.63,27,0.97,31,1.30,32,1.15,31,1.21,31,1.52,29,0.24
M,433,Højbjerg,5.5,5.5,Spurs,82,4.71,78,2.50,76,2.17,76,2.50,74,2.54,72,2.31,74,2.44,74,2.78,74,0.50
M,434,Winks,4.4,4.4,Spurs,0,0.00,0,0.00,0,0.00,0,0.00,0,0.00,0,0.00,0,0.00,0,0.00,0,0.00
D,435,Sánchez,4.3,4.3,Spurs,6,0.26,9,0.29,10,0.25,14,0.46,12,0.47,14,0.50,14,0.49,16,0.68,15,0.11
D,436,R.Sessegnon,4.5,4.5,Spurs,51,3.47,47,2.27,44,1.50,43,2.08,44,2.38,42,2.01,42,2.16,42,2.56,43,0.45
M,437,Bergwijn,5.5,5.5,Spurs,0,0.00,0,0.00,0,0.00,0,0.00,0,0.00,0,0.00,0,0.00,0,0.00,0,0.00
D,438,Reguilón,4.2,4.2,Spurs,0,0.00,0,0.00,0,0.00,0,0.00,0,0.00,0,0.00,0,0.00,0,0.00,0,0.00
D,439,Tanganga,3.9,3.9,Spurs,7,0.37,8,0.26,10,0.30,13,0.45,13,0.54,14,0.49,14,0.56,14,0.64,15,0.12
M,440,Bentancur,5.4,5.4,Spurs,44,2.60,75,2.39,75,2.13,74,2.44,74,2.54,72,2.31,72,2.33,70,2.65,68,0.47
M,441,Skipp,4.3,4.3,Spurs,19,1.42,11,0.47,12,0.45,12,0.47,12,0.52,14,0.54,15,0.62,16,0.70,17,0.14
D,442,Rodon,4.0,4.0,Spurs,0,0.00,0,0.00,0,0.00,0,0.00,0,0.00,0,0.00,0,0.00,0,0.00,0,0.00
D,443,Romero,4.9,4.9,Spurs,85,3.61,84,2.67,80,1.68,80,2.67,79,3.10,75,2.52,76,2.77,75,3.43,78,0.57
M,444,Bissouma,4.7,4.7,Spurs,51,3.05,34,1.20,34,1.12,34,1.21,33,1.26,36,1.27,34,1.20,33,1.31,34,0.26
D,445,Emerson Royal,4.9,4.9,Spurs,17,1.13,22,0.96,18,0.60,19,0.85,19,0.89,21,0.92,20,0.93,22,1.16,22,0.20
M,446,Kulusevski,7.9,7.9,Spurs,44,3.79,41,2.09,47,2.02,45,2.33,44,2.43,46,2.27,46,2.37,45,2.77,44,0.48
F,447,Scarlett,4.5,4.5,Spurs,0,0.00,0,0.00,0,0.00,0,0.00,0,0.00,0,0.00,0,0.00,0,0.00,0,0.00
D,448,Perišić,5.5,5.5,Spurs,60,4.27,59,3.05,54,1.89,54,2.84,49,2.98,52,2.71,51,2.85,54,3.71,54,0.62
M,449,White,4.4,4.4,Spurs,0,0.00,0,0.00,0,0.00,1,0.00,0,0.00,0,0.00,0,0.00,0,0.00,1,0.00
M,450,Sarr,4.3,4.3,Spurs,2,0.14,1,0.00,2,0.09,2,0.10,3,0.10,2,0.05,3,0.14,2,0.06,3,0.03
G,451,Austin,3.9,3.9,Spurs,0,0.00,0,0.00,0,0.00,0,0.00,0,0.00,0,0.00,0,0.00,0,0.00,0,0.00
M,452,Devine,4.3,4.3,Spurs,0,0.00,0,0.00,0,0.00,0,0.00,0,0.00,0,0.00,0,0.00,0,0.00,0,0.00
F,453,Parrott,4.5,4.5,Spurs,0,0.00,0,0.00,0,0.00,0,0.00,0,0.00,0,0.00,0,0.00,0,0.00,0,0.00
F,454,Richarlison,8.4,8.4,Spurs,3,0.23,14,0.74,41,1.88,45,2.50,47,2.68,46,2.38,44,2.37,45,2.94,47,0.53
G,455,Fabianski,5.0,5.0,West Ham,88,3.67,88,3.95,88,3.23,86,3.45,87,3.17,87,3.14,87,3.24,86,3.62,86,0.60
D,456,Ogbonna,4.4,4.4,West Ham,5,0.20,7,0.30,2,0.07,3,0.08,3,0.07,3,0.08,5,0.14,4,0.17,6,0.03
D,457,Cresswell,4.8,4.8,West Ham,71,2.86,68,3.29,63,1.76,63,2.28,62,1.69,64,2.64,64,1.91,62,2.67,60,0.20
F,458,Antonio,7.0,7.0,West Ham,33,1.76,27,1.64,26,1.22,28,1.45,28,1.37,26,1.36,27,1.33,28,1.62,29,0.25
D,459,Dawson,4.8,4.8,West Ham,43,1.54,35,1.50,19,0.47,23,0.78,23,0.56,22,0.81,25,0.68,24,0.91,26,0.09
M,460,Lanzini,5.1,5.1,West Ham,7,0.35,8,0.45,8,0.38,9,0.50,10,0.48,11,0.52,12,0.63,12,0.67,12,0.10
D,461,Zouma,4.4,4.4,West Ham,11,0.39,34,1.49,78,2.00,75,2.54,76,1.84,75,2.79,75,2.06,74,2.93,71,0.24
D,462,Masuaku,4.5,4.5,West Ham,0,0.00,0,0.00,0,0.00,0,0.00,0,0.00,0,0.00,0,0.00,0,0.00,0,0.00
D,463,Coufal,4.1,4.1,West Ham,48,1.79,60,2.71,47,1.28,48,1.65,47,1.24,47,1.78,49,1.42,50,1.99,50,0.18
M,464,Benrahma,5.6,5.6,West Ham,53,2.82,52,3.23,50,2.27,48,2.44,46,2.22,48,2.50,48,2.33,45,2.65,46,0.37
M,465,Bowen,8.0,8.0,West Ham,76,3.52,72,3.98,73,2.84,69,3.09,69,2.87,67,3.11,67,2.81,67,3.53,70,0.47
M,466,Vlasic,5.0,5.0,West Ham,0,0.00,0,0.00,0,0.00,0,0.00,0,0.00,0,0.00,0,0.00,0,0.00,0,0.00
M,467,Rice,4.8,4.8,West Ham,86,2.64,81,2.78,81,2.23,82,2.42,79,2.20,77,2.15,77,2.19,76,2.48,77,0.39
M,468,Soucek,5.2,5.2,West Ham,80,2.75,79,3.13,77,2.34,76,2.57,76,2.38,74,2.42,75,2.38,72,2.74,74,0.41
M,469,Fornals,5.0,5.0,West Ham,23,1.06,25,1.24,24,1.00,22,0.99,25,1.06,27,1.14,26,1.07,27,1.32,28,0.20
D,470,Diop,4.3,4.3,Fulham,48,1.03,48,1.33,44,1.00,50,2.09,53,1.22,52,2.06,51,1.37,52,1.22,51,0.28
D,471,Johnson,4.4,4.4,West Ham,17,0.63,12,0.49,9,0.28,10,0.33,9,0.25,11,0.36,9,0.26,11,0.46,13,0.07
D,472,Aguerd,4.8,4.8,West Ham,74,2.71,67,3.02,57,1.43,56,1.84,56,1.37,53,1.96,52,1.44,54,2.09,52,0.17
G,473,Areola,4.3,4.3,West Ham,1,0.00,2,0.04,2,0.07,4,0.12,3,0.07,3,0.11,3,0.11,4,0.17,4,0.02
D,474,Boly,4.2,4.2,Nott'm Forest,32,1.09,48,1.59,69,2.40,68,1.82,63,1.05,63,1.31,64,2.45,61,1.11,63,1.67
D,475,Coady,5.0,5.0,Everton,83,2.97,76,2.00,72,1.55,71,1.13,69,2.64,70,2.27,67,2.09,63,2.04,65,1.34
F,476,Jiménez,6.7,6.7,Wolves,16,0.99,15,0.64,12,0.67,14,0.91,14,0.92,17,0.92,14,0.98,14,0.65,13,0.43
D,477,Jonny,4.4,4.4,Wolves,19,0.78,39,0.79,35,0.95,41,1.68,42,2.09,41,1.38,44,1.70,41,1.10,45,0.97
G,478,Sá,5.0,5.0,Wolves,89,3.71,88,3.14,88,3.20,87,4.04,86,3.98,87,3.37,86,4.16,86,3.13,85,1.89
M,479,Dendoncker,4.7,4.7,Aston Villa,0,0.00,29,1.10,25,0.98,24,0.76,22,0.80,23,0.85,26,1.04,23,0.85,24,0.99
M,480,Neves,5.5,5.5,Wolves,85,2.97,85,2.15,83,2.55,78,3.05,76,3.15,76,2.47,69,2.90,72,2.11,70,1.39
M,481,Hwang,5.7,5.7,Wolves,54,2.80,55,1.98,50,2.21,52,2.89,51,2.99,50,2.37,48,2.91,44,1.83,43,1.26
D,482,Semedo,5.0,5.0,Wolves,78,3.00,62,1.16,73,1.80,70,2.83,70,3.37,71,2.33,68,2.53,68,1.72,67,1.44
M,483,Podence,5.3,5.3,Wolves,58,2.81,56,1.96,63,2.60,62,3.21,59,3.23,59,2.56,55,3.10,53,2.07,52,1.43
D,484,Kilman,4.4,4.4,Wolves,86,2.97,83,1.29,82,1.78,82,2.96,81,3.59,81,2.38,78,2.58,79,1.75,78,1.51
M,485,Cundle,4.4,4.4,Wolves,0,0.00,0,0.00,0,0.00,0,0.00,0,0.00,0,0.00,0,0.00,0,0.00,0,0.00
M,486,Neto,4.9,4.9,Wolves,0,0.00,0,0.00,0,0.00,0,0.00,0,0.00,7,0.32,23,1.40,33,1.45,39,1.15
D,487,Aït-Nouri,4.2,4.2,Wolves,14,0.48,18,0.38,19,0.53,17,0.70,17,0.80,18,0.61,22,0.87,21,0.56,20,0.42
F,488,Fabio Silva,5.5,5.5,Wolves,0,0.00,0,0.00,0,0.00,0,0.00,0,0.00,0,0.00,0,0.00,0,0.00,0,0.00
D,489,Toti,3.9,3.9,Wolves,13,0.47,14,0.26,15,0.37,15,0.53,16,0.66,17,0.53,18,0.62,20,0.47,20,0.38
M,490,Chiquinho,5.0,5.0,Wolves,0,0.00,0,0.00,0,0.00,0,0.00,0,0.00,0,0.00,0,0.00,0,0.00,0,0.00
M,491,Adama,5.5,5.5,Wolves,43,2.03,41,1.50,39,1.65,40,2.08,41,2.17,39,1.72,36,2.09,35,1.44,36,0.96
G,492,Šarkić,3.9,3.9,Wolves,1,0.04,1,0.04,1,0.04,3,0.09,2,0.09,2,0.08,3,0.14,3,0.07,3,0.07
M,493,Gibbs-White,5.5,5.5,Nott'm Forest,72,3.44,67,3.13,66,3.26,63,2.57,60,2.08,57,1.82,60,2.93,57,2.16,58,2.30
D,494,Mosquera,3.9,3.9,Wolves,1,0.00,1,0.03,2,0.04,2,0.09,4,0.18,2,0.08,3,0.13,3,0.09,4,0.06
G,495,Matthews,4.0,4.0,Crystal Palace,0,0.00,0,0.00,0,0.00,0,0.00,0,0.00,0,0.00,0,0.00,0,0.00,0,0.00
F,496,Plange,4.5,4.5,Crystal Palace,0,0.00,0,0.00,0,0.00,0,0.00,0,0.00,0,0.00,0,0.00,0,0.00,0,0.00
G,497,Adrián,3.9,3.9,Liverpool,0,0.00,0,0.00,0,0.00,0,0.00,0,0.00,0,0.00,0,0.00,0,0.00,1,0.00
D,498,R.Williams,4.0,4.0,Liverpool,0,0.00,0,0.00,0,0.00,0,0.00,0,0.00,0,0.00,0,0.00,0,0.00,0,0.00
D,499,Davies,4.0,4.0,Liverpool,0,0.00,0,0.00,0,0.00,0,0.00,0,0.00,0,0.00,0,0.00,0,0.00,0,0.00
D,500,Van den Berg,4.0,4.0,Liverpool,0,0.00,0,0.00,0,0.00,0,0.00,0,0.00,0,0.00,0,0.00,0,0.00,0,0.00
D,501,Phillips,3.9,3.9,Liverpool,0,0.00,2,0.05,2,0.10,3,0.17,4,0.15,3,0.14,2,0.04,1,0.00,1,0.02
G,502,Carson,3.8,3.8,Man City,0,0.00,0,0.00,0,0.00,0,0.00,0,0.00,0,0.00,0,0.00,0,0.00,0,0.00
M,503,Moutinho,4.7,4.7,Wolves,79,2.70,74,2.00,74,2.27,72,2.79,68,2.68,69,2.25,69,2.89,69,2.07,68,1.31
D,504,Malacia,4.2,4.2,Man Utd,14,0.95,15,0.47,13,0.96,14,0.54,14,0.66,17,0.16,14,0.41,15,0.75,14,0.14
M,505,Rothwell,4.9,4.9,Bournemouth,17,0.68,18,0.84,13,0.53,16,0.62,17,0.67,17,0.65,17,0.61,17,0.65,16,0.62
M,506,Adams,4.9,4.9,Leeds,86,2.23,80,2.25,81,3.41,77,2.00,77,2.12,77,1.79,75,1.88,77,2.05,77,1.07
D,507,Niakhaté,4.3,4.3,Nott'm Forest,0,0.00,4,0.14,23,0.80,25,0.70,28,0.54,31,0.66,26,1.02,27,0.55,28,0.78
M,508,Sinisterra,6.5,6.5,Leeds,0,0.00,2,0.09,27,2.31,41,2.07,51,2.68,62,2.90,60,2.49,58,2.98,58,1.46
M,509,Downes,4.3,4.3,West Ham,17,0.66,17,0.70,20,0.71,20,0.75,21,0.72,24,0.79,23,0.79,23,0.90,20,0.13
D,510,Hickey,4.9,4.9,Brentford,7,0.28,46,1.60,70,3.13,68,1.36,69,2.91,68,0.29,68,2.71,68,2.43,67,1.18
D,511,Richards,4.4,4.4,Nott'm Forest,0,0.00,0,0.00,1,0.00,2,0.07,5,0.14,6,0.16,8,0.29,9,0.23,8,0.23
M,512,Aribo,5.2,5.2,Southampton,42,1.81,41,1.77,32,1.38,28,1.30,27,1.10,30,1.02,31,1.49,30,1.18,30,0.26
D,513,Lenglet,4.8,4.8,Spurs,66,3.03,67,2.25,65,1.45,62,2.13,59,2.38,61,2.07,58,2.19,60,2.71,60,0.46
M,514,C.Doucouré,5.0,5.0,Crystal Palace,74,4.08,66,1.90,79,2.03,76,2.23,76,2.15,77,2.07,75,2.11,73,1.88,75,1.43
M,515,Lewis-Potter,5.2,5.2,Brentford,22,1.36,19,1.01,19,1.14,19,0.82,20,1.19,23,0.20,23,1.31,22,1.12,20,0.49
D,516,Collins,4.4,4.4,Wolves,85,3.03,83,1.30,80,1.83,79,2.95,77,3.60,77,2.35,75,2.57,74,1.73,74,1.52
G,517,Strakosha,4.3,4.3,Brentford,1,0.00,3,0.08,3,0.09,4,0.11,4,0.13,4,0.03,5,0.17,4,0.16,3,0.05
G,518,Hennessey,3.9,3.9,Nott'm Forest,2,0.08,2,0.08,3,0.08,5,0.19,4,0.11,6,0.15,5,0.17,4,0.11,5,0.19
M,519,Eriksen,6.3,6.3,Man Utd,65,5.70,61,2.49,60,5.36,57,2.92,59,3.38,56,0.63,58,2.40,56,3.37,57,0.69
D,520,Koulibaly,5.5,5.5,Chelsea,70,3.17,66,1.51,52,2.38,50,1.86,47,2.36,51,1.45,47,2.20,49,1.88,47,2.31
M,521,Francois,4.4,4.4,Fulham,0,0.00,0,0.00,0,0.00,0,0.00,0,0.00,0,0.00,0,0.00,0,0.00,0,0.00
D,522,Spence,4.1,4.1,Spurs,3,0.12,5,0.12,4,0.10,4,0.13,6,0.18,6,0.17,6,0.17,5,0.20,6,0.04
D,523,Toffolo,4.3,4.3,Nott'm Forest,7,0.25,8,0.28,10,0.36,10,0.29,8,0.17,9,0.20,9,0.34,8,0.18,10,0.28
M,524,O'Brien,4.8,4.8,Nott'm Forest,17,0.63,24,0.88,20,0.78,20,0.72,22,0.70,19,0.52,17,0.68,16,0.56,15,0.52
D,525,Augustinsson,4.3,4.3,Aston Villa,1,0.04,1,0.04,1,0.04,1,0.03,2,0.03,2,0.04,3,0.08,2,0.07,2,0.04
D,526,Mee,4.6,4.6,Brentford,86,4.12,84,2.77,82,3.70,81,1.51,81,3.42,81,0.32,82,3.21,79,2.80,79,1.39
M,527,Lingard,5.4,5.4,Nott'm Forest,0,0.00,0,0.00,4,0.19,13,0.64,29,1.20,35,1.32,35,1.98,37,1.60,35,1.66
F,528,Mara,5.3,5.3,Southampton,23,1.28,27,1.52,26,1.30,21,1.23,24,1.09,26,1.05,26,1.48,25,1.12,25,0.25
F,529,Scamacca,6.6,6.6,West Ham,56,2.66,65,3.59,64,2.60,62,2.91,61,2.69,62,2.92,62,2.70,62,3.28,59,0.44
D,530,Richards,4.4,4.4,Crystal Palace,3,0.15,4,0.15,4,0.09,5,0.15,4,0.15,5,0.13,5,0.18,6,0.14,7,0.12
D,531,Vinagre,4.3,4.3,Everton,13,0.53,15,0.52,15,0.43,15,0.37,16,0.78,15,0.61,14,0.51,13,0.48,15,0.45
D,532,Mbabu,4.3,4.3,Fulham,19,0.54,7,0.26,8,0.26,8,0.36,10,0.30,10,0.45,11,0.36,12,0.36,11,0.10
D,533,Martínez,4.5,4.5,Man Utd,82,5.27,76,1.98,77,5.87,75,2.98,76,3.56,75,0.67,73,1.66,73,3.70,74,0.65
M,534,McNeil,5.2,5.2,Everton,38,1.90,39,1.68,39,1.65,41,1.56,38,2.31,38,1.81,40,1.84,40,1.93,39,1.56
M,535,Tavernier,4.7,4.7,Bournemouth,13,0.51,39,1.70,74,2.43,75,2.58,73,2.58,72,2.17,71,2.13,72,2.36,71,2.41
M,536,Mangala,4.9,4.9,Nott'm Forest,55,2.00,59,2.04,55,1.97,56,1.84,52,1.57,51,1.32,50,1.82,45,1.46,45,1.53
D,537,Kesler Hayden,4.0,4.0,Aston Villa,0,0.00,0,0.00,0,0.00,0,0.00,0,0.00,0,0.00,0,0.00,0,0.00,0,0.00
D,538,Young,4.4,4.4,Aston Villa,63,2.67,31,1.34,25,1.20,25,0.55,22,0.74,26,1.07,25,1.18,27,1.01,28,1.48
D,539,Hill,4.4,4.4,Bournemouth,0,0.00,0,0.00,0,0.00,0,0.00,0,0.00,0,0.00,0,0.00,0,0.00,0,0.00
D,540,Stevens,4.0,4.0,Brentford,0,0.00,0,0.00,0,0.00,0,0.00,0,0.00,0,0.00,0,0.00,0,0.00,0,0.00
F,541,Dervişoğlu,4.5,4.5,Brentford,0,0.00,0,0.00,0,0.00,0,0.00,0,0.00,0,0.00,0,0.00,0,0.00,0,0.00
G,542,Scherpen,4.0,4.0,Brighton,0,0.00,0,0.00,0,0.00,0,0.00,0,0.00,0,0.00,0,0.00,0,0.00,0,0.00
D,543,Clarke,4.0,4.0,Brighton,0,0.00,0,0.00,0,0.00,0,0.00,0,0.00,0,0.00,0,0.00,0,0.00,0,0.00
D,544,Van Hecke,4.0,4.0,Brighton,7,0.19,6,0.23,6,0.24,6,0.20,6,0.22,6,0.04,7,0.26,6,0.20,7,0.06
D,545,Emerson,4.0,4.0,West Ham,30,1.31,27,1.36,23,0.82,27,1.14,26,0.87,26,1.10,24,0.86,25,1.19,26,0.13
M,546,Harris,4.4,4.4,Fulham,0,0.00,0,0.00,0,0.00,0,0.00,0,0.00,0,0.00,0,0.00,0,0.00,0,0.00
D,547,Drameh,4.0,4.0,Leeds,3,0.07,4,0.11,6,0.28,7,0.22,7,0.25,7,0.19,7,0.17,7,0.24,9,0.15
G,548,Iversen,3.9,3.9,Leicester,2,0.08,3,0.12,3,0.08,5,0.19,6,0.21,5,0.18,7,0.28,7,0.23,10,0.14
M,549,Praet,4.8,4.8,Leicester,30,1.38,47,2.06,43,1.78,39,1.72,35,1.37,35,1.47,35,1.63,35,1.49,34,0.63
M,550,Amad,4.4,4.4,Man Utd,0,0.00,0,0.00,0,0.00,0,0.00,0,0.00,0,0.00,0,0.00,0,0.00,0,0.00
M,551,Iqbal,4.3,4.3,Man Utd,0,0.00,0,0.00,0,0.00,0,0.00,0,0.00,0,0.00,0,0.00,0,0.00,0,0.00
M,552,Anderson,4.4,4.4,Newcastle,6,0.30,6,0.27,6,0.28,6,0.24,5,0.22,4,0.04,3,0.13,4,0.15,4,0.15
M,553,Hammond,4.3,4.3,Nott'm Forest,0,0.00,0,0.00,0,0.00,0,0.00,0,0.00,0,0.00,0,0.00,0,0.00,0,0.00
M,554,Bryan,5.0,5.0,Spurs,18,1.85,12,0.70,3,0.16,3,0.17,3,0.26,3,0.17,3,0.17,4,0.28,3,0.05
D,555,Ashby,3.9,3.9,West Ham,1,0.03,0,0.00,1,0.00,1,0.00,1,0.00,1,0.00,1,0.00,2,0.03,2,0.00
M,556,Coventry,4.4,4.4,West Ham,0,0.00,1,0.00,1,0.04,1,0.04,1,0.04,2,0.04,2,0.08,3,0.09,3,0.02
G,557,Smith,3.9,3.9,Wolves,0,0.00,0,0.00,0,0.00,0,0.00,0,0.00,0,0.00,0,0.00,0,0.00,0,0.00
D,558,Bueno,3.9,3.9,Wolves,72,2.72,65,1.11,59,1.40,57,2.20,56,2.68,55,1.76,54,1.96,56,1.37,54,1.15
D,559,Colwill,4.4,4.4,Brighton,79,2.02,59,2.07,27,1.33,25,0.93,29,1.20,28,0.17,30,1.25,29,1.05,28,0.25
M,560,Mills,4.4,4.4,Everton,1,0.00,3,0.13,3,0.09,2,0.04,1,0.00,0,0.00,1,0.00,1,0.00,0,0.00
M,561,Warrington,4.4,4.4,Everton,0,0.00,0,0.00,0,0.00,0,0.00,0,0.00,0,0.00,0,0.00,0,0.00,0,0.00
M,562,Solomon,4.9,4.9,Fulham,7,0.32,10,0.54,11,0.48,12,0.70,13,0.64,14,0.73,15,0.76,17,0.77,16,0.24
D,563,Chambers,4.0,4.0,Liverpool,0,0.00,0,0.00,0,0.00,1,0.00,1,0.03,1,0.00,0,0.00,0,0.00,1,0.00
M,564,Bajcetic,4.4,4.4,Liverpool,0,0.00,1,0.00,2,0.04,1,0.05,2,0.04,1,0.04,1,0.00,1,0.00,1,0.00
M,565,Gray,4.5,4.5,Leeds,0,0.00,0,0.00,0,0.00,0,0.00,0,0.00,0,0.00,0,0.00,0,0.00,0,0.00
M,566,Hodge,4.4,4.4,Wolves,17,0.67,19,0.63,19,0.68,19,0.78,18,0.76,16,0.60,17,0.82,17,0.59,17,0.34
M,567,Ronan,4.4,4.4,Wolves,0,0.00,0,0.00,1,0.00,0,0.00,1,0.05,0,0.00,1,0.00,0,0.00,1,0.00
M,568,Campbell,4.4,4.4,Wolves,1,0.00,2,0.08,3,0.13,3,0.15,3,0.10,3,0.13,3,0.11,2,0.08,3,0.05
M,569,Garnacho,4.2,4.2,Man Utd,26,2.55,18,0.86,16,1.63,18,1.09,19,1.23,19,0.23,20,1.00,21,1.39,20,0.27
M,570,Garner,4.5,4.5,Everton,0,0.00,0,0.00,6,0.20,19,0.55,24,1.15,22,0.79,25,0.88,25,0.91,28,0.85
G,571,Randolph,4.0,4.0,West Ham,1,0.00,0,0.00,0,0.00,0,0.00,0,0.00,0,0.00,0,0.00,0,0.00,0,0.00
M,572,Oko-Flex,4.4,4.4,West Ham,0,0.00,0,0.00,0,0.00,0,0.00,0,0.00,0,0.00,0,0.00,0,0.00,0,0.00
D,573,Lewis,3.9,3.9,Man City,40,3.59,52,3.14,50,2.08,45,4.21,39,2.11,40,2.29,39,1.98,39,2.06,37,0.42
G,574,Neto,4.5,4.5,Bournemouth,29,1.05,54,2.23,87,3.10,86,3.15,85,3.23,83,2.94,84,2.95,82,2.86,83,2.97
M,575,Cornet,5.9,5.9,West Ham,6,0.27,18,1.00,26,1.19,30,1.45,35,1.51,33,1.46,33,1.46,32,1.68,34,0.26
D,576,Senesi,4.5,4.5,Bournemouth,78,1.77,73,2.54,71,1.30,65,1.50,68,1.84,68,1.10,67,1.08,65,1.12,66,1.45
M,577,Onana,4.8,4.8,Everton,83,2.93,83,2.45,77,2.27,74,2.00,74,3.13,73,2.44,70,2.32,68,2.36,67,1.93
G,578,Robles,4.0,4.0,Leeds,1,0.00,1,0.04,3,0.14,2,0.04,3,0.08,2,0.07,3,0.11,3,0.11,3,0.04
M,579,Guedes,5.9,5.9,Wolves,28,1.66,26,1.16,28,1.41,27,1.71,28,1.85,28,1.47,23,1.64,24,1.17,24,0.78
M,580,Damsgaard,5.1,5.1,Brentford,22,1.33,22,1.21,23,1.46,23,1.04,25,1.43,28,0.26,26,1.52,29,1.54,28,0.73
G,581,Smithies,4.0,4.0,Leicester,0,0.00,0,0.00,0,0.00,0,0.00,0,0.00,0,0.00,1,0.00,1,0.00,0,0.00
M,582,Freuler,4.9,4.9,Nott'm Forest,80,2.53,79,2.47,75,2.47,74,2.16,73,1.91,73,1.66,71,2.33,71,1.93,70,2.01
M,583,Kouyaté,4.5,4.5,Nott'm Forest,0,0.00,0,0.00,0,0.00,0,0.00,0,0.00,3,0.10,16,0.64,25,0.86,31,1.08
M,584,Clark,4.5,4.5,Liverpool,0,0.00,0,0.00,0,0.00,0,0.00,0,0.00,0,0.00,0,0.00,0,0.00,0,0.00
F,585,Dennis,5.7,5.7,Nott'm Forest,31,1.69,28,1.51,27,1.52,26,1.25,24,1.02,24,0.90,23,1.28,22,0.99,22,1.04
D,586,Estupiñán,4.5,4.5,Brighton,72,2.23,70,2.93,65,3.71,66,2.80,63,3.06,67,0.46,65,3.08,64,2.64,62,0.61
D,587,Sergio Gómez,4.5,4.5,Man City,12,1.12,8,0.45,8,0.30,8,0.71,9,0.48,9,0.43,10,0.45,9,0.41,9,0.10
D,588,Kehrer,4.5,4.5,West Ham,85,2.81,69,2.83,78,1.85,77,2.42,78,1.74,76,2.61,75,1.91,76,2.75,73,0.24
M,589,Matheus,4.8,4.8,Wolves,66,2.51,67,1.92,63,2.13,60,2.58,59,2.58,59,2.11,59,2.67,57,1.86,57,1.23
G,590,Whitworth,4.0,4.0,Crystal Palace,0,0.00,0,0.00,0,0.00,0,0.00,0,0.00,0,0.00,0,0.00,0,0.00,0,0.00
F,591,Ablade,4.5,4.5,Fulham,0,0.00,0,0.00,1,0.00,1,0.08,2,0.07,2,0.08,2,0.07,3,0.13,2,0.02
G,592,H.Davies,4.0,4.0,Liverpool,0,0.00,0,0.00,0,0.00,0,0.00,0,0.00,0,0.00,0,0.00,0,0.00,0,0.00
M,593,Casemiro,4.9,4.9,Man Utd,79,4.95,69,2.06,73,4.56,74,2.65,69,2.71,67,0.52,68,2.03,66,2.71,69,0.60
F,594,Isak,6.6,6.6,Newcastle,30,2.11,38,2.32,41,2.69,52,3.40,51,2.91,53,0.70,52,2.26,53,3.45,53,3.25
D,595,Zanka,4.0,4.0,Brentford,51,2.26,19,0.61,18,0.73,21,0.47,17,0.65,21,0.10,21,0.79,22,0.79,22,0.37
F,596,Ferguson,4.5,4.5,Brighton,58,2.73,42,1.99,27,1.61,19,1.04,20,1.15,17,0.18,21,1.15,20,1.08,23,0.31
F,597,Saydee,4.5,4.5,Bournemouth,0,0.00,0,0.00,0,0.00,0,0.00,0,0.00,0,0.00,0,0.00,0,0.00,0,0.00
D,598,Bevan,4.0,4.0,Bournemouth,0,0.00,0,0.00,0,0.00,0,0.00,0,0.00,0,0.00,0,0.00,0,0.00,0,0.00
M,599,Gomes,4.5,4.5,Man City,0,0.00,0,0.00,0,0.00,0,0.00,0,0.00,0,0.00,0,0.00,0,0.00,0,0.00
M,600,Knight,4.5,4.5,Man City,0,0.00,0,0.00,0,0.00,0,0.00,1,0.00,1,0.00,1,0.00,0,0.00,1,0.00
M,601,Rodney,4.5,4.5,Crystal Palace,0,0.00,0,0.00,0,0.00,0,0.00,0,0.00,0,0.00,0,0.00,0,0.00,1,0.00
D,602,Renan Lodi,4.3,4.3,Nott'm Forest,72,2.63,66,2.40,63,2.37,65,1.87,62,1.16,64,1.43,60,2.44,59,1.20,60,1.71
M,603,Paquetá,5.9,5.9,West Ham,76,3.28,75,3.76,72,2.66,69,2.91,68,2.62,69,2.92,70,2.75,70,3.34,67,0.43
M,604,Phillips,4.5,4.5,Crystal Palace,0,0.00,0,0.00,0,0.00,0,0.00,0,0.00,0,0.00,0,0.00,0,0.00,0,0.00
D,605,Welch,4.0,4.0,Everton,1,0.00,1,0.03,2,0.05,2,0.02,2,0.04,2,0.03,0,0.00,0,0.00,1,0.00
M,606,Vale,4.5,4.5,Chelsea,0,0.00,0,0.00,0,0.00,0,0.00,0,0.00,0,0.00,0,0.00,0,0.00,0,0.00
M,607,Smith,4.5,4.5,Arsenal,0,0.00,0,0.00,0,0.00,0,0.00,0,0.00,0,0.00,0,0.00,0,0.00,0,0.00
F,608,Kalajdžić,5.3,5.3,Wolves,0,0.00,0,0.00,0,0.00,0,0.00,0,0.00,0,0.00,0,0.00,0,0.00,0,0.00
M,609,Antony,7.4,7.4,Man Utd,80,6.49,75,2.89,75,6.43,73,3.54,71,3.79,73,0.77,72,2.78,71,4.03,70,0.80
D,610,Akanji,5.0,5.0,Man City,67,5.35,56,3.02,52,1.97,46,3.87,43,2.13,44,2.25,40,1.85,40,1.89,39,0.40
M,611,Gueye,4.9,4.9,Everton,82,2.76,79,2.32,76,2.18,70,1.88,70,2.83,69,2.26,68,2.17,67,2.19,68,1.90
D,612,Faes,4.4,4.4,Leicester,86,2.85,83,2.46,81,2.14,79,2.10,75,1.33,76,1.72,76,2.47,73,2.11,71,0.82
D,613,Kurzawa,4.3,4.3,Fulham,72,1.69,9,0.27,12,0.33,14,0.58,13,0.40,15,0.66,15,0.48,16,0.49,15,0.11
M,614,Willian,5.5,5.5,Fulham,76,3.02,73,3.50,70,2.77,67,3.82,68,2.82,67,3.58,64,2.93,64,2.69,66,0.84
G,615,Kovár,4.0,4.0,Man Utd,0,0.00,0,0.00,0,0.00,0,0.00,0,0.00,0,0.00,0,0.00,0,0.00,0,0.00
M,616,Zakaria,5.0,5.0,Chelsea,46,1.67,55,1.62,47,1.75,40,1.34,43,1.68,42,1.33,42,1.62,37,1.29,35,1.34
F,617,Aubameyang,8.6,8.6,Chelsea,50,3.11,54,2.64,48,3.11,30,1.80,32,2.29,32,1.75,28,2.08,30,1.90,26,1.82
F,618,Vinícius,5.4,5.4,Fulham,8,0.44,12,0.68,13,0.68,17,1.08,16,0.87,18,1.11,21,1.12,19,0.96,17,0.28
F,619,Gnonto,5.0,5.0,Leeds,74,2.64,68,2.73,57,3.51,44,1.76,36,1.55,30,1.19,32,1.25,31,1.40,32,0.70
M,620,Arthur,4.8,4.8,Liverpool,0,0.00,0,0.00,1,0.00,4,0.17,5,0.21,8,0.36,8,0.43,8,0.34,9,0.13
D,621,Badé,4.5,4.5,Nott'm Forest,0,0.00,0,0.00,0,0.00,0,0.00,0,0.00,0,0.00,0,0.00,0,0.00,0,0.00
D,622,Larios,4.0,4.0,Southampton,0,0.00,3,0.11,15,0.44,21,0.88,19,0.51,20,0.52,18,0.68,17,0.42,21,0.13
D,623,Caleta-Car,4.5,4.5,Southampton,57,1.75,58,1.76,27,0.72,24,0.93,21,0.46,26,0.56,28,0.97,26,0.49,25,0.13
M,624,Edozie,4.7,4.7,Southampton,47,2.13,48,2.21,37,1.63,33,1.68,32,1.32,32,1.20,33,1.66,33,1.36,33,0.31
F,625,Diego Costa,5.5,5.5,Wolves,41,2.05,43,1.60,37,1.70,37,2.16,38,2.28,35,1.70,35,2.19,33,1.41,33,1.00
G,626,Karius,4.0,4.0,Newcastle,0,0.00,0,0.00,0,0.00,0,0.00,1,0.00,0,0.00,0,0.00,0,0.00,1,0.00
G,627,Jakupović,4.0,4.0,Everton,0,0.00,0,0.00,0,0.00,0,0.00,0,0.00,0,0.00,0,0.00,0,0.00,0,0.00
D,628,Aurier,4.5,4.5,Nott'm Forest,72,2.92,68,2.70,65,2.70,63,1.94,61,1.18,61,1.48,62,2.73,60,1.32,60,1.84
M,629,Traoré,4.4,4.4,Wolves,0,0.00,0,0.00,3,0.07,13,0.49,22,0.84,25,0.88,29,1.25,28,0.90,27,0.51
M,630,Nwaneri,4.5,4.5,Arsenal,0,0.00,2,0.05,1,0.00,1,0.00,0,0.00,1,0.00,0,0.00,1,0.00,1,0.00
D,631,Sousa,4.0,4.0,Arsenal,0,0.00,0,0.00,0,0.00,1,0.00,1,0.01,1,0.04,1,0.04,1,0.04,1,0.03
M,632,Trevitt,4.5,4.5,Brentford,0,0.00,0,0.00,0,0.00,0,0.00,0,0.00,0,0.00,0,0.00,0,0.00,0,0.00
G,633,Cox,4.0,4.0,Brentford,0,0.00,0,0.00,0,0.00,0,0.00,0,0.00,0,0.00,0,0.00,0,0.00,0,0.00
F,634,Gordon,4.5,4.5,Crystal Palace,0,0.00,0,0.00,0,0.00,0,0.00,0,0.00,0,0.00,0,0.00,0,0.00,0,0.00
G,635,Bettinelli,4.0,4.0,Chelsea,1,0.00,1,0.00,0,0.00,0,0.00,0,0.00,0,0.00,0,0.00,0,0.00,0,0.00
D,636,Parkes,4.0,4.0,Fulham,1,0.00,0,0.00,1,0.00,0,0.00,2,0.03,0,0.00,0,0.00,1,0.00,1,0.00
D,637,John,4.0,4.0,Everton,1,0.00,1,0.03,2,0.02,2,0.02,2,0.06,1,0.00,1,0.00,1,0.00,1,0.00
D,638,Bogarde,4.0,4.0,Aston Villa,0,0.00,1,0.00,0,0.00,0,0.00,0,0.00,0,0.00,0,0.00,0,0.00,0,0.00
M,639,Braybrooke,4.5,4.5,Leicester,7,0.28,4,0.17,2,0.09,1,0.00,0,0.00,0,0.00,0,0.00,0,0.00,0,0.00
D,640,Turns,4.0,4.0,Brighton,0,0.00,0,0.00,1,0.00,0,0.00,1,0.00,1,0.00,1,0.05,1,0.04,1,0.01
M,641,Godo,4.5,4.5,Fulham,0,0.00,0,0.00,0,0.00,0,0.00,1,0.00,0,0.00,0,0.00,1,0.00,1,0.00
D,642,Balmer,4.0,4.0,Crystal Palace,0,0.00,0,0.00,0,0.00,0,0.00,0,0.00,0,0.00,0,0.00,0,0.00,0,0.00
M,643,Mainoo,4.5,4.5,Man Utd,0,0.00,0,0.00,0,0.00,0,0.00,0,0.00,0,0.00,0,0.00,0,0.00,0,0.00
G,644,Goodman,4.0,4.0,Crystal Palace,0,0.00,1,0.00,0,0.00,0,0.00,0,0.00,0,0.00,0,0.00,0,0.00,0,0.00
D,645,Wormleighton,4.0,4.0,Leicester,2,0.06,1,0.03,2,0.05,2,0.03,1,0.02,1,0.00,1,0.00,1,0.00,0,0.00
D,646,Crama,4.0,4.0,Brentford,0,0.00,0,0.00,0,0.00,1,0.00,1,0.00,1,0.00,1,0.00,0,0.00,1,0.00
M,647,Payne,4.5,4.5,Southampton,0,0.00,0,0.00,0,0.00,0,0.00,0,0.00,0,0.00,0,0.00,0,0.00,0,0.00
M,648,Finnigan,4.5,4.5,Southampton,0,0.00,0,0.00,0,0.00,0,0.00,0,0.00,0,0.00,0,0.00,0,0.00,0,0.00
G,649,Plain,4.0,4.0,Bournemouth,0,0.00,0,0.00,0,0.00,0,0.00,0,0.00,0,0.00,0,0.00,0,0.00,0,0.00
M,650,Yarmolyuk,4.5,4.5,Brentford,0,0.00,0,0.00,0,0.00,0,0.00,0,0.00,0,0.00,0,0.00,0,0.00,0,0.00
M,651,Moran,4.5,4.5,Brighton,1,0.05,3,0.11,3,0.12,3,0.10,4,0.17,4,0.03,3,0.11,3,0.16,4,0.04
D,652,Furlong,4.0,4.0,Brighton,0,0.00,1,0.00,0,0.00,1,0.00,1,0.00,1,0.00,1,0.04,1,0.00,1,0.01
M,653,Hutchinson,4.5,4.5,Chelsea,5,0.18,2,0.04,1,0.05,0,0.00,0,0.00,0,0.00,0,0.00,0,0.00,0,0.00
M,654,Wells-Morrison,4.5,4.5,Crystal Palace,0,0.00,0,0.00,0,0.00,0,0.00,0,0.00,0,0.00,0,0.00,0,0.00,1,0.00
G,655,Hein,4.0,4.0,Arsenal,0,0.00,0,0.00,0,0.00,0,0.00,0,0.00,0,0.00,0,0.00,0,0.00,0,0.00
G,656,Bishop,4.0,4.0,Man Utd,0,0.00,0,0.00,0,0.00,0,0.00,0,0.00,0,0.00,0,0.00,0,0.00,0,0.00
F,657,Fraser,4.5,4.5,Wolves,0,0.00,0,0.00,0,0.00,0,0.00,0,0.00,0,0.00,0,0.00,0,0.00,0,0.00
M,658,Griffiths,4.5,4.5,Wolves,0,0.00,0,0.00,0,0.00,1,0.00,1,0.05,1,0.00,0,0.00,0,0.00,0,0.00
F,659,Mateo Joseph,4.5,4.5,Leeds,0,0.00,0,0.00,0,0.00,0,0.00,0,0.00,0,0.00,0,0.00,0,0.00,0,0.00
F,660,Shoretire,4.5,4.5,Man Utd,0,0.00,0,0.00,0,0.00,0,0.00,0,0.00,0,0.00,0,0.00,0,0.00,0,0.00
M,661,Hall,4.4,4.4,Chelsea,36,1.40,31,1.02,14,0.55,7,0.25,9,0.40,8,0.32,9,0.39,8,0.33,9,0.39
F,662,Cannon,4.5,4.5,Everton,0,0.00,0,0.00,0,0.00,0,0.00,0,0.00,0,0.00,0,0.00,0,0.00,0,0.00
F,663,Perkins,4.5,4.5,Leeds,0,0.00,0,0.00,0,0.00,0,0.00,0,0.00,0,0.00,0,0.00,0,0.00,0,0.00
D,664,Lembikisa,4.0,4.0,Wolves,2,0.06,4,0.06,6,0.12,6,0.17,6,0.23,4,0.11,5,0.17,4,0.10,6,0.09
M,665,Doak,4.5,4.5,Liverpool,0,0.00,0,0.00,0,0.00,0,0.00,0,0.00,1,0.00,0,0.00,0,0.00,0,0.00
F,666,Dale Taylor,4.5,4.5,Nott'm Forest,0,0.00,0,0.00,0,0.00,0,0.00,0,0.00,0,0.00,0,0.00,0,0.00,0,0.00
M,667,Sekularac,4.5,4.5,Fulham,0,0.00,0,0.00,0,0.00,0,0.00,0,0.00,0,0.00,0,0.00,0,0.00,0,0.00
M,668,Cozier-Duberry,4.5,4.5,Arsenal,0,0.00,0,0.00,0,0.00,0,0.00,0,0.00,0,0.00,0,0.00,0,0.00,0,0.00
F,669,Mubama,4.5,4.5,West Ham,1,0.00,0,0.00,0,0.00,1,0.00,1,0.00,1,0.06,1,0.00,1,0.00,1,0.00
G,670,Marschall,4.0,4.0,Aston Villa,0,0.00,0,0.00,0,0.00,0,0.00,0,0.00,0,0.00,0,0.00,0,0.00,0,0.00
F,671,Morgan,4.5,4.5,Southampton,0,0.00,0,0.00,0,0.00,0,0.00,0,0.00,0,0.00,0,0.00,0,0.00,0,0.00
M,672,Kadan Young,4.5,4.5,Aston Villa,1,0.00,1,0.00,1,0.00,1,0.00,1,0.04,1,0.00,1,0.05,1,0.00,1,0.00
D,673,Humphreys,4.5,4.5,Chelsea,2,0.07,1,0.00,1,0.00,1,0.00,1,0.00,0,0.00,0,0.00,0,0.00,0,0.00
D,674,Bennett,4.0,4.0,Man Utd,0,0.00,0,0.00,0,0.00,0,0.00,0,0.00,0,0.00,0,0.00,0,0.00,1,0.00
G,675,Smith,4.0,4.0,Nott'm Forest,0,0.00,0,0.00,0,0.00,0,0.00,0,0.00,0,0.00,0,0.00,0,0.00,0,0.00
M,676,Ozoh,4.5,4.5,Crystal Palace,0,0.00,0,0.00,0,0.00,0,0.00,0,0.00,0,0.00,0,0.00,1,0.00,0,0.00
M,677,Hinshelwood,4.5,4.5,Brighton,0,0.00,0,0.00,0,0.00,0,0.00,0,0.00,1,0.00,0,0.00,0,0.00,0,0.00
M,678,Price,4.5,4.5,Everton,0,0.00,1,0.00,1,0.00,1,0.00,0,0.00,0,0.00,0,0.00,0,0.00,0,0.00
M,679,Buonanotte,4.5,4.5,Brighton,1,0.05,2,0.11,2,0.12,3,0.10,2,0.11,3,0.02,2,0.11,3,0.11,3,0.04
M,680,Gakpo,8.0,8.0,Liverpool,77,4.26,74,4.19,69,3.94,66,5.21,61,3.04,59,3.40,59,4.50,56,3.67,49,1.09
M,681,Scarpa,5.0,5.0,Nott'm Forest,29,1.34,24,1.11,25,1.18,27,1.11,22,0.83,20,0.69,20,0.95,21,0.83,20,0.83
F,682,Cunha,5.5,5.5,Wolves,40,2.05,46,1.67,55,2.32,53,2.78,51,2.71,48,2.17,51,2.87,51,1.95,51,1.37
M,683,Kuol,4.5,4.5,Newcastle,3,0.10,2,0.09,3,0.14,4,0.18,4,0.13,4,0.04,4,0.12,3,0.14,4,0.14
F,684,D.D.Fofana,5.0,5.0,Chelsea,27,1.63,17,0.91,9,0.64,4,0.22,4,0.26,5,0.27,5,0.33,4,0.29,4,0.25
F,685,Butler-Oyedeji,4.5,4.5,Arsenal,1,0.00,2,0.08,2,0.17,2,0.18,1,0.00,0,0.00,1,0.00,1,0.00,1,0.00
F,686,Simms,4.5,4.5,Everton,1,0.00,1,0.08,1,0.08,2,0.08,1,0.00,1,0.09,1,0.09,1,0.09,1,0.08
M,687,McAteer,4.5,4.5,Leicester,7,0.28,5,0.23,1,0.05,1,0.00,0,0.00,0,0.00,1,0.00,0,0.00,1,0.00
M,688,Schade,5.0,5.0,Brentford,17,1.25,22,1.32,30,2.08,36,1.66,38,2.33,51,0.45,50,3.08,46,2.52,49,1.29
D,689,Badiashile,5.0,5.0,Chelsea,5,0.23,6,0.15,3,0.15,3,0.09,6,0.29,9,0.29,10,0.45,12,0.43,12,0.52
F,690,João Félix,7.5,7.5,Chelsea,0,0.00,0,0.00,0,0.00,69,3.10,67,3.79,69,2.93,68,3.81,64,3.08,63,3.44
D,691,Wöber,4.5,4.5,Leeds,11,0.33,16,0.51,19,0.85,19,0.46,20,0.62,21,0.66,22,0.48,22,0.64,19,0.32
M,692,Orsic,5.5,5.5,Southampton,26,1.28,31,1.53,51,2.12,58,2.65,60,2.12,57,1.86,58,2.70,56,2.01,56,0.46
G,10023,Alfie Whiteman,99.9,99.9,Spurs,0,0.00,0,0.00,0,0.00,0,0.00,0,0.00,0,0.00,0,0.00,0,0.00,0,0.00
F,10090,Leonardo Campana,99.9,99.9,Wolves,0,0.00,0,0.00,1,0.00,1,0.00,1,0.00,1,0.00,0,0.00,0,0.00,0,0.00
G,10104,Mark Gillespie,99.9,99.9,Newcastle,0,0.00,0,0.00,0,0.00,0,0.00,0,0.00,0,0.00,0,0.00,0,0.00,0,0.00
G,10150,Andy Lonergan,99.9,99.9,Everton,0,0.00,0,0.00,0,0.00,0,0.00,0,0.00,0,0.00,0,0.00,1,0.00,0,0.00
D,10241,Benjamin Mendy,99.9,99.9,Man City,0,0.00,0,0.00,0,0.00,0,0.00,0,0.00,0,0.00,0,0.00,0,0.00,0,0.00
M,10249,Matty Longstaff,99.9,99.9,Newcastle,4,0.20,5,0.23,5,0.24,6,0.29,5,0.22,4,0.03,2,0.09,3,0.10,3,0.10
D,10260,Axel Tuanzebe,99.9,99.9,Man Utd,0,0.00,0,0.00,0,0.00,0,0.00,0,0.00,1,0.00,0,0.00,0,0.00,0,0.00
F,10263,Mason Greenwood,99.9,99.9,Man Utd,1,0.09,0,0.00,0,0.00,0,0.00,0,0.00,0,0.00,0,0.00,1,0.00,0,0.00
G,10264,Jed Steer,99.9,99.9,Aston Villa,0,0.00,0,0.00,0,0.00,0,0.00,0,0.00,0,0.00,0,0.00,0,0.00,0,0.00
G,10347,Adnan Kanuric,99.9,99.9,Nott'm Forest,0,0.00,0,0.00,0,0.00,0,0.00,0,0.00,0,0.00,0,0.00,0,0.00,0,0.00
M,10348,Gustavo Scarpa,99.9,99.9,Nott'm Forest,24,1.14,30,1.40,30,1.42,29,1.21,27,1.00,27,0.88,24,1.18,24,0.98,23,0.99
M,10350,Mykhaylo Mudryk,99.9,99.9,Arsenal,0,0.00,5,0.30,22,1.37,21,2.49,21,1.48,18,1.07,18,1.21,16,0.96,19,0.88
G,10351,Gabriel Slonina,99.9,99.9,Chelsea,1,0.00,1,0.00,0,0.00,0,0.00,0,0.00,0,0.00,0,0.00,0,0.00,0,0.00
D,10358,Luizão,99.9,99.9,West Ham,0,0.00,0,0.00,0,0.00,0,0.00,0,0.00,0,0.00,0,0.00,1,0.00,0,0.00
G,10359,Louie Moulden,99.9,99.9,Wolves,0,0.00,1,0.00,1,0.00,0,0.01,1,0.05,1,0.00,1,0.05,1,0.04,2,0.02
M,10360,Brandon Aguilera,99.9,99.9,Nott'm Forest,0,0.00,1,0.00,0,0.00,1,0.00,1,0.05,1,0.04,1,0.05,1,0.00,0,0.00
M,10365,Andrey Santos,99.9,99.9,Chelsea,0,0.00,0,0.00,0,0.00,0,0.00,0,0.00,0,0.00,0,0.00,0,0.00,0,0.00
M,10366,Carlos Alcaraz,99.9,99.9,Southampton,4,0.17,3,0.09,2,0.04,2,0.05,1,0.04,2,0.04,2,0.09,3,0.08,2,0.02
M,10367,Wout Weghorst,99.9,99.9,Man Utd,11,1.35,24,1.30,26,3.10,27,1.83,27,2.00,25,0.39,25,1.32,26,2.05,26,0.42
D,10369,Álex Moreno,99.9,99.9,Aston Villa,12,0.47,19,0.74,38,1.67,48,0.90,58,1.66,55,2.09,58,2.57,56,1.85,55,2.76
M,10370,Georginio Rutter,99.9,99.9,Leeds,0,0.00,1,0.00,0,0.00,1,0.00,0,0.00,0,0.00,0,0.00,0,0.00,0,0.00