Pos,ID,Name,BV,SV,Team,7_xMins,7_Pts,8_xMins,8_Pts,9_xMins,9_Pts,10_xMins,10_Pts,11_xMins,11_Pts,12_xMins,12_Pts,13_xMins,13_Pts,14_xMins,14_Pts,15_xMins,15_Pts,16_xMins,16_Pts,17_xMins,17_Pts,Elite%,Mins 4,Mins 5,Mins 6,Mins 7,Mins 8,Mins 9,Mins 10,Mins 11,Mins 12,Mins 13,Mins 14,Mins 15,EV4,EV5,EV6,EV7,EV8,EV9,EV10,EV11,EV12,EV13,EV14,EV15,Max EV,Max Mins,Sum EV,Sum Mins,Logic,PosPr,PosPrTeam
D,44,Konsa,4.5,4.5,Aston Villa,91,2.84,87,2.72,85,1.71,85,1.4,82,3.23,83,1.83,81,3.24,81,3.63,82,2.75,83,1.85,81,2.03,0.33,91,87,86,85,85,82,83,81,81,82,83,81,2.84,2.72,3.14,1.71,1.4,3.23,1.83,3.24,3.63,2.75,1.85,2.03,3.63,91,30.37,1007,TRUE,D4.5,D4.5Aston Villa
D,52,Pau,4.5,4.5,Aston Villa,89,2.75,83,2.61,78,1.6,75,1.28,76,3.04,77,1.71,73,2.94,73,3.24,71,2.49,72,1.65,72,1.82,0.01,89,83,82,78,75,76,77,73,73,71,72,72,2.75,2.61,2.99,1.6,1.28,3.04,1.71,2.94,3.24,2.49,1.65,1.82,3.24,89,28.12,921,TRUE,D4.5,D4.5Aston Villa
D,70,Kerkez,4.5,4.5,Bournemouth,82,3.04,80,1.98,75,1.66,73,2.41,72,2.6,71,2.57,70,1.96,71,2.62,68,2.7,72,1.73,69,2.77,0,82,80,78,75,73,72,71,70,71,68,72,69,3.04,1.98,2.05,1.66,2.41,2.6,2.57,1.96,2.62,2.7,1.73,2.77,3.04,82,28.09,881,TRUE,D4.5,D4.5Bournemouth
D,85,Zabarnyi,4.5,4.5,Bournemouth,89,2.7,84,1.69,81,1.45,80,2.16,80,2.31,79,2.36,78,1.67,78,2.42,78,2.49,78,1.49,76,2.53,0,89,84,83,81,80,80,79,78,78,78,78,76,2.7,1.69,1.78,1.45,2.16,2.31,2.36,1.67,2.42,2.49,1.49,2.53,2.7,89,25.05,964,TRUE,D4.5,D4.5Bournemouth
D,104,Pinnock,4.5,4.5,Brentford,90,3.46,87,2,83,2.21,82,2.7,81,2.52,81,3.28,81,1.81,79,2.22,79,1.41,80,3,81,1.87,0.05,90,87,86,83,82,81,81,81,79,79,80,81,3.46,2,3.51,2.21,2.7,2.52,3.28,1.81,2.22,1.41,3,1.87,3.51,90,29.99,990,TRUE,D4.5,D4.5Brentford
D,88,Collins,4.5,4.5,Brentford,89,3.25,83,1.83,80,2.08,78,2.53,78,2.38,75,2.93,77,1.66,76,2.11,75,1.3,75,2.72,75,1.67,0.01,89,83,80,80,78,78,75,77,76,75,75,75,3.25,1.83,3.14,2.08,2.53,2.38,2.93,1.66,2.11,1.3,2.72,1.67,3.25,89,27.6,941,TRUE,D4.5,D4.5Brentford
D,120,Dunk,4.6,4.5,Brighton,92,2.6,91,2.48,87,1.45,87,2.01,85,2.6,84,4.01,83,2.67,81,3.1,81,3.41,82,2.67,81,3.44,0.31,92,91,89,87,87,85,84,83,81,81,82,81,2.6,2.48,4.06,1.45,2.01,2.6,4.01,2.67,3.1,3.41,2.67,3.44,4.06,92,34.5,1023,TRUE,D4.5,D4.5Brighton
D,144,Van Hecke,4.5,4.5,Brighton,69,1.72,88,2.17,84,1.24,82,1.73,80,2.21,80,3.43,81,2.38,81,2.79,79,2.97,80,2.32,78,2.98,0,69,88,85,84,82,80,80,81,81,79,80,78,1.72,2.17,3.48,1.24,1.73,2.21,3.43,2.38,2.79,2.97,2.32,2.98,3.48,88,29.42,967,TRUE,D4.5,D4.5Brighton
D,162,Colwill,4.5,4.5,Chelsea,89,3.8,85,1.8,82,2.14,81,2.35,81,3.15,80,2.86,79,3.09,79,1.74,78,3.29,79,2.93,79,3.12,0.05,89,85,85,82,81,81,80,79,79,78,79,79,3.8,1.8,2.89,2.14,2.35,3.15,2.86,3.09,1.74,3.29,2.93,3.12,3.8,89,33.16,977,TRUE,D4.5,D4.5Chelsea
D,189,W.Fofana,4.5,4.5,Chelsea,80,3.41,64,1.38,66,1.72,65,1.96,63,2.48,64,2.34,66,2.66,65,1.47,64,2.68,63,2.4,65,2.62,0,80,64,62,66,65,63,64,66,65,64,63,65,3.41,1.38,2.15,1.72,1.96,2.48,2.34,2.66,1.47,2.68,2.4,2.62,3.41,80,27.27,787,TRUE,D4.5,D4.5Chelsea
D,200,Guéhi,4.4,4.4,Crystal Palace,92,1.82,90,2.9,86,2.81,85,3.03,86,2.03,85,2.49,84,2.86,84,1.69,83,2.04,83,2.04,83,2.21,0.01,92,90,87,86,85,86,85,84,84,83,83,83,1.82,2.9,2.12,2.81,3.03,2.03,2.49,2.86,1.69,2.04,2.04,2.21,3.03,92,28.04,1028,TRUE,D4.4,D4.5Crystal Palace
D,650,Lacroix,4.5,4.5,Crystal Palace,81,1.66,77,2.53,65,2.15,65,2.28,63,1.55,57,1.68,58,1.92,56,1.13,57,1.4,57,1.37,57,1.52,0,81,77,67,65,65,63,57,58,56,57,57,57,1.66,2.53,1.66,2.15,2.28,1.55,1.68,1.92,1.13,1.4,1.37,1.52,2.53,81,20.85,760,TRUE,D4.5,D4.5Crystal Palace
D,231,Mykolenko,4.3,4.3,Everton,91,2.56,86,2.76,82,2.71,81,2.18,79,2.86,81,1.65,78,3.12,80,1.54,78,1.33,78,1.97,77,0.97,0.35,91,86,82,82,81,79,81,78,80,78,78,77,2.56,2.76,2.85,2.71,2.18,2.86,1.65,3.12,1.54,1.33,1.97,0.97,3.12,91,26.5,973,TRUE,D4.3,D4.5Everton
D,238,Young,4.5,4.5,Everton,83,2.51,67,2.29,60,2.16,57,1.7,58,2.27,57,1.28,55,2.31,56,1.22,54,1.03,56,1.54,54,0.8,0,83,67,58,60,57,58,57,55,56,54,56,54,2.51,2.29,2.11,2.16,1.7,2.27,1.28,2.31,1.22,1.03,1.54,0.8,2.51,83,21.22,715,TRUE,D4.5,D4.5Everton
D,191,Andersen,4.4,4.4,Fulham,92,1.27,89,2.82,86,3.3,83,2.5,83,3.42,81,1.5,81,2.62,80,2.04,80,1.16,79,3.37,78,1.58,0.01,92,89,87,86,83,83,81,81,80,80,79,78,1.27,2.82,2.92,3.3,2.5,3.42,1.5,2.62,2.04,1.16,3.37,1.58,3.42,92,28.5,999,TRUE,D4.4,D4.5Fulham
D,255,Robinson,4.7,4.7,Fulham,86,1.23,83,2.71,80,3.22,78,2.42,76,3.24,75,1.44,74,2.53,76,2.01,75,1.16,75,3.35,74,1.55,0.05,86,83,83,80,78,76,75,74,76,75,75,74,1.23,2.71,2.88,3.22,2.42,3.24,1.44,2.53,2.01,1.16,3.35,1.55,3.35,86,27.74,935,TRUE,D4.7,D4.5Fulham
D,267,Davis,4.5,4.5,Ipswich,89,2.68,85,3.69,81,3.7,81,1.51,81,2.54,78,2.62,76,3.01,78,2.91,78,2.75,79,2.55,78,1.37,0.02,89,85,84,81,81,81,78,76,78,78,79,78,2.68,3.69,2.67,3.7,1.51,2.54,2.62,3.01,2.91,2.75,2.55,1.37,3.7,89,32,968,TRUE,D4.5,D4.5Ipswich
D,295,Justin,4.5,4.5,Leicester,88,2.58,84,2.58,78,2.38,78,1.44,76,1.75,75,2.01,76,2.48,74,2.12,74,1.41,74,2.77,71,0.75,0,88,84,81,78,78,76,75,76,74,74,74,71,2.58,2.58,2.89,2.38,1.44,1.75,2.01,2.48,2.12,1.41,2.77,0.75,2.89,88,25.16,929,TRUE,D4.5,D4.5Leicester
D,296,Kristiansen,4.5,4.5,Leicester,79,2.35,77,2.35,74,2.31,72,1.35,72,1.67,70,1.88,69,2.25,69,1.99,67,1.31,67,2.54,67,0.76,0,79,77,76,74,72,72,70,69,69,67,67,67,2.35,2.35,2.69,2.31,1.35,1.67,1.88,2.25,1.99,1.31,2.54,0.76,2.69,79,23.45,859,TRUE,D4.5,D4.5Leicester
D,355,Lewis,4.7,4.7,Man City,54,2.87,53,2.65,50,2.31,48,2.1,50,2.24,52,1.73,52,2.9,51,2.48,49,2.39,49,2.13,49,2.82,0.45,54,53,47,50,48,50,52,52,51,49,49,49,2.87,2.65,2.81,2.31,2.1,2.24,1.73,2.9,2.48,2.39,2.13,2.82,2.9,54,29.43,604,TRUE,D4.7,D4.5Man City
D,380,Martinez,4.5,4.5,Man Utd,87,2.22,81,3.28,73,2.18,72,3.15,71,2.6,70,3.01,69,1.44,69,2.88,69,1.11,69,2.53,71,2.54,0,87,81,77,73,72,71,70,69,69,69,69,71,2.22,3.28,2.39,2.18,3.15,2.6,3.01,1.44,2.88,1.11,2.53,2.54,3.28,87,29.33,878,TRUE,D4.5,D4.5Man Utd
D,395,Burn,4.4,4.4,Newcastle,84,2.9,81,2.88,77,2.04,74,2.48,73,2.74,71,2.24,73,1.67,72,2.33,70,3.03,73,2.62,65,2.17,0,84,81,80,77,74,73,71,73,72,70,73,65,2.9,2.88,1.72,2.04,2.48,2.74,2.24,1.67,2.33,3.03,2.62,2.17,3.03,84,28.82,893,TRUE,D4.4,D4.5Newcastle
D,399,Hall,4.3,4.3,Newcastle,49,1.94,49,1.99,49,1.51,47,1.84,50,2.18,50,1.85,50,1.38,50,1.88,50,2.45,47,1.95,48,1.88,0.01,49,49,50,49,47,50,50,50,50,50,47,48,1.94,1.99,1.31,1.51,1.84,2.18,1.85,1.38,1.88,2.45,1.95,1.88,2.45,50,22.16,589,TRUE,D4.3,D4.5Newcastle
D,422,Aina,4.5,4.5,Nott'm Forest,83,1.8,80,3.11,77,2.95,76,2.46,76,1.51,74,3.28,75,1.13,74,1.75,77,2.56,72,2.32,73,1.98,0.01,83,80,78,77,76,76,74,75,74,77,72,73,1.8,3.11,2.87,2.95,2.46,1.51,3.28,1.13,1.75,2.56,2.32,1.98,3.28,83,27.72,915,TRUE,D4.5,D4.5Nott'm Forest
D,436,Murillo,4.5,4.5,Nott'm Forest,91,1.69,86,3.1,82,2.84,81,2.32,81,1.45,79,3.12,80,1.06,80,1.7,79,2.43,80,2.31,80,1.89,0,91,86,84,82,81,81,79,80,80,79,80,80,1.69,3.1,2.8,2.84,2.32,1.45,3.12,1.06,1.7,2.43,2.31,1.89,3.12,91,26.71,983,TRUE,D4.5,D4.5Nott'm Forest
D,474,Sugawara,4.5,4.5,Southampton,80,1.27,78,3.51,75,3.06,73,2.39,72,1.42,71,1.71,71,1.83,71,1.64,69,1.7,70,1.87,69,2.52,0,80,78,75,75,73,72,71,71,71,69,70,69,1.27,3.51,0.84,3.06,2.39,1.42,1.71,1.83,1.64,1.7,1.87,2.52,3.51,80,23.76,874,TRUE,D4.5,D4.5Southampton
D,506,Van de Ven,4.5,4.5,Spurs,88,2.27,85,3.17,81,2.63,81,3.35,81,1.24,79,2.9,78,2.17,77,2.14,76,2.69,77,1.7,75,2.5,0.01,88,85,82,81,81,81,79,78,77,76,77,75,2.27,3.17,2.53,2.63,3.35,1.24,2.9,2.17,2.14,2.69,1.7,2.5,3.35,88,29.29,960,TRUE,D4.5,D4.5Spurs
D,520,Emerson,4.4,4.4,West Ham,78,3.48,75,1.82,72,2.47,70,3.13,70,1.73,67,1.84,66,2.5,64,2.91,66,1.98,66,2.38,63,2.47,0,78,75,72,72,70,70,67,66,64,66,66,63,3.48,1.82,2.35,2.47,3.13,1.73,1.84,2.5,2.91,1.98,2.38,2.47,3.48,78,29.06,829,TRUE,D4.4,D4.5West Ham
D,524,Kilman,4.5,4.5,West Ham,90,3.43,86,1.71,79,2.32,78,2.93,77,1.57,77,1.75,75,2.37,76,2.92,75,1.85,76,2.24,77,2.52,0,90,86,83,79,78,77,77,75,76,75,76,77,3.43,1.71,2.21,2.32,2.93,1.57,1.75,2.37,2.92,1.85,2.24,2.52,3.43,90,27.82,949,TRUE,D4.5,D4.5West Ham
D,533,Aït-Nouri,4.4,4.4,Wolves,79,2.6,77,1.57,70,2.83,67,3.15,68,2.07,64,2.43,66,2.39,65,1.99,65,2.94,64,2.37,65,2.08,0,79,77,72,70,67,68,64,66,65,65,64,65,2.6,1.57,1.94,2.83,3.15,2.07,2.43,2.39,1.99,2.94,2.37,2.08,3.15,79,28.36,822,TRUE,D4.4,D4.5Wolves
D,559,N.Semedo,4.5,4.5,Wolves,88,2.39,85,1.35,79,2.71,78,3.08,77,1.92,77,2.41,75,2.27,72,1.82,73,2.86,74,2.26,72,1.88,0,88,85,81,79,78,77,77,75,72,73,74,72,2.39,1.35,1.72,2.71,3.08,1.92,2.41,2.27,1.82,2.86,2.26,1.88,3.08,88,26.67,931,TRUE,D4.5,D4.5Wolves
D,338,Van den Berg,4,4,Brentford,70,2.57,59,1.32,55,1.47,53,1.73,54,1.68,54,2.11,53,1.21,54,1.54,55,0.99,53,1.93,52,1.2,0.02,70,59,56,55,53,54,54,53,54,55,53,52,2.57,1.32,2.19,1.47,1.73,1.68,2.11,1.21,1.54,0.99,1.93,1.2,2.57,70,19.94,668,TRUE,D4,D4Brentford
D,270,Greaves,4,4,Ipswich,91,2.12,86,2.97,83,3.04,82,1.06,81,1.94,79,2.16,78,2.49,76,2.25,76,2.15,77,1.91,77,1.05,0.45,91,86,84,83,82,81,79,78,76,76,77,77,2.12,2.97,2.13,3.04,1.06,1.94,2.16,2.49,2.25,2.15,1.91,1.05,3.04,91,25.27,970,TRUE,D4,D4Ipswich
D,291,Faes,4.1,4,Leicester,92,2.48,88,2.52,84,2.41,83,1.4,83,1.73,81,1.98,79,2.39,79,2.12,80,1.38,81,2.83,80,0.73,0.12,92,88,86,84,83,83,81,79,79,80,81,80,2.48,2.52,2.88,2.41,1.4,1.73,1.98,2.39,2.12,1.38,2.83,0.73,2.88,92,24.85,996,TRUE,D4,D4Leicester
D,461,Harwood-Bellis,4,4,Southampton,82,0.95,80,2.85,75,2.5,74,1.94,73,1.07,73,1.34,71,1.4,69,1.24,71,1.26,73,1.57,69,1.98,0.08,82,80,76,75,74,73,73,71,69,71,73,69,0.95,2.85,0.57,2.5,1.94,1.07,1.34,1.4,1.24,1.26,1.57,1.98,2.85,82,18.67,886,TRUE,D4,D4Southampton
D,6,J.Timber,5.5,5.5,Arsenal,53,3.03,42,1.76,40,1.59,44,1.56,45,2.4,42,1.88,42,1.94,45,1.95,47,2.5,45,2.03,45,2.48,0,53,42,40,40,44,45,42,42,45,47,45,45,3.03,1.76,1.5,1.59,1.56,2.4,1.88,1.94,1.95,2.5,2.03,2.48,3.03,53,24.62,530,TRUE,D5.5,D5.5Arsenal
D,340,Akanji,5.5,5.5,Man City,79,3.88,74,3.36,64,2.73,66,2.66,68,2.74,65,1.96,67,3.55,64,2.87,64,2.83,64,2.58,63,3.36,0.01,79,74,68,64,66,68,65,67,64,64,64,63,3.88,3.36,3.79,2.73,2.66,2.74,1.96,3.55,2.87,2.83,2.58,3.36,3.88,79,36.31,806,TRUE,D5.5,D5.5Man City
D,361,Rúben,5.5,5.5,Man City,78,3.76,72,3.25,63,2.63,65,2.61,63,2.48,65,1.87,63,3.23,62,2.74,63,2.73,60,2.36,62,3.31,0,78,72,67,63,65,63,65,63,62,63,60,62,3.76,3.25,3.67,2.63,2.61,2.48,1.87,3.23,2.74,2.73,2.36,3.31,3.76,78,34.64,783,TRUE,D5.5,D5.5Man City
D,415,Schär,5.4,5.4,Newcastle,90,3.14,88,3.09,84,2.23,82,2.82,82,3.17,81,2.58,83,1.86,81,2.63,82,3.63,82,2.95,78,2.66,0,90,88,85,84,82,82,81,83,81,82,82,78,3.14,3.09,1.8,2.23,2.82,3.17,2.58,1.86,2.63,3.63,2.95,2.66,3.63,90,32.56,998,TRUE,D5.4,D5.5Newcastle
D,418,Trippier,5.7,5.7,Newcastle,64,2.78,64,2.89,62,2.09,64,2.7,61,3,60,2.38,61,1.84,61,2.49,59,3.34,60,2.77,59,2.57,0,64,64,65,62,64,61,60,61,61,59,60,59,2.78,2.89,1.88,2.09,2.7,3,2.38,1.84,2.49,3.34,2.77,2.57,3.34,65,30.73,740,TRUE,D5.7,D5.5Newcastle
D,495,Pedro Porro,5.5,5.5,Spurs,89,3.25,85,4.27,82,3.69,81,4.75,79,1.7,80,3.97,79,3.13,77,3.21,77,3.89,77,2.5,76,3.34,0.32,89,85,84,82,81,79,80,79,77,77,77,76,3.25,4.27,3.53,3.69,4.75,1.7,3.97,3.13,3.21,3.89,2.5,3.34,4.75,89,41.23,966,TRUE,D5.5,D5.5Spurs
D,79,Senesi,4.8,4.8,Bournemouth,77,2.71,77,1.77,72,1.5,70,2.21,69,2.31,68,2.36,67,1.73,67,2.39,66,2.41,66,1.49,65,2.5,0,77,77,74,72,70,69,68,67,67,66,66,65,2.71,1.77,1.84,1.5,2.21,2.31,2.36,1.73,2.39,2.41,1.49,2.5,2.71,77,25.22,838,TRUE,D4.8,D5Bournemouth
D,122,Estupiñan,5,5,Brighton,71,2.42,65,2.13,60,1.28,60,1.68,59,2.15,55,3.02,58,2.17,57,2.47,58,2.73,59,2.22,59,2.87,0,71,65,65,60,60,59,55,58,57,58,59,59,2.42,2.13,3.36,1.28,1.68,2.15,3.02,2.17,2.47,2.73,2.22,2.87,3.36,71,28.5,726,TRUE,D5,D5Brighton
D,163,Cucurella,5,5,Chelsea,86,3.87,68,1.51,69,1.93,70,2.16,72,2.97,73,2.78,72,3.03,72,1.67,74,3.28,75,2.93,72,3.01,0,86,68,65,69,70,72,73,72,72,74,75,72,3.87,1.51,2.41,1.93,2.16,2.97,2.78,3.03,1.67,3.28,2.93,3.01,3.87,86,31.55,868,TRUE,D5,D5Chelsea
D,172,James,5,5,Chelsea,0,0,22,0.73,60,2.26,60,2.41,59,3.19,56,2.85,58,3.24,56,1.87,58,3.46,57,3.02,57,3.16,0,0,22,51,60,60,59,56,58,56,58,57,57,0,0.73,2.5,2.26,2.41,3.19,2.85,3.24,1.87,3.46,3.02,3.16,3.46,60,28.69,594,TRUE,D5,D5Chelsea
D,211,Muñoz,4.9,4.9,Crystal Palace,90,1.98,85,2.97,83,3.02,81,3.14,80,2.17,80,2.65,80,2.98,79,1.72,79,2.14,78,2.02,78,2.29,0.01,90,85,83,83,81,80,80,80,79,79,78,78,1.98,2.97,2.33,3.02,3.14,2.17,2.65,2.98,1.72,2.14,2.02,2.29,3.14,90,29.41,976,TRUE,D4.9,D5Crystal Palace
D,210,Mitchell,4.9,4.9,Crystal Palace,84,1.75,82,2.71,79,2.67,80,2.88,79,1.96,79,2.36,79,2.71,78,1.63,77,1.97,77,1.94,78,2.13,0,84,82,80,79,80,79,79,79,78,77,77,78,1.75,2.71,2.06,2.67,2.88,1.96,2.36,2.71,1.63,1.97,1.94,2.13,2.88,84,26.77,952,TRUE,D4.9,D5Crystal Palace
D,236,Tarkowski,4.8,4.8,Everton,92,2.46,91,2.72,87,2.75,87,2.14,86,2.91,85,1.57,85,3.18,83,1.44,84,1.25,83,1.91,84,0.87,0,92,91,89,87,87,86,85,85,83,84,83,84,2.46,2.72,2.85,2.75,2.14,2.91,1.57,3.18,1.44,1.25,1.91,0.87,3.18,92,26.05,1036,TRUE,D4.8,D5Everton
D,219,Branthwaite,4.8,4.8,Everton,90,2.33,86,2.54,83,2.57,80,1.99,81,2.72,81,1.49,82,2.96,80,1.37,80,1.2,78,1.77,80,0.82,0,90,86,83,83,80,81,81,82,80,80,78,80,2.33,2.54,2.63,2.57,1.99,2.72,1.49,2.96,1.37,1.2,1.77,0.82,2.96,90,24.39,984,TRUE,D4.8,D5Everton
D,326,Konaté,5.2,5.2,Liverpool,74,2.81,72,2.51,70,2.81,67,2.68,64,2.79,64,1.88,63,2,64,2.67,63,2.77,64,1.72,63,3.12,0,74,72,72,70,67,64,64,63,64,63,64,63,2.81,2.51,1.95,2.81,2.68,2.79,1.88,2,2.67,2.77,1.72,3.12,3.12,74,29.71,800,TRUE,D5.2,D5Liverpool
D,369,Dalot,5.1,5.1,Man Utd,90,2.6,83,3.75,77,2.57,74,3.69,73,2.95,74,3.53,72,1.62,75,3.42,73,1.29,74,3.04,72,2.87,0,90,83,78,77,74,73,74,72,75,73,74,72,2.6,3.75,2.74,2.57,3.69,2.95,3.53,1.62,3.42,1.29,3.04,2.87,3.75,90,34.07,915,TRUE,D5.1,D5Man Utd
D,593,De Ligt,5,5,Man Utd,85,2.27,80,3.28,78,2.35,75,3.35,76,2.85,74,3.21,75,1.61,73,3.06,71,1.19,71,2.66,72,2.65,0,85,80,79,78,75,76,74,75,73,71,71,72,2.27,3.28,2.51,2.35,3.35,2.85,3.21,1.61,3.06,1.19,2.66,2.65,3.35,85,30.99,909,TRUE,D5,D5Man Utd
D,505,Udogie,5,5,Spurs,59,2.06,80,3.73,77,3.19,76,4,75,1.49,74,3.39,73,2.65,73,2.67,72,3.26,72,2.1,71,2.87,0,59,80,78,77,76,75,74,73,73,72,72,71,2.06,3.73,2.99,3.19,4,1.49,3.39,2.65,2.67,3.26,2.1,2.87,4,80,34.4,880,TRUE,D5,D5Spurs
D,498,Romero,5.1,5.1,Spurs,91,2.44,87,3.43,84,2.86,81,3.6,81,1.26,82,3.12,79,2.37,82,2.33,81,2.99,80,1.81,80,2.71,0,91,87,86,84,81,81,82,79,82,81,80,80,2.44,3.43,2.76,2.86,3.6,1.26,3.12,2.37,2.33,2.99,1.81,2.71,3.6,91,31.68,994,TRUE,D5.1,D5Spurs
D,24,White,6.4,6.4,Arsenal,55,3,72,2.9,70,2.63,68,2.34,68,3.47,68,2.94,69,3,68,2.85,68,3.53,68,2.95,66,3.51,0,55,72,72,70,68,68,68,69,68,68,68,66,3,2.9,2.62,2.63,2.34,3.47,2.94,3,2.85,3.53,2.95,3.51,3.53,72,35.74,812,TRUE,D6.4,D6.5Arsenal
D,3,Gabriel,6.2,6.1,Arsenal,85,4.94,82,3.53,78,3.04,77,2.77,74,4.06,74,3.33,76,3.44,74,3.32,73,4.05,75,3.44,73,4.17,0.88,85,82,79,78,77,74,74,76,74,73,75,73,4.94,3.53,2.9,3.04,2.77,4.06,3.33,3.44,3.32,4.05,3.44,4.17,4.94,85,42.99,920,TRUE,D6.1,D6Arsenal
D,18,Saliba,6,6,Arsenal,92,4.75,88,3.31,85,3,83,2.69,84,4.13,82,3.33,79,3.28,81,3.32,80,3.97,79,3.36,79,4.07,0.22,92,88,87,85,83,84,82,79,81,80,79,79,4.75,3.31,2.91,3,2.69,4.13,3.33,3.28,3.32,3.97,3.36,4.07,4.75,92,42.12,999,TRUE,D6,D6Arsenal
D,335,Robertson,6,6,Liverpool,86,4.16,83,3.74,78,4.07,78,4.07,77,4.36,76,2.84,76,3.15,76,4.04,76,4.23,75,2.67,76,4.84,0.2,86,83,82,78,78,77,76,76,76,76,75,76,4.16,3.74,2.72,4.07,4.07,4.36,2.84,3.15,4.04,4.23,2.67,4.84,4.84,86,44.89,939,TRUE,D6,D6Liverpool
D,339,Virgil,6,6,Liverpool,92,3.74,87,3.18,84,3.56,81,3.46,82,3.73,82,2.47,82,2.72,83,3.59,80,3.68,81,2.29,80,4.15,0,92,87,85,84,81,82,82,82,83,80,81,80,3.74,3.18,2.39,3.56,3.46,3.73,2.47,2.72,3.59,3.68,2.29,4.15,4.15,92,38.96,999,TRUE,D6,D6Liverpool
D,350,Gvardiol,5.9,5.9,Man City,85,4.56,75,3.79,66,2.99,66,2.85,62,2.72,63,1.97,64,3.66,67,3.24,66,3.19,67,2.92,68,3.93,0.12,85,75,68,66,66,62,63,64,67,66,67,68,4.56,3.79,4.16,2.99,2.85,2.72,1.97,3.66,3.24,3.19,2.92,3.93,4.56,85,39.98,817,TRUE,D5.9,D6Man City
D,311,Alexander-Arnold,7.1,7,Liverpool,83,4.3,83,3.98,79,4.5,79,4.47,76,4.57,76,2.99,75,3.38,71,4.08,73,4.43,71,2.73,73,5.01,0.7,83,83,80,79,79,76,76,75,71,73,71,73,4.3,3.98,2.85,4.5,4.47,4.57,2.99,3.38,4.08,4.43,2.73,5.01,5.01,83,47.29,919,TRUE,D7,D7Liverpool
F,351,Haaland,15.3,15.3,Man City,89,7.82,85,7.24,80,5.99,79,5.63,77,6.51,78,4.59,79,7.02,79,5.73,76,6.47,77,5.26,75,7.23,0.77,89,85,82,80,79,77,78,79,79,76,77,75,7.82,7.24,8.82,5.99,5.63,6.51,4.59,7.02,5.73,6.47,5.26,7.23,8.82,89,78.31,956,TRUE,F15.3,F15.5Man City
F,473,Stewart,4.6,4.6,Southampton,20,0.94,21,1.46,23,1.47,22,1.33,22,1.16,24,1.33,24,1.31,25,1.29,24,1.41,24,1.28,27,1.67,0.05,20,21,21,23,22,22,24,24,25,24,24,27,0.94,1.46,0.96,1.47,1.33,1.16,1.33,1.31,1.29,1.41,1.28,1.67,1.67,27,15.61,277,FALSE,F4.6,F4.5Southampton
F,539,Chiwome,4.5,4.5,Wolves,4,0.24,4,0.26,5,0.32,7,0.42,7,0.37,7,0.42,6,0.36,7,0.38,7,0.42,7,0.39,7,0.38,0.01,4,4,5,5,7,7,7,6,7,7,7,7,0.24,0.26,0.3,0.32,0.42,0.37,0.42,0.36,0.38,0.42,0.39,0.38,0.42,7,4.26,73,FALSE,F4.5,F4.5Wolves
F,129,João Pedro,5.5,5.5,Brighton,22,1.41,57,3.09,67,3.04,68,3.19,68,3.74,65,4.89,66,3.53,66,4.04,65,4.09,64,3.78,64,4.22,0.38,22,57,71,67,68,68,65,66,66,65,64,64,1.41,3.09,4.87,3.04,3.19,3.74,4.89,3.53,4.04,4.09,3.78,4.22,4.89,71,43.89,743,TRUE,F5.5,F5.5Brighton
F,232,Ndiaye,5.4,5.4,Everton,74,3.2,72,3.04,69,3.01,70,2.85,69,3.12,70,2.63,67,3.11,66,2.47,67,2.16,66,2.73,65,2.09,0,74,72,72,69,70,69,70,67,66,67,66,65,3.2,3.04,3.02,3.01,2.85,3.12,2.63,3.11,2.47,2.16,2.73,2.09,3.2,74,33.43,827,TRUE,F5.4,F5.5Everton
F,252,Raúl,5.5,5.5,Fulham,65,2.58,59,3.23,56,3.38,56,2.82,52,3.3,54,2.56,54,2.96,52,2.31,53,2.26,52,3.5,53,2.55,0,65,59,56,56,56,52,54,54,52,53,52,53,2.58,3.23,2.99,3.38,2.82,3.3,2.56,2.96,2.31,2.26,3.5,2.55,3.5,65,34.44,662,TRUE,F5.5,F5.5Fulham
F,268,Delap,5.5,5.5,Ipswich,72,3.43,68,3.68,61,3.42,60,2.6,59,2.94,60,2.73,58,3.02,56,2.99,58,2.8,56,2.91,56,2.04,0,72,68,64,61,60,59,60,58,56,58,56,56,3.43,3.68,3.07,3.42,2.6,2.94,2.73,3.02,2.99,2.8,2.91,2.04,3.68,72,35.63,728,TRUE,F5.5,F5.5Ipswich
F,306,Vardy,5.7,5.7,Leicester,80,4.57,72,3.8,64,3.28,60,2.77,59,3.05,58,2.88,59,3.47,58,3.17,57,2.65,58,3.47,59,2.34,0.02,80,72,64,64,60,59,58,59,58,57,58,59,4.57,3.8,3.49,3.28,2.77,3.05,2.88,3.47,3.17,2.65,3.47,2.34,4.57,80,38.94,748,TRUE,F5.7,F5.5Leicester
F,566,Strand Larsen,5.5,5.5,Wolves,68,3.16,68,2.63,65,3.2,65,3.73,65,2.75,63,3.09,63,2.91,63,2.88,62,3.27,62,2.86,64,2.93,0,68,68,66,65,65,65,63,63,63,62,62,64,3.16,2.63,2.81,3.2,3.73,2.75,3.09,2.91,2.88,3.27,2.86,2.93,3.73,68,36.22,774,TRUE,F5.5,F5.5Wolves
F,289,Daka,4.9,4.9,Leicester,0,0,16,0.97,30,1.67,34,1.66,33,1.81,36,1.89,34,2.07,36,2.02,35,1.82,35,2.2,35,1.53,0,0,16,32,30,34,33,36,34,36,35,35,35,0,0.97,1.92,1.67,1.66,1.81,1.89,2.07,2.02,1.82,2.2,1.53,2.2,36,19.56,356,FALSE,F4.9,F5Leicester
F,27,Archer,5,5,Southampton,30,1.34,29,1.96,28,1.76,27,1.53,27,1.39,26,1.35,26,1.47,26,1.36,26,1.49,25,1.33,25,1.53,0.01,30,29,28,28,27,27,26,26,26,26,25,25,1.34,1.96,1.23,1.76,1.53,1.39,1.35,1.47,1.36,1.49,1.33,1.53,1.96,30,17.74,323,FALSE,F5,F5Southampton
F,589,Füllkrug,6.7,6.7,West Ham,23,1.58,43,2.15,43,2.32,45,2.92,45,2.42,43,2.04,45,2.72,44,2.94,45,2.53,46,2.76,44,2.76,0,23,43,46,43,45,45,43,45,44,45,46,44,1.58,2.15,2.7,2.32,2.92,2.42,2.04,2.72,2.94,2.53,2.76,2.76,2.94,46,29.84,512,TRUE,F6.7,F6.5West Ham
F,541,Cunha,6.5,6.5,Wolves,77,3.76,76,3.11,72,3.7,71,4.35,72,3.16,72,3.89,69,3.31,70,3.27,70,4.05,70,3.45,69,3.4,0,77,76,74,72,71,72,72,69,70,70,70,69,3.76,3.11,3.18,3.7,4.35,3.16,3.89,3.31,3.27,4.05,3.45,3.4,4.35,77,42.63,862,TRUE,F6.5,F6.5Wolves
F,617,Evanilson,5.9,5.9,Bournemouth,65,3.71,66,3,63,2.71,62,3.34,60,3.44,61,3.33,62,3.39,60,3.27,61,3.69,58,2.83,61,3.52,0.01,65,66,61,63,62,60,61,62,60,61,58,61,3.71,3,2.9,2.71,3.34,3.44,3.33,3.39,3.27,3.69,2.83,3.52,3.71,66,39.13,740,TRUE,F5.9,F6Bournemouth
F,110,Wissa,6,6,Brentford,0,0,0,0,0,0,0,0,27,1.36,56,3.31,68,2.96,65,3.39,65,2.81,68,3.58,64,2.87,0,0,0,0,0,0,27,56,68,65,65,68,64,0,0,0,0,0,1.36,3.31,2.96,3.39,2.81,3.58,2.87,3.58,68,20.28,413,TRUE,F6,F6Brentford
F,148,Welbeck,5.8,5.8,Brighton,66,3.76,57,2.84,49,2.11,50,2.21,47,2.44,46,3.17,48,2.4,46,2.53,47,2.74,46,2.45,46,2.86,0.01,66,57,49,49,50,47,46,48,46,47,46,46,3.76,2.84,3.08,2.11,2.21,2.44,3.17,2.4,2.53,2.74,2.45,2.86,3.76,66,32.59,597,TRUE,F5.8,F6Brighton
F,11,Nketiah,5.9,5.9,Crystal Palace,76,3.05,74,3.2,69,3.27,68,3.3,68,2.85,70,3.46,69,3.22,71,2.66,68,2.92,69,2.61,67,3.02,0,76,74,71,69,68,68,70,69,71,68,69,67,3.05,3.2,3.27,3.27,3.3,2.85,3.46,3.22,2.66,2.92,2.61,3.02,3.46,76,36.83,840,TRUE,F5.9,F6Crystal Palace
F,220,Calvert-Lewin,6,6,Everton,82,4.43,78,3.99,71,3.9,70,3.54,69,3.97,68,3.09,69,4.17,69,3.12,66,2.46,68,3.45,66,2.45,0.56,82,78,74,71,70,69,68,69,69,66,68,66,4.43,3.99,3.9,3.9,3.54,3.97,3.09,4.17,3.12,2.46,3.45,2.45,4.43,82,42.47,850,TRUE,F6,F6Everton
F,447,Wood,6.2,6.2,Nott'm Forest,84,3.56,81,3.98,77,4.2,79,3.98,77,2.77,77,4.28,78,2.73,79,3.4,78,3.83,77,3.59,77,3.75,0.19,84,81,80,77,79,77,77,78,79,78,77,77,3.56,3.98,3.96,4.2,3.98,2.77,4.28,2.73,3.4,3.83,3.59,3.75,4.28,84,44.03,944,TRUE,F6.2,F6Nott'm Forest
F,207,Mateta,7.4,7.4,Crystal Palace,78,3.45,75,3.46,72,3.66,72,3.85,69,3.15,70,3.76,69,3.53,68,2.83,70,3.23,71,2.91,70,3.36,0,78,75,73,72,72,69,70,69,68,70,71,70,3.45,3.46,3.79,3.66,3.85,3.15,3.76,3.53,2.83,3.23,2.91,3.36,3.85,78,40.98,857,TRUE,F7.4,F7.5Crystal Palace
F,82,Solanke,7.6,7.5,Spurs,88,5.05,80,5.06,76,4.85,73,5.37,73,3.04,73,4.85,72,4.27,73,4.57,71,4.96,72,3.93,71,4.08,0.57,88,80,79,76,73,73,73,72,73,71,72,71,5.05,5.06,4.48,4.85,5.37,3.04,4.85,4.27,4.57,4.96,3.93,4.08,5.37,88,54.51,901,TRUE,F7.5,F7.5Spurs
F,316,Darwin,7.2,7.2,Liverpool,46,3.01,45,2.9,46,3.34,45,3.14,47,3.54,43,2.35,44,2.84,46,3.08,47,3.25,47,2.81,43,3.51,0,46,45,45,46,45,47,43,44,46,47,47,43,3.01,2.9,2.15,3.34,3.14,3.54,2.35,2.84,3.08,3.25,2.81,3.51,3.54,47,35.92,544,TRUE,F7.2,F7Liverpool
F,389,Zirkzee,6.9,6.9,Man Utd,65,3.39,62,4.02,57,3.4,56,3.83,56,3.33,56,3.76,53,2.25,55,3.4,53,2.21,56,3.54,55,3.29,0,65,62,59,57,56,56,56,53,55,53,56,55,3.39,4.02,3.54,3.4,3.83,3.33,3.76,2.25,3.4,2.21,3.54,3.29,4.02,65,39.96,683,TRUE,F6.9,F7Man Utd
F,375,Højlund,6.9,6.9,Man Utd,33,1.93,33,2.24,38,2.4,37,2.6,37,2.29,36,2.45,39,1.72,37,2.34,37,1.66,37,2.41,36,2.22,0,33,33,36,38,37,37,36,39,37,37,37,36,1.93,2.24,2.3,2.4,2.6,2.29,2.45,1.72,2.34,1.66,2.41,2.22,2.6,39,26.56,436,TRUE,F6.9,F7Man Utd
F,401,Isak,8.3,8.3,Newcastle,45,2.8,83,5.19,77,3.71,77,4.34,76,5.36,75,4.19,75,3.97,75,4.41,73,5.41,73,4.5,73,4.59,0.06,45,83,79,77,77,76,75,75,75,73,73,73,2.8,5.19,4.22,3.71,4.34,5.36,4.19,3.97,4.41,5.41,4.5,4.59,5.41,83,52.69,881,TRUE,F8.3,F8.5Newcastle
F,4,Havertz,8.2,8.2,Arsenal,85,5.92,82,4.44,78,3.91,77,3.63,75,4.32,74,4.02,74,4.12,74,3.61,72,4.43,74,3.75,75,4.77,0.23,85,82,80,78,77,75,74,74,74,72,74,75,5.92,4.44,3.8,3.91,3.63,4.32,4.02,4.12,3.61,4.43,3.75,4.77,5.92,85,50.72,920,TRUE,F8.2,F8Arsenal
F,180,N.Jackson,7.9,7.9,Chelsea,76,4.82,72,3.26,67,3.53,66,3.06,66,4.06,63,3.8,63,4.1,61,3.19,63,4.26,61,3.58,62,3.77,0.02,76,72,68,67,66,66,63,63,61,63,61,62,4.82,3.26,4.4,3.53,3.06,4.06,3.8,4.1,3.19,4.26,3.58,3.77,4.82,76,45.83,788,TRUE,F7.9,F8Chelsea
F,58,Watkins,9.1,9.1,Aston Villa,83,4.9,82,4.21,81,3.98,79,3.43,78,4.83,78,3.92,78,5.18,77,5.77,79,4.16,76,3.44,75,4,0.06,83,82,81,81,79,78,78,78,77,79,76,75,4.9,4.21,5.2,3.98,3.43,4.83,3.92,5.18,5.77,4.16,3.44,4,5.77,83,53.02,947,TRUE,F9.1,F9Aston Villa
G,152,Arrizabalaga,4.5,4.5,Bournemouth,94,3.59,93,3.14,92,3.01,91,3.29,91,3.31,91,3.47,91,3.04,92,3.51,91,3.44,91,3.12,91,3.49,0,94,93,93,92,91,91,91,91,92,91,91,91,3.59,3.14,3.19,3.01,3.29,3.31,3.47,3.04,3.51,3.44,3.12,3.49,3.59,94,39.6,1101,TRUE,G4.5,G4.5Bournemouth
G,91,Flekken,4.5,4.5,Brentford,93,3.65,93,3.22,93,3.35,92,3.42,91,3.43,91,3.66,91,3.1,90,3.16,90,3.07,91,3.52,91,3.14,0.54,93,93,92,93,92,91,91,91,90,90,91,91,3.65,3.22,3.65,3.35,3.42,3.43,3.66,3.1,3.16,3.07,3.52,3.14,3.66,93,40.37,1098,TRUE,G4.5,G4.5Brentford
G,146,Verbruggen,4.5,4.5,Brighton,93,3.22,91,3.19,90,2.95,88,2.93,89,3.23,87,3.57,87,3.21,85,3.34,87,3.5,85,3.15,86,3.37,0.04,93,91,90,90,88,89,87,87,85,87,85,86,3.22,3.19,3.69,2.95,2.93,3.23,3.57,3.21,3.34,3.5,3.15,3.37,3.69,93,39.35,1058,TRUE,G4.5,G4.5Brighton
G,185,Sánchez,4.7,4.7,Chelsea,92,3.77,91,3.07,88,2.98,89,3.13,88,3.47,86,3.23,88,3.44,87,2.9,86,3.39,84,3.26,85,3.31,0.02,92,91,90,88,89,88,86,88,87,86,84,85,3.77,3.07,3.25,2.98,3.13,3.47,3.23,3.44,2.9,3.39,3.26,3.31,3.77,92,39.2,1054,TRUE,G4.7,G4.5Chelsea
G,201,Henderson,4.5,4.5,Crystal Palace,93,3.04,93,3.46,92,3.41,90,3.38,91,3.09,91,3.16,91,3.4,91,2.89,91,3.09,91,3,90,3.15,0.14,93,93,92,92,90,91,91,91,91,91,91,90,3.04,3.46,3.08,3.41,3.38,3.09,3.16,3.4,2.89,3.09,3,3.15,3.46,93,38.15,1096,TRUE,G4.5,G4.5Crystal Palace
G,568,Muric,4.4,4.4,Ipswich,93,3.2,92,3.45,92,3.57,92,2.92,91,3.1,91,3.28,90,3.28,90,3.22,90,3.23,90,3.04,91,2.95,0.03,93,92,92,92,92,91,91,90,90,90,90,91,3.2,3.45,3.23,3.57,2.92,3.1,3.28,3.28,3.22,3.23,3.04,2.95,3.57,93,38.47,1094,TRUE,G4.4,G4.5Ipswich
G,293,Hermansen,4.5,4.5,Leicester,94,3.32,92,3.39,92,3.35,91,2.99,92,3.09,91,3.21,91,3.31,91,3.24,90,3,90,3.44,89,2.91,0,94,92,92,92,91,92,91,91,91,90,90,89,3.32,3.39,3.52,3.35,2.99,3.09,3.21,3.31,3.24,3,3.44,2.91,3.52,94,38.77,1095,TRUE,G4.5,G4.5Leicester
G,443,Sels,4.5,4.5,Nott'm Forest,93,3.08,92,3.53,91,3.4,91,3.23,91,2.98,92,3.67,90,2.9,90,3.04,91,3.26,90,3.21,90,3.01,0.01,93,92,92,91,91,91,92,90,90,91,90,90,3.08,3.53,3.53,3.4,3.23,2.98,3.67,2.9,3.04,3.26,3.21,3.01,3.67,93,38.84,1093,TRUE,G4.5,G4.5Nott'm Forest
G,14,Ramsdale,4.4,4.4,Southampton,93,3.01,93,3.57,91,3.37,92,3.23,91,2.91,90,2.98,89,2.94,90,2.93,90,2.87,90,2.99,90,3.18,0.01,93,93,92,91,92,91,90,89,90,90,90,90,3.01,3.57,3.08,3.37,3.23,2.91,2.98,2.94,2.93,2.87,2.99,3.18,3.57,93,37.06,1091,TRUE,G4.4,G4.5Southampton
G,513,Areola,4.5,4.5,West Ham,93,3.6,92,3.05,91,3.29,91,3.57,91,3.09,91,3.05,90,3.37,91,3.53,91,3.13,90,3.17,90,3.33,0.01,93,92,92,91,91,91,91,90,91,91,90,90,3.6,3.05,3.17,3.29,3.57,3.09,3.05,3.37,3.53,3.13,3.17,3.33,3.6,93,39.35,1093,TRUE,G4.5,G4.5West Ham
G,204,Johnstone,4.4,4.4,Wolves,94,3.3,92,2.88,90,3.33,90,3.45,90,3.07,88,3.12,88,3.17,89,3.1,88,3.39,88,3.24,88,2.97,0,94,92,91,90,90,90,88,88,89,88,88,88,3.3,2.88,3.05,3.33,3.45,3.07,3.12,3.17,3.1,3.39,3.24,2.97,3.45,94,38.07,1076,TRUE,G4.4,G4.5Wolves
G,536,Bentley,4,4,Wolves,0,0,0,0,0,0,0,0,0,0,0,0,0,0,0,0,0,0,0,0,0,0,0.03,0,0,0,0,0,0,0,0,0,0,0,0,0,0,0,0,0,0,0,0,0,0,0,0,0,0,0,0,FALSE,G4,G4Wolves
G,15,Raya,5.6,5.5,Arsenal,94,4.44,93,3.73,92,3.6,92,3.52,91,4.21,91,3.79,91,3.79,91,3.82,90,4.24,91,3.9,90,4.29,0.24,94,93,92,92,92,91,91,91,91,90,91,90,4.44,3.73,3.56,3.6,3.52,4.21,3.79,3.79,3.82,4.24,3.9,4.29,4.44,94,46.89,1098,TRUE,G5.5,G5.5Arsenal
G,310,A.Becker,5.5,5.5,Liverpool,94,3.84,93,3.61,92,3.8,91,3.74,92,3.91,92,3.34,91,3.46,90,3.87,90,3.88,90,3.19,90,4.12,0.01,94,93,93,92,91,92,92,91,90,90,90,90,3.84,3.61,3.44,3.8,3.74,3.91,3.34,3.46,3.87,3.88,3.19,4.12,4.12,94,44.2,1098,TRUE,G5.5,G5.5Liverpool
G,347,Ederson M.,5.5,5.5,Man City,93,4.08,90,3.8,89,3.62,89,3.53,87,3.42,88,3.12,87,4,85,3.57,85,3.5,85,3.38,85,3.97,0.05,93,90,90,89,89,87,88,87,85,85,85,85,4.08,3.8,4.27,3.62,3.53,3.42,3.12,4,3.57,3.5,3.38,3.97,4.27,93,44.26,1053,TRUE,G5.5,G5.5Man City
G,47,Martinez,5,5,Aston Villa,94,3.39,93,3.47,91,3.02,91,2.98,90,3.62,91,3.15,91,3.59,91,3.8,90,3.51,90,3.02,91,3.18,0.01,94,93,92,91,91,90,91,91,91,90,90,91,3.39,3.47,3.57,3.02,2.98,3.62,3.15,3.59,3.8,3.51,3.02,3.18,3.8,94,40.3,1095,TRUE,G5,G5Aston Villa
G,235,Pickford,4.8,4.8,Everton,94,3.25,93,3.46,92,3.37,91,3.19,91,3.43,91,3.01,91,3.53,90,2.85,90,2.89,91,3.03,90,2.88,0,94,93,91,92,91,91,91,91,90,90,91,90,3.25,3.46,3.33,3.37,3.19,3.43,3.01,3.53,2.85,2.89,3.03,2.88,3.53,94,38.22,1095,TRUE,G4.8,G5Everton
G,248,Leno,5,5,Fulham,94,3.1,93,3.41,91,3.64,90,3.32,90,3.65,91,3.02,91,3.38,90,3.12,89,2.9,89,3.69,90,3.08,0,94,93,93,91,90,90,91,91,90,89,89,90,3.1,3.41,3.56,3.64,3.32,3.65,3.02,3.38,3.12,2.9,3.69,3.08,3.69,94,39.87,1091,TRUE,G5,G5Fulham
G,383,Onana,5,5,Man Utd,93,3.26,93,3.67,91,3.19,92,3.76,91,3.49,91,3.68,92,3.06,92,3.7,91,2.98,91,3.42,91,3.46,0,93,93,92,91,92,91,91,92,92,91,91,91,3.26,3.67,3.35,3.19,3.76,3.49,3.68,3.06,3.7,2.98,3.42,3.46,3.76,93,41.02,1100,TRUE,G5,G5Man Utd
G,413,Pope,5,5,Newcastle,94,3.46,92,3.4,91,3.13,89,3.29,90,3.37,90,3.27,90,2.96,89,3.26,91,3.68,90,3.41,90,3.23,0,94,92,92,91,89,90,90,90,89,91,90,90,3.46,3.4,3.09,3.13,3.29,3.37,3.27,2.96,3.26,3.68,3.41,3.23,3.68,94,39.55,1088,TRUE,G5,G5Newcastle
G,508,Vicario,5,5,Spurs,94,3.34,92,3.73,92,3.42,92,3.85,91,3.11,92,3.6,91,3.3,90,3.19,90,3.51,90,3.01,90,3.46,0.01,94,92,92,92,92,91,92,91,90,90,90,90,3.34,3.73,3.48,3.42,3.85,3.11,3.6,3.3,3.19,3.51,3.01,3.46,3.85,94,41,1096,TRUE,G5,G5Spurs
M,182,Palmer,10.7,10.7,Chelsea,88,7.08,84,4.42,83,5.09,81,4.63,78,5.92,78,5.9,77,6.09,77,4.66,74,6.31,77,5.39,76,5.89,0.11,88,84,83,83,81,78,78,77,77,74,77,76,7.08,4.42,6.55,5.09,4.63,5.92,5.9,6.09,4.66,6.31,5.39,5.89,7.08,88,67.93,956,TRUE,M10.7,M10.5Chelsea
M,17,Saka,10.1,10,Arsenal,84,7.72,82,5.58,79,4.96,81,4.76,77,5.76,77,5.05,75,5.34,76,4.68,73,5.95,76,4.78,75,6.22,0.95,84,82,81,79,81,77,77,75,76,73,76,75,7.72,5.58,4.83,4.96,4.76,5.76,5.05,5.34,4.68,5.95,4.78,6.22,7.72,84,65.63,936,TRUE,M10,M10Arsenal
M,503,Son,9.9,9.9,Spurs,47,2.96,87,6.06,85,5.87,84,6.76,83,3.67,83,5.94,85,5.29,84,5.61,82,6.09,83,4.79,82,5.14,0.01,47,87,86,85,84,83,83,85,84,82,83,82,2.96,6.06,5.25,5.87,6.76,3.67,5.94,5.29,5.61,6.09,4.79,5.14,6.76,87,63.43,971,TRUE,M9.9,M10Spurs
M,328,M.Salah,12.8,12.6,Liverpool,88,6.48,84,6.29,81,6.99,81,6.66,79,6.87,77,4.81,77,5.61,77,6.05,78,6.65,79,5.33,79,7.91,0.26,88,84,83,81,81,79,77,77,77,78,79,79,6.48,6.29,4.41,6.99,6.66,6.87,4.81,5.61,6.05,6.65,5.33,7.91,7.91,88,74.06,963,TRUE,M12.6,M12.5Liverpool
M,111,Yarmoliuk,4.4,4.4,Brentford,38,1.59,23,0.95,13,0.54,12,0.55,12,0.53,12,0.55,12,0.51,12,0.56,13,0.55,15,0.67,14,0.58,0,38,23,14,13,12,12,12,12,12,13,15,14,1.59,0.95,0.66,0.54,0.55,0.53,0.55,0.51,0.56,0.55,0.67,0.58,1.59,38,8.24,190,FALSE,M4.4,M4.5Brentford
M,309,Winks,4.5,4.5,Leicester,82,2.46,80,2.35,78,2.24,76,2,77,2.17,74,2.03,74,2.26,75,2.18,72,1.9,74,2.36,75,1.8,0.07,82,80,77,78,76,77,74,74,75,72,74,75,2.46,2.35,2.32,2.24,2,2.17,2.03,2.26,2.18,1.9,2.36,1.8,2.46,82,26.07,914,FALSE,M4.5,M4.5Leicester
M,608,Dibling,4.6,4.6,Southampton,67,2.39,58,3.43,49,2.79,49,2.52,48,2.13,46,2.14,48,2.36,46,2.1,47,2.37,46,2.14,50,2.75,0.04,67,58,54,49,49,48,46,48,46,47,46,50,2.39,3.43,1.93,2.79,2.52,2.13,2.14,2.36,2.1,2.37,2.14,2.75,3.43,67,29.05,608,TRUE,M4.6,M4.5Southampton
M,57,Tielemans,5.5,5.5,Aston Villa,85,3.49,81,3.06,73,2.63,73,2.41,73,3.21,72,2.66,70,3.27,67,3.33,69,2.72,70,2.42,70,2.64,0,85,81,75,73,73,73,72,70,67,69,70,70,3.49,3.06,3.35,2.63,2.41,3.21,2.66,3.27,3.33,2.72,2.42,2.64,3.49,85,35.19,878,TRUE,M5.5,M5.5Aston Villa
M,48,McGinn,5.3,5.3,Aston Villa,0,0,32,1.32,77,2.88,76,2.59,73,3.47,74,2.82,73,3.55,73,3.92,75,3.09,75,2.58,73,2.88,0,0,32,66,77,76,73,74,73,73,75,75,73,0,1.32,3.12,2.88,2.59,3.47,2.82,3.55,3.92,3.09,2.58,2.88,3.92,77,32.22,767,TRUE,M5.3,M5.5Aston Villa
M,78,Semenyo,5.7,5.7,Bournemouth,84,4.26,82,3.22,78,2.99,77,3.61,73,3.67,73,3.55,72,3.5,73,3.55,74,4.01,73,3.06,73,3.79,0.46,84,82,79,78,77,73,73,72,73,74,73,73,4.26,3.22,3.32,2.99,3.61,3.67,3.55,3.5,3.55,4.01,3.06,3.79,4.26,84,42.53,911,TRUE,M5.7,M5.5Bournemouth
M,83,Tavernier,5.5,5.5,Bournemouth,76,3.87,72,2.94,70,2.76,71,3.36,71,3.6,71,3.5,70,3.37,69,3.35,68,3.78,68,2.9,67,3.5,0,76,72,72,70,71,71,71,70,69,68,68,67,3.87,2.94,3.07,2.76,3.36,3.6,3.5,3.37,3.35,3.78,2.9,3.5,3.87,76,40,845,TRUE,M5.5,M5.5Bournemouth
M,106,Schade,5.4,5.4,Brentford,69,3.8,63,2.7,55,2.55,54,3.03,46,2.31,42,2.52,39,1.81,43,2.23,42,1.81,40,2.16,38,1.73,0,69,63,58,55,54,46,42,39,43,42,40,38,3.8,2.7,3.37,2.55,3.03,2.31,2.52,1.81,2.23,1.81,2.16,1.73,3.8,69,30.02,589,TRUE,M5.4,M5.5Brentford
M,95,Jensen,5.4,5.4,Brentford,0,0,32,1.15,66,2.36,66,2.63,66,2.5,65,2.78,65,2.19,65,2.48,65,2.13,65,2.61,64,2.18,0,0,32,56,66,66,66,65,65,65,65,65,64,0,1.15,2.4,2.36,2.63,2.5,2.78,2.19,2.48,2.13,2.61,2.18,2.78,66,25.41,675,TRUE,M5.4,M5.5Brentford
M,618,Georginio,5.5,5.5,Brighton,56,2.92,45,2.16,40,1.72,41,1.81,41,2.13,41,2.77,39,1.97,40,2.17,38,2.21,42,2.18,42,2.47,0,56,45,40,40,41,41,41,39,40,38,42,42,2.92,2.16,2.47,1.72,1.81,2.13,2.77,1.97,2.17,2.21,2.18,2.47,2.92,56,26.98,505,TRUE,M5.5,M5.5Brighton
M,135,Minteh,5.5,5.5,Brighton,52,2.87,41,2.08,36,1.62,35,1.63,37,1.98,36,2.48,36,1.88,36,2.12,36,2.18,36,1.98,37,2.3,0.02,52,41,37,36,35,37,36,36,36,36,36,37,2.87,2.08,2.4,1.62,1.63,1.98,2.48,1.88,2.12,2.18,1.98,2.3,2.87,52,25.52,455,TRUE,M5.5,M5.5Brighton
M,230,McNeil,5.5,5.5,Everton,84,3.68,82,3.48,78,3.5,76,3.05,75,3.58,75,2.77,75,3.63,77,2.84,76,2.35,78,3.18,78,2.36,0.02,84,82,79,78,76,75,75,75,77,76,78,78,3.68,3.48,3.43,3.5,3.05,3.58,2.77,3.63,2.84,2.35,3.18,2.36,3.68,84,37.85,933,TRUE,M5.5,M5.5Everton
M,240,Andreas,5.3,5.3,Fulham,75,2.58,75,3.5,70,3.76,71,3.14,69,3.86,69,2.8,68,3.36,68,2.72,66,2.41,66,3.96,66,2.77,0,75,75,72,70,71,69,69,68,68,66,66,66,2.58,3.5,3.38,3.76,3.14,3.86,2.8,3.36,2.72,2.41,3.96,2.77,3.96,75,38.24,835,TRUE,M5.3,M5.5Fulham
M,247,Iwobi,5.5,5.5,Fulham,86,2.64,81,3.37,79,3.69,77,3.05,77,3.64,75,2.75,75,3.28,76,2.69,74,2.46,73,3.79,76,2.72,0,86,81,81,79,77,77,75,75,76,74,73,76,2.64,3.37,3.34,3.69,3.05,3.64,2.75,3.28,2.69,2.46,3.79,2.72,3.79,86,37.42,930,TRUE,M5.5,M5.5Fulham
M,274,Hutchinson,5.3,5.3,Ipswich,81,3.13,79,3.52,75,3.47,72,2.48,72,2.87,72,2.69,72,3.06,70,3.01,71,2.83,69,2.83,69,2.1,0,81,79,76,75,72,72,72,72,70,71,69,69,3.13,3.52,2.94,3.47,2.48,2.87,2.69,3.06,3.01,2.83,2.83,2.1,3.52,81,34.93,878,TRUE,M5.3,M5.5Ipswich
M,298,Mavididi,5.3,5.3,Leicester,66,3.41,59,2.98,56,2.73,56,2.45,54,2.61,54,2.51,55,2.89,55,2.75,53,2.32,54,2.99,54,2.03,0,66,59,56,56,56,54,54,55,55,53,54,54,3.41,2.98,2.88,2.73,2.45,2.61,2.51,2.89,2.75,2.32,2.99,2.03,3.41,66,32.55,672,TRUE,M5.3,M5.5Leicester
M,378,Mainoo,5.3,5.3,Man Utd,64,1.93,82,2.77,76,2.44,72,2.65,72,2.37,69,2.48,70,1.89,67,2.37,67,1.78,68,2.35,69,2.28,0,64,82,78,76,72,72,69,70,67,67,68,69,1.93,2.77,2.47,2.44,2.65,2.37,2.48,1.89,2.37,1.78,2.35,2.28,2.77,82,27.78,854,TRUE,M5.3,M5.5Man Utd
M,434,Hudson-Odoi,5.4,5.4,Nott'm Forest,66,2.48,62,2.79,63,3,58,2.61,57,1.93,57,2.88,55,1.86,55,2.14,55,2.41,55,2.37,54,2.32,0,66,62,61,63,58,57,57,55,55,55,55,54,2.48,2.79,2.65,3,2.61,1.93,2.88,1.86,2.14,2.41,2.37,2.32,3,66,29.44,698,TRUE,M5.4,M5.5Nott'm Forest
M,432,Elanga,5.3,5.3,Nott'm Forest,52,2.13,49,2.41,55,2.86,48,2.33,49,1.82,47,2.53,47,1.72,48,2.02,46,2.25,46,2.16,47,2.23,0,52,49,49,55,48,49,47,47,48,46,46,47,2.13,2.41,2.34,2.86,2.33,1.82,2.53,1.72,2.02,2.25,2.16,2.23,2.86,55,26.8,583,TRUE,M5.3,M5.5Nott'm Forest
M,584,Brereton Díaz,5.3,5.3,Southampton,42,1.75,47,3.08,51,3.13,50,2.71,48,2.27,49,2.39,49,2.56,47,2.27,46,2.5,48,2.34,53,3.16,0.01,42,47,51,51,50,48,49,49,47,46,48,53,1.75,3.08,1.96,3.13,2.71,2.27,2.39,2.56,2.27,2.5,2.34,3.16,3.16,53,30.12,581,TRUE,M5.3,M5.5Southampton
M,20,Thomas,5,5,Arsenal,69,2.83,51,1.81,32,1.14,33,1.13,33,1.32,33,1.22,32,1.2,34,1.21,33,1.34,34,1.24,33,1.35,0,69,51,37,32,33,33,33,32,34,33,34,33,2.83,1.81,1.27,1.14,1.13,1.32,1.22,1.2,1.21,1.34,1.24,1.35,2.83,69,17.06,454,TRUE,M5,M5Arsenal
M,54,Rogers,5.2,5.2,Aston Villa,78,3.9,75,3.33,68,2.93,68,2.59,66,3.55,70,2.96,68,3.84,69,4.27,68,3.17,67,2.61,66,2.94,0.84,78,75,72,68,68,66,70,68,69,68,67,66,3.9,3.33,3.8,2.93,2.59,3.55,2.96,3.84,4.27,3.17,2.61,2.94,4.27,78,39.89,835,TRUE,M5.2,M5Aston Villa
M,314,Carvalho,4.8,4.8,Brentford,72,4.14,63,2.85,54,2.62,55,3.11,48,2.56,41,2.61,37,1.77,35,1.99,36,1.71,35,2.08,33,1.68,0.03,72,63,56,54,55,48,41,37,35,36,35,33,4.14,2.85,3.46,2.62,3.11,2.56,2.61,1.77,1.99,1.71,2.08,1.68,4.14,72,30.58,565,TRUE,M4.8,M5Brentford
M,101,Nørgaard,4.9,4.9,Brentford,64,2.25,83,2.31,77,2.27,77,2.59,74,2.34,73,2.66,73,2.08,73,2.29,72,1.94,70,2.33,69,1.98,0,64,83,78,77,77,74,73,73,73,72,70,69,2.25,2.31,2.78,2.27,2.59,2.34,2.66,2.08,2.29,1.94,2.33,1.98,2.78,83,27.82,883,TRUE,M4.9,M5Brentford
M,149,Wieffer,4.9,4.9,Brighton,76,2.47,77,2.34,74,2.02,71,2.06,72,2.27,69,2.65,72,2.21,69,2.3,68,2.35,70,2.23,70,2.5,0,76,77,75,74,71,72,69,72,69,68,70,70,2.47,2.34,2.75,2.02,2.06,2.27,2.65,2.21,2.3,2.35,2.23,2.5,2.75,77,28.15,863,TRUE,M4.9,M5Brighton
M,168,Enzo,4.9,4.9,Chelsea,85,3.28,84,2.45,82,2.63,80,2.5,81,3.02,79,2.92,79,3.08,78,2.45,76,3.1,77,2.79,75,2.82,0,85,84,82,82,80,81,79,79,78,76,77,75,3.28,2.45,3.05,2.63,2.5,3.02,2.92,3.08,2.45,3.1,2.79,2.82,3.28,85,34.09,958,TRUE,M4.9,M5Chelsea
M,239,Adama,5.1,5.1,Fulham,71,2.44,68,3.15,62,3.25,64,2.81,63,3.39,60,2.5,60,2.9,64,2.5,60,2.18,60,3.46,60,2.45,0,71,68,66,62,64,63,60,60,64,60,60,60,2.44,3.15,3.02,3.25,2.81,3.39,2.5,2.9,2.5,2.18,3.46,2.45,3.46,71,34.05,758,TRUE,M5.1,M5Fulham
M,192,J.Ayew,5.2,5.2,Leicester,64,2.89,61,2.71,62,2.66,60,2.27,60,2.53,57,2.38,57,2.71,60,2.58,56,2.15,55,2.67,57,1.9,0,64,61,62,62,60,60,57,57,60,56,55,57,2.89,2.71,2.81,2.66,2.27,2.53,2.38,2.71,2.58,2.15,2.67,1.9,2.89,64,30.26,711,TRUE,M5.2,M5Leicester
M,323,Gravenberch,5,5,Liverpool,80,3.09,78,2.92,74,3.08,72,2.94,70,3.04,70,2.36,70,2.61,70,2.81,70,2.9,70,2.51,69,3.17,0,80,78,76,74,72,70,70,70,70,70,70,69,3.09,2.92,2.36,3.08,2.94,3.04,2.36,2.61,2.81,2.9,2.51,3.17,3.17,80,33.79,869,TRUE,M5,M5Liverpool
M,364,Amad,5,5,Man Utd,54,2.67,49,2.94,51,2.87,47,3.08,47,2.62,48,2.96,47,1.91,48,2.85,50,1.95,47,2.78,50,2.76,0,54,49,49,51,47,47,48,47,48,50,47,50,2.67,2.94,2.7,2.87,3.08,2.62,2.96,1.91,2.85,1.95,2.78,2.76,3.08,54,32.09,587,TRUE,M5,M5Man Utd
M,535,Bellegarde,5,5,Wolves,57,2.5,56,2.13,56,2.51,55,2.95,56,2.21,57,2.58,54,2.27,54,2.27,54,2.68,54,2.35,55,2.39,0,57,56,56,56,55,56,57,54,54,54,54,55,2.5,2.13,2.22,2.51,2.95,2.21,2.58,2.27,2.27,2.68,2.35,2.39,2.95,57,29.06,664,TRUE,M5,M5Wolves
M,557,Mario Jr.,5,5,Wolves,85,2.57,83,2.21,77,2.56,75,2.77,72,2.07,69,2.28,70,2.18,70,2.12,70,2.48,70,2.24,72,2.21,0,85,83,79,77,75,72,69,70,70,70,70,72,2.57,2.21,2.26,2.56,2.77,2.07,2.28,2.18,2.12,2.48,2.24,2.21,2.77,85,27.95,892,TRUE,M5,M5Wolves
M,16,Rice,6.3,6.3,Arsenal,91,4.21,87,3.21,82,2.74,81,2.6,80,3.18,80,2.87,76,2.82,76,2.63,74,3.06,75,2.68,74,3.11,0,91,87,83,82,81,80,80,76,76,74,75,74,4.21,3.21,2.73,2.74,2.6,3.18,2.87,2.82,2.63,3.06,2.68,3.11,4.21,91,35.84,959,TRUE,M6.3,M6.5Arsenal
M,28,Bailey,6.4,6.4,Aston Villa,71,3.92,65,3.21,56,2.74,56,2.39,57,3.42,55,2.65,54,3.44,55,3.9,56,2.9,53,2.37,53,2.68,0,71,65,60,56,56,57,55,54,55,56,53,53,3.92,3.21,3.68,2.74,2.39,3.42,2.65,3.44,3.9,2.9,2.37,2.68,3.92,71,37.3,691,TRUE,M6.4,M6.5Aston Villa
M,136,Mitoma,6.6,6.6,Brighton,86,4.09,80,3.38,76,2.71,76,2.87,73,3.25,73,4.34,75,3.19,73,3.58,73,3.67,73,3.33,72,3.87,0,86,80,78,76,76,73,73,75,73,73,73,72,4.09,3.38,4.3,2.71,2.87,3.25,4.34,3.19,3.58,3.67,3.33,3.87,4.34,86,42.58,908,TRUE,M6.6,M6.5Brighton
M,177,Madueke,6.6,6.6,Chelsea,65,3.88,60,2.58,63,3.11,58,2.59,57,3.27,56,3.15,58,3.54,56,2.69,58,3.67,56,3.06,60,3.48,0,65,60,60,63,58,57,56,58,56,58,56,60,3.88,2.58,3.52,3.11,2.59,3.27,3.15,3.54,2.69,3.67,3.06,3.48,3.88,65,38.54,707,TRUE,M6.6,M6.5Chelsea
M,386,Sancho,6.4,6.4,Chelsea,54,3.21,53,2.35,0,0,51,2.35,52,3,52,2.96,52,3.06,51,2.47,53,3.23,53,2.94,48,2.82,0,54,53,51,0,51,52,52,52,51,53,53,48,3.21,2.35,2.94,0,2.35,3,2.96,3.06,2.47,3.23,2.94,2.82,3.23,54,31.33,570,TRUE,M6.4,M6.5Chelsea
M,336,Szoboszlai,6.5,6.5,Liverpool,72,3.77,69,3.64,63,3.75,61,3.46,61,3.74,61,2.81,59,3.13,61,3.44,61,3.65,60,2.98,60,4.03,0,72,69,66,63,61,61,61,59,61,61,60,60,3.77,3.64,2.7,3.75,3.46,3.74,2.81,3.13,3.44,3.65,2.98,4.03,4.03,72,41.1,754,TRUE,M6.5,M6.5Liverpool
M,329,Mac Allister,6.3,6.3,Liverpool,82,3.41,81,3.36,78,3.61,79,3.54,76,3.63,76,2.79,76,3.09,76,3.32,74,3.48,74,2.84,75,3.92,0,82,81,80,78,79,76,76,76,76,74,74,75,3.41,3.36,2.57,3.61,3.54,3.63,2.79,3.09,3.32,3.48,2.84,3.92,3.92,82,39.56,927,TRUE,M6.3,M6.5Liverpool
M,625,Gündogan,6.5,6.5,Man City,74,4.15,69,3.76,61,2.98,61,2.91,60,3.12,61,2.39,59,3.34,59,2.91,60,3.17,60,2.73,59,3.48,0,74,69,64,61,61,60,61,59,59,60,60,59,4.15,3.76,4.08,2.98,2.91,3.12,2.39,3.34,2.91,3.17,2.73,3.48,4.15,74,39.02,747,TRUE,M6.5,M6.5Man City
M,571,Sávio,6.5,6.5,Man City,61,3.93,59,3.77,51,3,50,2.85,51,3.09,50,2.4,50,3.28,49,2.85,51,3.21,48,2.69,49,3.38,0,61,59,53,51,50,51,50,50,49,51,48,49,3.93,3.77,4.03,3,2.85,3.09,2.4,3.28,2.85,3.21,2.69,3.38,4.03,61,38.48,622,TRUE,M6.5,M6.5Man City
M,372,Garnacho,6.3,6.3,Man Utd,68,3.27,73,4.18,72,3.84,68,4.3,69,3.72,67,4.05,66,2.51,67,3.84,66,2.42,65,3.74,65,3.51,0,68,73,73,72,68,69,67,66,67,66,65,65,3.27,4.18,3.84,3.84,4.3,3.72,4.05,2.51,3.84,2.42,3.74,3.51,4.3,73,43.22,819,TRUE,M6.3,M6.5Man Utd
M,382,Mount,6.3,6.3,Man Utd,49,2.29,61,3.44,59,3.11,29,1.84,31,1.76,30,1.84,31,1.28,32,1.83,32,1.32,30,1.75,31,1.74,0,49,61,62,59,29,31,30,31,32,32,30,31,2.29,3.44,3.14,3.11,1.84,1.76,1.84,1.28,1.83,1.32,1.75,1.74,3.44,62,25.34,477,TRUE,M6.3,M6.5Man Utd
M,392,Barnes,6.5,6.5,Newcastle,69,3.79,59,3.31,56,2.6,56,2.96,56,3.5,54,2.85,54,2.63,55,3.09,55,3.67,55,3.16,54,3.1,0,69,59,59,56,56,56,54,54,55,55,55,54,3.79,3.31,2.83,2.6,2.96,3.5,2.85,2.63,3.09,3.67,3.16,3.1,3.79,69,37.49,682,TRUE,M6.5,M6.5Newcastle
M,394,Bruno G.,6.3,6.3,Newcastle,89,3.24,85,3.17,81,2.5,79,2.78,78,3.21,79,2.78,78,2.53,76,2.76,74,3.27,76,2.86,74,2.8,0,89,85,83,81,79,78,79,78,76,74,76,74,3.24,3.17,2.64,2.5,2.78,3.21,2.78,2.53,2.76,3.27,2.86,2.8,3.27,89,34.54,952,TRUE,M6.3,M6.5Newcastle
M,433,Gibbs-White,6.3,6.3,Nott'm Forest,79,2.98,77,3.52,79,4.01,73,3.39,72,2.39,71,3.7,70,2.26,71,2.77,69,3.1,70,3.03,68,3.05,0,79,77,75,79,73,72,71,70,71,69,70,68,2.98,3.52,3.35,4.01,3.39,2.39,3.7,2.26,2.77,3.1,3.03,3.05,4.01,79,37.55,874,TRUE,M6.3,M6.5Nott'm Forest
M,491,Johnson,6.4,6.4,Spurs,71,3.81,63,3.85,52,3.24,51,3.78,51,2.17,49,3.16,50,2.86,48,2.93,48,3.25,50,2.69,51,2.91,0,71,63,56,52,51,51,49,50,48,48,50,51,3.81,3.85,3.1,3.24,3.78,2.17,3.16,2.86,2.93,3.25,2.69,2.91,3.85,71,37.75,640,TRUE,M6.4,M6.5Spurs
M,525,Kudus,6.3,6.3,West Ham,83,4.58,80,3,76,3.24,74,3.89,74,3,73,2.66,72,3.42,73,3.96,72,3.1,71,3.43,71,3.55,0,83,80,78,76,74,74,73,72,73,72,71,71,4.58,3,3.67,3.24,3.89,3,2.66,3.42,3.96,3.1,3.43,3.55,4.58,83,41.5,897,TRUE,M6.3,M6.5West Ham
M,19,Smith Rowe,5.8,5.8,Fulham,76,2.63,73,3.55,69,3.67,68,3.12,68,3.8,67,2.79,65,3.24,67,2.67,66,2.52,67,4.01,66,2.69,0.07,76,73,71,69,68,68,67,65,67,66,67,66,2.63,3.55,3.42,3.67,3.12,3.8,2.79,3.24,2.67,2.52,4.01,2.69,4.01,76,38.11,823,TRUE,M5.8,M6Fulham
M,611,Szmodics,5.9,5.9,Ipswich,57,2.87,57,3.33,54,3.27,54,2.39,55,2.85,56,2.65,51,2.82,53,2.96,54,2.69,54,2.86,54,1.96,0,57,57,54,54,54,55,56,51,53,54,54,54,2.87,3.33,2.71,3.27,2.39,2.85,2.65,2.82,2.96,2.69,2.86,1.96,3.33,57,33.36,653,TRUE,M5.9,M6Ipswich
M,492,Kulusevski,6.2,6.2,Spurs,74,3.24,71,3.56,66,3.27,64,3.61,62,2.18,61,3.14,62,2.88,61,3.01,63,3.39,63,2.7,63,2.88,0,74,71,68,66,64,62,61,62,61,63,63,63,3.24,3.56,3.09,3.27,3.61,2.18,3.14,2.88,3.01,3.39,2.7,2.88,3.61,74,36.95,778,TRUE,M6.2,M6Spurs
M,527,L.Paquetá,5.9,5.9,West Ham,73,4.28,73,2.9,69,3.07,67,3.73,69,3.03,68,2.73,67,3.34,66,3.73,66,2.96,65,3.29,66,3.37,0,73,73,70,69,67,69,68,67,66,66,65,66,4.28,2.9,3.46,3.07,3.73,3.03,2.73,3.34,3.73,2.96,3.29,3.37,4.28,73,39.89,819,TRUE,M5.9,M6West Ham
M,550,Hee Chan,6.2,6.2,Wolves,31,1.68,32,1.57,33,1.98,36,2.48,36,1.79,35,2.1,36,1.95,36,1.95,36,2.27,36,2.06,36,1.99,0,31,32,34,33,36,36,35,36,36,36,36,36,1.68,1.57,1.71,1.98,2.48,1.79,2.1,1.95,1.95,2.27,2.06,1.99,2.48,36,23.53,417,TRUE,M6.2,M6Wolves
M,99,Mbeumo,7.4,7.3,Brentford,90,6.2,85,4.39,82,4.33,82,5.34,80,4.57,76,5.43,77,3.81,75,4.59,76,3.72,75,4.71,75,3.79,0.95,90,85,83,82,82,80,76,77,75,76,75,75,6.2,4.39,5.9,4.33,5.34,4.57,5.43,3.81,4.59,3.72,4.71,3.79,6.2,90,56.78,956,TRUE,M7.3,M7.5Brentford
M,317,Diogo J.,7.5,7.5,Liverpool,53,3.48,52,3.3,48,3.49,49,3.45,47,3.61,50,2.68,49,3.08,47,3.23,49,3.54,47,2.81,47,3.98,0.02,53,52,50,48,49,47,50,49,47,49,47,47,3.48,3.3,2.4,3.49,3.45,3.61,2.68,3.08,3.23,3.54,2.81,3.98,3.98,53,39.05,588,TRUE,M7.5,M7.5Liverpool
M,398,Gordon,7.3,7.3,Newcastle,88,4.9,83,4.26,79,3.2,80,3.75,79,4.65,78,3.68,79,3.43,77,3.92,77,4.8,75,3.92,75,3.91,0,88,83,81,79,80,79,78,79,77,77,75,75,4.9,4.26,3.46,3.2,3.75,4.65,3.68,3.43,3.92,4.8,3.92,3.91,4.9,88,47.88,951,TRUE,M7.3,M7.5Newcastle
M,494,Maddison,7.5,7.5,Spurs,76,4.05,73,4.44,69,4.11,69,4.78,70,2.75,67,4.11,68,3.78,68,3.95,67,4.23,68,3.38,66,3.6,0,76,73,71,69,69,70,67,68,68,67,68,66,4.05,4.44,3.83,4.11,4.78,2.75,4.11,3.78,3.95,4.23,3.38,3.6,4.78,76,47.01,832,TRUE,M7.5,M7.5Spurs
M,514,Bowen,7.4,7.4,West Ham,87,5.61,84,3.61,81,3.99,80,4.92,79,3.74,79,3.36,78,4.28,78,5.03,77,3.86,78,4.31,79,4.57,0.01,87,84,82,81,80,79,79,78,78,77,78,79,5.61,3.61,4.44,3.99,4.92,3.74,3.36,4.28,5.03,3.86,4.31,4.57,5.61,87,51.72,962,TRUE,M7.4,M7.5West Ham
M,9,Martinelli,6.9,6.9,Arsenal,67,5.13,57,3.46,50,2.84,59,3.1,47,3.13,45,2.79,44,2.81,46,2.62,45,3.15,43,2.53,44,3.18,0,67,57,51,50,59,47,45,44,46,45,43,44,5.13,3.46,2.77,2.84,3.1,3.13,2.79,2.81,2.62,3.15,2.53,3.18,5.13,67,37.51,598,TRUE,M6.9,M7Arsenal
M,23,Trossard,6.9,6.9,Arsenal,69,5.35,56,3.52,38,2.26,45,2.47,39,2.66,37,2.33,36,2.36,36,2.17,38,2.72,38,2.26,37,2.69,0,69,56,43,38,45,39,37,36,36,38,38,37,5.35,3.52,2.42,2.26,2.47,2.66,2.33,2.36,2.17,2.72,2.26,2.69,5.35,69,33.21,512,TRUE,M6.9,M7Arsenal
M,199,Eze,6.8,6.8,Crystal Palace,88,4.01,85,4.25,82,4.56,79,4.5,78,3.69,78,4.58,78,4.37,78,3.32,77,3.71,77,3.38,79,4.03,0.41,88,85,83,82,79,78,78,78,78,77,77,79,4.01,4.25,4.53,4.56,4.5,3.69,4.58,4.37,3.32,3.71,3.38,4.03,4.58,88,48.93,962,TRUE,M6.8,M7Crystal Palace
M,385,Rashford,6.9,6.9,Man Utd,65,3.8,61,4.5,62,4.22,58,4.49,57,3.7,59,4.28,57,2.56,57,3.95,56,2.46,59,4.09,57,3.64,0,65,61,61,62,58,57,59,57,57,56,59,57,3.8,4.5,4.08,4.22,4.49,3.7,4.28,2.56,3.95,2.46,4.09,3.64,4.5,65,45.77,709,TRUE,M6.9,M7Man Utd
M,13,Ødegaard,8.2,8.2,Arsenal,0,0,35,1.98,84,4.31,82,3.91,82,5.08,82,4.51,82,4.74,80,4.11,80,5.25,82,4.32,81,5.34,0,0,35,72,84,82,82,82,82,80,80,82,81,0,1.98,3.49,4.31,3.91,5.08,4.51,4.74,4.11,5.25,4.32,5.34,5.34,84,47.04,842,TRUE,M8.2,M8Arsenal
M,327,Luis Díaz,8,8,Liverpool,74,4.28,66,3.82,64,4.22,64,4.11,63,4.41,61,3.01,62,3.56,62,3.92,60,3.95,61,3.31,63,4.77,0.34,74,66,67,64,64,63,61,62,62,60,61,63,4.28,3.82,2.91,4.22,4.11,4.41,3.01,3.56,3.92,3.95,3.31,4.77,4.77,74,46.27,767,TRUE,M8,M8Liverpool
M,366,B.Fernandes,8.2,8.2,Man Utd,88,4.19,86,4.89,82,4.35,78,5.85,77,4.74,76,5.42,78,3.19,76,5.04,76,3.11,76,5.17,76,4.62,0.37,88,86,83,82,78,77,76,78,76,76,76,76,4.19,4.89,4.38,4.35,5.85,4.74,5.42,3.19,5.04,3.11,5.17,4.62,5.85,88,54.95,952,TRUE,M8.2,M8Man Utd
M,345,De Bruyne,9.5,9.5,Man City,0,0,16,1.17,71,4.62,69,4.26,71,4.86,73,3.64,68,5.03,67,4.31,66,4.66,67,4.03,66,5.21,0,0,16,55,71,69,71,73,68,67,66,67,66,0,1.17,4.76,4.62,4.26,4.86,3.64,5.03,4.31,4.66,4.03,5.21,5.21,73,46.55,689,TRUE,M9.5,M9.5Man City
M,348,Foden,9.2,9.2,Man City,62,4.67,68,4.99,71,4.63,70,4.3,70,4.8,70,3.52,70,5.2,69,4.38,68,4.81,70,4.25,69,5.46,0,62,68,74,71,70,70,70,70,69,68,70,69,4.67,4.99,6.58,4.63,4.3,4.8,3.52,5.2,4.38,4.81,4.25,5.46,6.58,74,57.59,831,TRUE,M9.2,M9Man City