Pos,ID,Name,BV,SV,Team,8_xMins,8_Pts,9_xMins,9_Pts,10_xMins,10_Pts,11_xMins,11_Pts,12_xMins,12_Pts,13_xMins,13_Pts,14_xMins,14_Pts,15_xMins,15_Pts,16_xMins,16_Pts,17_xMins,17_Pts,18_xMins,18_Pts,Elite%,Mins 4,Mins 5,Mins 6,Mins 7,Mins 8,Mins 9,Mins 10,Mins 11,Mins 12,Mins 13,Mins 14,Mins 15,EV4,EV5,EV6,EV7,EV8,EV9,EV10,EV11,EV12,EV13,EV14,EV15,Max EV,Max Mins,Sum EV,Sum Mins,Logic,PosPr,PosPrTeam
D,44,Konsa,4.5,4.5,Aston Villa,68,2,87,1.73,86,1.44,86,3.34,84,1.77,83,3.22,83,3.6,83,2.8,82,1.77,84,2.01,82,2.75,0.3,68,87,87,86,86,84,83,83,83,82,84,82,2,3.47,1.73,1.44,3.34,1.77,3.22,3.6,2.8,1.77,2.01,2.75,3.6,87,29.9,995,TRUE,D4.5,D4.5Aston Villa
D,36,Digne,4.6,4.6,Aston Villa,65,2.41,61,1.72,60,1.45,58,2.89,58,1.68,55,2.77,56,3.14,58,2.44,56,1.66,56,1.86,55,2.37,0.01,65,65,61,60,58,58,55,56,58,56,56,55,2.41,3.28,1.72,1.45,2.89,1.68,2.77,3.14,2.44,1.66,1.86,2.37,3.28,65,27.67,703,TRUE,D4.6,D4.5Aston Villa
D,70,Kerkez,4.5,4.5,Bournemouth,83,2.09,77,1.66,76,2.44,76,2.61,76,2.61,74,2.07,71,2.57,71,2.75,72,1.7,70,2.78,69,2.04,0,83,80,77,76,76,76,74,71,71,72,70,69,2.09,2.08,1.66,2.44,2.61,2.61,2.07,2.57,2.75,1.7,2.78,2.04,2.78,83,27.4,895,TRUE,D4.5,D4.5Bournemouth
D,85,Zabarnyi,4.5,4.5,Bournemouth,89,1.84,83,1.41,80,2.12,81,2.28,78,2.22,78,1.68,77,2.29,77,2.43,77,1.43,77,2.55,77,1.89,0,89,87,83,80,81,78,78,77,77,77,77,77,1.84,1.86,1.41,2.12,2.28,2.22,1.68,2.29,2.43,1.43,2.55,1.89,2.55,89,24,961,TRUE,D4.5,D4.5Bournemouth
D,104,Pinnock,4.5,4.5,Brentford,91,1.96,84,2.27,84,2.8,81,2.62,80,3.25,80,1.87,80,2.32,80,1.49,80,3.05,80,1.91,81,1.97,0.05,91,88,84,84,81,80,80,80,80,80,80,81,1.96,3.78,2.27,2.8,2.62,3.25,1.87,2.32,1.49,3.05,1.91,1.97,3.78,91,29.29,989,TRUE,D4.5,D4.5Brentford
D,88,Collins,4.5,4.5,Brentford,90,1.88,84,2.18,82,2.71,81,2.52,81,3.19,81,1.82,80,2.28,79,1.39,78,2.89,77,1.77,79,1.85,0.01,90,86,84,82,81,81,81,80,79,78,77,79,1.88,3.56,2.18,2.71,2.52,3.19,1.82,2.28,1.39,2.89,1.77,1.85,3.56,90,28.04,978,TRUE,D4.5,D4.5Brentford
D,120,Dunk,4.5,4.5,Brighton,92,2.46,89,1.56,86,1.94,85,2.59,84,3.96,84,2.6,82,3.07,81,3.38,80,2.6,81,3.37,80,2.23,0.31,92,91,89,86,85,84,84,82,81,80,81,80,2.46,4.14,1.56,1.94,2.59,3.96,2.6,3.07,3.38,2.6,3.37,2.23,4.14,92,33.9,1015,TRUE,D4.5,D4.5Brighton
D,144,Van Hecke,4.5,4.5,Brighton,0,0,35,0.57,70,1.45,83,2.27,82,3.48,81,2.34,80,2.76,79,3.04,80,2.35,79,3.06,79,2,0,0,0,35,70,83,82,81,80,79,80,79,79,0,0,0.57,1.45,2.27,3.48,2.34,2.76,3.04,2.35,3.06,2,3.48,83,23.32,748,TRUE,D4.5,D4.5Brighton
D,162,Colwill,4.6,4.6,Chelsea,89,1.81,82,2.23,82,2.49,82,3.18,79,2.91,79,3.15,78,1.86,79,3.35,79,2.98,77,3.11,75,2.95,0.06,89,86,82,82,82,79,79,78,79,79,77,75,1.81,3.04,2.23,2.49,3.18,2.91,3.15,1.86,3.35,2.98,3.11,2.95,3.35,89,33.06,967,TRUE,D4.6,D4.5Chelsea
D,189,W.Fofana,4.5,4.5,Chelsea,0,0,74,2.05,73,2.21,72,2.85,70,2.62,73,2.93,71,1.72,69,2.94,72,2.75,71,2.87,69,2.72,0,0,0,74,73,72,70,73,71,69,72,71,69,0,0,2.05,2.21,2.85,2.62,2.93,1.72,2.94,2.75,2.87,2.72,2.94,74,25.66,714,TRUE,D4.5,D4.5Chelsea
D,200,Guéhi,4.4,4.4,Crystal Palace,92,2.97,88,2.85,87,3.16,86,2.1,86,2.63,85,2.91,84,1.74,85,2.12,84,2.15,83,2.26,84,3.52,0.01,92,89,88,87,86,86,85,84,85,84,83,84,2.97,2.47,2.85,3.16,2.1,2.63,2.91,1.74,2.12,2.15,2.26,3.52,3.52,92,30.88,1033,TRUE,D4.4,D4.5Crystal Palace
D,159,Chalobah,4.4,4.4,Crystal Palace,71,2.25,75,2.47,74,2.63,73,1.77,67,2.01,65,2.2,65,1.34,64,1.61,65,1.69,65,1.76,63,2.61,0,71,80,75,74,73,67,65,65,64,65,65,63,2.25,2.22,2.47,2.63,1.77,2.01,2.2,1.34,1.61,1.69,1.76,2.61,2.63,80,24.56,827,TRUE,D4.4,D4.5Crystal Palace
D,238,Young,4.5,4.5,Everton,89,2.92,62,2.19,60,1.73,60,2.29,60,1.34,60,2.46,58,1.34,57,1.07,57,1.56,58,0.81,55,2.2,0,89,76,62,60,60,60,60,58,57,57,58,55,2.92,2.89,2.19,1.73,2.29,1.34,2.46,1.34,1.07,1.56,0.81,2.2,2.92,89,22.8,752,TRUE,D4.5,D4.5Everton
D,231,Mykolenko,4.3,4.3,Everton,0,0,72,2.36,82,2.2,81,2.9,80,1.64,79,3.06,78,1.65,79,1.28,79,1.97,78,0.94,78,2.89,0.35,0,34,72,82,81,80,79,78,79,79,78,78,0,1.29,2.36,2.2,2.9,1.64,3.06,1.65,1.28,1.97,0.94,2.89,3.06,82,22.18,820,TRUE,D4.3,D4.5Everton
D,191,Andersen,4.4,4.4,Fulham,90,2.92,88,3.38,86,2.71,84,3.46,82,1.61,82,2.76,82,2.14,81,1.34,81,3.55,78,1.61,81,2.87,0.01,90,90,88,86,84,82,82,82,81,81,78,81,2.92,2.94,3.38,2.71,3.46,1.61,2.76,2.14,1.34,3.55,1.61,2.87,3.55,90,31.29,1005,TRUE,D4.4,D4.5Fulham
D,255,Robinson,4.7,4.7,Fulham,87,2.96,81,3.25,79,2.54,77,3.28,77,1.55,76,2.66,74,2.03,73,1.28,73,3.28,73,1.55,72,2.65,0.04,87,83,81,79,77,77,76,74,73,73,73,72,2.96,2.81,3.25,2.54,3.28,1.55,2.66,2.03,1.28,3.28,1.55,2.65,3.28,87,29.84,925,TRUE,D4.7,D4.5Fulham
D,267,Davis,4.5,4.5,Ipswich,89,3.77,83,3.69,82,1.51,81,2.52,80,2.57,79,3.13,78,2.88,79,2.66,77,2.41,78,1.32,79,2.15,0.03,89,86,83,82,81,80,79,78,79,77,78,79,3.77,2.41,3.69,1.51,2.52,2.57,3.13,2.88,2.66,2.41,1.32,2.15,3.77,89,31.02,971,TRUE,D4.5,D4.5Ipswich
D,295,Justin,4.5,4.5,Leicester,89,2.77,79,2.44,77,1.48,75,1.76,76,2.05,76,2.51,75,2.18,74,1.44,74,2.74,73,0.9,74,1.24,0,89,83,79,77,75,76,76,75,74,74,73,74,2.77,3.01,2.44,1.48,1.76,2.05,2.51,2.18,1.44,2.74,0.9,1.24,3.01,89,24.52,925,TRUE,D4.5,D4.5Leicester
D,296,Kristiansen,4.5,4.5,Leicester,83,2.59,79,2.41,76,1.47,76,1.8,74,2,74,2.44,73,2.15,73,1.45,74,2.72,73,0.91,74,1.25,0,83,81,79,76,76,74,74,73,73,74,73,74,2.59,2.91,2.41,1.47,1.8,2,2.44,2.15,1.45,2.72,0.91,1.25,2.91,83,24.1,910,TRUE,D4.5,D4.5Leicester
D,355,Lewis,4.7,4.7,Man City,64,3.2,54,2.46,54,2.35,56,2.51,56,1.86,55,3.06,56,2.68,54,2.62,55,2.33,54,3.1,54,2.77,0.47,64,57,54,54,56,56,55,56,54,55,54,54,3.2,3.43,2.46,2.35,2.51,1.86,3.06,2.68,2.62,2.33,3.1,2.77,3.43,64,32.37,669,TRUE,D4.7,D4.5Man City
D,380,Martinez,4.5,4.5,Man Utd,85,3.27,78,2.22,74,3.16,72,2.59,69,2.89,71,1.4,69,2.85,71,1.07,70,2.52,70,2.39,71,2.26,0,85,83,78,74,72,69,71,69,71,70,70,71,3.27,2.56,2.22,3.16,2.59,2.89,1.4,2.85,1.07,2.52,2.39,2.26,3.27,85,29.18,883,TRUE,D4.5,D4.5Man Utd
D,395,Burn,4.4,4.4,Newcastle,87,2.9,82,2.14,79,2.66,76,2.88,74,2.38,73,1.81,72,2.34,73,3.14,74,2.66,68,2.3,62,1.53,0,87,84,82,79,76,74,73,72,73,74,68,62,2.9,2.06,2.14,2.66,2.88,2.38,1.81,2.34,3.14,2.66,2.3,1.53,3.14,87,28.8,904,TRUE,D4.4,D4.5Newcastle
D,399,Hall,4.3,4.3,Newcastle,60,2.27,62,1.84,57,2.11,59,2.5,58,2.08,57,1.56,56,2.01,58,2.77,55,2.19,53,2.01,48,1.35,0.01,60,59,62,57,59,58,57,56,58,55,53,48,2.27,1.67,1.84,2.11,2.5,2.08,1.56,2.01,2.77,2.19,2.01,1.35,2.77,62,24.36,682,TRUE,D4.3,D4.5Newcastle
D,422,Aina,4.5,4.5,Nott'm Forest,82,3.34,78,3.12,77,2.56,76,1.58,74,3.34,76,1.2,75,1.88,78,2.67,72,2.39,73,2.12,73,2.59,0.01,82,82,78,77,76,74,76,75,78,72,73,73,3.34,2.9,3.12,2.56,1.58,3.34,1.2,1.88,2.67,2.39,2.12,2.59,3.34,82,29.69,916,TRUE,D4.5,D4.5Nott'm Forest
D,436,Murillo,4.5,4.5,Nott'm Forest,90,3.36,85,3.02,82,2.46,82,1.52,81,3.34,81,1.11,80,1.77,79,2.46,79,2.36,79,2.01,78,2.52,0,90,87,85,82,82,81,81,80,79,79,79,78,3.36,2.81,3.02,2.46,1.52,3.34,1.11,1.77,2.46,2.36,2.01,2.52,3.36,90,28.74,983,TRUE,D4.5,D4.5Nott'm Forest
D,474,Sugawara,4.5,4.5,Southampton,86,3.56,81,3.31,81,2.55,80,1.59,77,1.78,76,1.92,77,1.71,76,1.85,74,1.95,75,2.72,75,2.11,0,86,83,81,81,80,77,76,77,76,74,75,75,3.56,1.15,3.31,2.55,1.59,1.78,1.92,1.71,1.85,1.95,2.72,2.11,3.56,86,26.2,941,TRUE,D4.5,D4.5Southampton
D,506,Van de Ven,4.6,4.6,Spurs,87,3.1,83,2.68,83,3.39,81,1.24,79,2.84,78,2.17,77,2.16,76,2.71,76,1.83,78,2.58,75,3.06,0.02,87,85,83,83,81,79,78,77,76,76,78,75,3.1,2.8,2.68,3.39,1.24,2.84,2.17,2.16,2.71,1.83,2.58,3.06,3.39,87,30.56,958,TRUE,D4.6,D4.5Spurs
D,520,Emerson,4.4,4.4,West Ham,78,1.75,75,2.63,72,3.31,71,1.91,69,1.93,69,2.66,68,3.07,65,2.02,66,2.43,65,2.6,64,1.67,0,78,76,75,72,71,69,69,68,65,66,65,64,1.75,2.77,2.63,3.31,1.91,1.93,2.66,3.07,2.02,2.43,2.6,1.67,3.31,78,28.75,838,TRUE,D4.4,D4.5West Ham
D,388,Wan-Bissaka,4.5,4.5,West Ham,88,1.55,83,2.48,80,3.05,79,1.7,78,1.84,78,2.51,79,3.01,80,2.01,78,2.35,78,2.57,76,1.59,0,88,86,83,80,79,78,78,79,80,78,78,76,1.55,2.59,2.48,3.05,1.7,1.84,2.51,3.01,2.01,2.35,2.57,1.59,3.05,88,27.25,963,TRUE,D4.5,D4.5West Ham
D,533,Aït-Nouri,4.4,4.4,Wolves,86,1.62,77,3.09,74,3.4,72,2.12,70,2.6,70,2.44,70,2.08,70,3.14,70,2.5,70,2.23,72,1.34,0.01,86,81,77,74,72,70,70,70,70,70,70,72,1.62,2.1,3.09,3.4,2.12,2.6,2.44,2.08,3.14,2.5,2.23,1.34,3.4,86,28.66,882,TRUE,D4.4,D4.5Wolves
D,567,Toti,4.3,4.3,Wolves,91,1.32,86,2.75,82,3.01,81,1.89,80,2.35,79,2.21,77,1.85,78,2.83,78,2.29,77,1.89,76,1.05,0,91,88,86,82,81,80,79,77,78,78,77,76,1.32,1.79,2.75,3.01,1.89,2.35,2.21,1.85,2.83,2.29,1.89,1.05,3.01,91,25.23,973,TRUE,D4.3,D4.5Wolves
D,338,Van den Berg,4,4,Brentford,83,1.74,66,1.78,64,2.13,65,2.07,64,2.52,62,1.43,61,1.8,62,1.16,61,2.29,63,1.53,61,1.43,0.02,83,72,66,64,65,64,62,61,62,61,63,61,1.74,3.05,1.78,2.13,2.07,2.52,1.43,1.8,1.16,2.29,1.53,1.43,3.05,83,22.93,784,TRUE,D4,D4Brentford
D,270,Greaves,4.1,4.1,Ipswich,89,2.98,86,3.03,85,1.14,83,1.98,81,2.14,81,2.53,78,2.21,81,2.16,79,1.93,80,1.02,80,1.67,0.47,89,89,86,85,83,81,81,78,81,79,80,80,2.98,1.96,3.03,1.14,1.98,2.14,2.53,2.21,2.16,1.93,1.02,1.67,3.03,89,24.75,992,TRUE,D4.1,D4Ipswich
D,263,Burgess,3.9,3.9,Ipswich,6,0.24,9,0.33,8,0.16,9,0.25,10,0.3,9,0.32,11,0.34,10,0.29,10,0.28,11,0.21,11,0.27,0,6,8,9,8,9,10,9,11,10,10,11,11,0.24,0.23,0.33,0.16,0.25,0.3,0.32,0.34,0.29,0.28,0.21,0.27,0.34,11,3.22,112,FALSE,D3.9,D4Ipswich
D,291,Faes,4.1,4,Leicester,91,2.67,84,2.41,84,1.44,82,1.74,83,2.03,82,2.5,83,2.21,81,1.44,80,2.78,80,0.86,81,1.23,0.12,91,88,84,84,82,83,82,83,81,80,80,81,2.67,2.92,2.41,1.44,1.74,2.03,2.5,2.21,1.44,2.78,0.86,1.23,2.92,91,24.23,999,TRUE,D4,D4Leicester
D,461,Harwood-Bellis,4,4,Southampton,90,2.91,76,2.5,74,1.91,72,1.13,74,1.36,72,1.42,71,1.28,70,1.31,68,1.47,70,2.04,71,1.61,0.08,90,77,76,74,72,74,72,71,70,68,70,71,2.91,0.88,2.5,1.91,1.13,1.36,1.42,1.28,1.31,1.47,2.04,1.61,2.91,90,19.82,885,TRUE,D4,D4Southampton
D,340,Akanji,5.5,5.5,Man City,74,3.47,66,2.76,66,2.62,67,2.74,62,1.95,61,3.24,64,2.86,64,2.84,66,2.65,63,3.4,64,3.08,0.01,74,67,66,66,67,62,61,64,64,66,63,64,3.47,3.87,2.76,2.62,2.74,1.95,3.24,2.86,2.84,2.65,3.4,3.08,3.87,74,35.48,784,TRUE,D5.5,D5.5Man City
D,361,Rúben,5.5,5.5,Man City,76,3.46,66,2.76,62,2.46,65,2.58,66,1.97,64,3.28,64,2.84,63,2.69,63,2.46,62,3.26,65,3.04,0,76,68,66,62,65,66,64,64,63,63,62,65,3.46,3.86,2.76,2.46,2.58,1.97,3.28,2.84,2.69,2.46,3.26,3.04,3.86,76,34.66,784,TRUE,D5.5,D5.5Man City
D,415,Schär,5.4,5.4,Newcastle,90,3.24,85,2.27,82,2.82,83,3.22,82,2.68,81,1.96,79,2.57,79,3.47,78,2.86,77,2.66,77,1.89,0,90,87,85,82,83,82,81,79,79,78,77,77,3.24,2.17,2.27,2.82,3.22,2.68,1.96,2.57,3.47,2.86,2.66,1.89,3.47,90,31.81,980,TRUE,D5.4,D5.5Newcastle
D,418,Trippier,5.7,5.7,Newcastle,52,2.34,66,2.25,66,2.78,65,3.15,62,2.58,64,2.06,65,2.7,61,3.47,61,2.81,61,2.66,61,1.97,0,52,68,66,66,65,62,64,65,61,61,61,61,2.34,2.22,2.25,2.78,3.15,2.58,2.06,2.7,3.47,2.81,2.66,1.97,3.47,68,30.99,752,TRUE,D5.7,D5.5Newcastle
D,495,Pedro Porro,5.5,5.5,Spurs,87,4.3,82,3.66,80,4.56,81,1.7,78,3.81,80,3.11,78,3.1,78,3.85,76,2.53,77,3.35,77,4.4,0.33,87,86,82,80,81,78,80,78,78,76,77,77,4.3,3.6,3.66,4.56,1.7,3.81,3.11,3.1,3.85,2.53,3.35,4.4,4.56,87,41.97,960,TRUE,D5.5,D5.5Spurs
D,122,Estupiñan,5,5,Brighton,65,2.05,58,1.32,59,1.66,58,2.06,57,3.06,55,2,55,2.4,54,2.56,57,2.13,56,2.63,56,1.85,0,65,59,58,59,58,57,55,55,54,57,56,56,2.05,3,1.32,1.66,2.06,3.06,2,2.4,2.56,2.13,2.63,1.85,3.06,65,26.72,689,TRUE,D5,D5Brighton
D,163,Cucurella,5,5,Chelsea,0,0,80,2.28,80,2.47,78,3.19,79,3.1,77,3.21,77,1.92,77,3.48,78,3.11,77,3.27,74,3.07,0,0,0,80,80,78,79,77,77,77,78,77,74,0,0,2.28,2.47,3.19,3.1,3.21,1.92,3.48,3.11,3.27,3.07,3.48,80,29.1,777,TRUE,D5,D5Chelsea
D,172,James,4.9,4.9,Chelsea,9,0.34,49,1.98,57,2.39,55,2.91,56,2.88,56,3.1,54,1.93,55,3.18,56,2.89,55,3.01,54,2.87,0,9,32,49,57,55,56,56,54,55,56,55,54,0.34,1.54,1.98,2.39,2.91,2.88,3.1,1.93,3.18,2.89,3.01,2.87,3.18,57,29.02,588,TRUE,D4.9,D5Chelsea
D,211,Muñoz,4.9,4.9,Crystal Palace,66,2.36,82,2.99,81,3.21,81,2.28,79,2.75,76,2.98,77,1.78,76,2.2,76,2.13,76,2.35,74,3.58,0,66,84,82,81,81,79,76,77,76,76,76,74,2.36,2.67,2.99,3.21,2.28,2.75,2.98,1.78,2.2,2.13,2.35,3.58,3.58,84,31.28,928,TRUE,D4.9,D5Crystal Palace
D,210,Mitchell,4.9,4.9,Crystal Palace,83,2.75,80,2.71,79,2.91,78,2.02,79,2.5,77,2.75,79,1.72,78,2.07,78,2.05,77,2.21,76,3.31,0,83,81,80,79,78,79,77,79,78,78,77,76,2.75,2.41,2.71,2.91,2.02,2.5,2.75,1.72,2.07,2.05,2.21,3.31,3.31,83,29.41,945,TRUE,D4.9,D5Crystal Palace
D,236,Tarkowski,4.8,4.8,Everton,92,2.78,89,2.72,88,2.18,87,2.94,87,1.58,86,3.12,85,1.61,84,1.23,83,1.89,84,0.85,83,2.96,0,92,91,89,88,87,87,86,85,84,83,84,83,2.78,3.13,2.72,2.18,2.94,1.58,3.12,1.61,1.23,1.89,0.85,2.96,3.13,92,26.99,1039,TRUE,D4.8,D5Everton
D,219,Branthwaite,4.8,4.8,Everton,52,1.58,84,2.55,85,2.06,82,2.72,82,1.48,80,2.85,81,1.5,80,1.17,79,1.81,79,0.8,77,2.66,0,52,86,84,85,82,82,80,81,80,79,79,77,1.58,2.97,2.55,2.06,2.72,1.48,2.85,1.5,1.17,1.81,0.8,2.66,2.97,86,24.15,947,TRUE,D4.8,D5Everton
D,326,Konaté,5.2,5.2,Liverpool,80,2.79,75,2.96,72,2.83,69,2.96,70,2.01,68,2.14,66,2.7,65,2.77,66,1.82,66,3.19,66,2.42,0,80,77,75,72,69,70,68,66,65,66,66,66,2.79,1.99,2.96,2.83,2.96,2.01,2.14,2.7,2.77,1.82,3.19,2.42,3.19,80,30.58,840,TRUE,D5.2,D5Liverpool
D,369,Dalot,5.1,5.1,Man Utd,89,3.8,78,2.48,76,3.65,74,2.94,74,3.47,73,1.55,74,3.33,73,1.22,72,2.93,72,2.7,72,2.6,0,89,81,78,76,74,74,73,74,73,72,72,72,3.8,2.71,2.48,3.65,2.94,3.47,1.55,3.33,1.22,2.93,2.7,2.6,3.8,89,33.38,908,TRUE,D5.1,D5Man Utd
D,387,Shaw,4.9,4.9,Man Utd,22,0.99,72,2.35,71,3.39,70,2.77,68,3.19,68,1.48,67,3.07,66,1.16,67,2.7,65,2.49,67,2.41,0,22,57,72,71,70,68,68,67,66,67,65,67,0.99,1.97,2.35,3.39,2.77,3.19,1.48,3.07,1.16,2.7,2.49,2.41,3.39,72,27.97,760,TRUE,D4.9,D5Man Utd
D,505,Udogie,4.9,4.9,Spurs,79,3.59,75,3.1,74,3.85,73,1.45,72,3.23,71,2.56,68,2.46,69,3.1,70,2.15,72,2.86,68,3.45,0,79,77,75,74,73,72,71,68,69,70,72,68,3.59,3.1,3.1,3.85,1.45,3.23,2.56,2.46,3.1,2.15,2.86,3.45,3.85,79,34.9,868,TRUE,D4.9,D5Spurs
D,498,Romero,5.1,5.1,Spurs,91,3.38,85,2.83,84,3.66,84,1.25,82,3.02,80,2.33,81,2.37,80,2.94,80,1.94,78,2.66,79,3.31,0,91,88,85,84,84,82,80,81,80,80,78,79,3.38,2.94,2.83,3.66,1.25,3.02,2.33,2.37,2.94,1.94,2.66,3.31,3.66,91,32.63,992,TRUE,D5.1,D5Spurs
D,24,White,6.3,6.3,Arsenal,76,3.1,70,2.63,69,2.36,68,3.52,67,2.87,67,2.97,67,2.77,67,3.55,68,3,67,3.57,66,2.87,0,76,74,70,69,68,67,67,67,67,68,67,66,3.1,2.73,2.63,2.36,3.52,2.87,2.97,2.77,3.55,3,3.57,2.87,3.57,76,35.94,826,TRUE,D6.3,D6.5Arsenal
D,3,Gabriel,6.2,6.1,Arsenal,90,3.69,84,3.13,82,2.74,83,4.38,81,3.46,81,3.61,80,3.4,78,4.23,77,3.44,78,4.32,76,3.4,0.87,90,87,84,82,83,81,81,80,78,77,78,76,3.69,3.16,3.13,2.74,4.38,3.46,3.61,3.4,4.23,3.44,4.32,3.4,4.38,90,42.96,977,TRUE,D6.1,D6Arsenal
D,18,Saliba,6,6,Arsenal,92,3.46,86,3.01,84,2.61,83,4.01,83,3.28,82,3.32,79,3.11,79,3.99,79,3.26,79,3.98,80,3.28,0.22,92,89,86,84,83,83,82,79,79,79,79,80,3.46,2.97,3.01,2.61,4.01,3.28,3.32,3.11,3.99,3.26,3.98,3.28,4.01,92,40.28,995,TRUE,D6,D6Arsenal
D,335,Robertson,6,6,Liverpool,82,3.68,78,4.08,77,3.92,76,4.25,74,2.74,74,3.01,71,3.75,71,3.93,71,2.56,70,4.43,72,3.41,0.19,82,80,78,77,76,74,74,71,71,71,70,72,3.68,2.53,4.08,3.92,4.25,2.74,3.01,3.75,3.93,2.56,4.43,3.41,4.43,82,42.29,896,TRUE,D6,D6Liverpool
D,339,Virgil,6,6,Liverpool,92,3.34,85,3.63,83,3.52,82,3.73,81,2.42,82,2.71,82,3.53,82,3.69,79,2.28,78,4,81,3.12,0,92,88,85,83,82,81,82,82,82,79,78,81,3.34,2.33,3.63,3.52,3.73,2.42,2.71,3.53,3.69,2.28,4,3.12,4,92,38.3,995,TRUE,D6,D6Liverpool
D,350,Gvardiol,5.9,5.9,Man City,79,3.99,68,3.05,66,2.85,69,3.02,67,2.15,67,3.73,66,3.14,64,3.08,64,2.7,66,3.83,65,3.36,0.17,79,69,68,66,69,67,67,66,64,64,66,65,3.99,4.29,3.05,2.85,3.02,2.15,3.73,3.14,3.08,2.7,3.83,3.36,4.29,79,39.19,810,TRUE,D5.9,D6Man City
D,311,Alexander-Arnold,7.1,7,Liverpool,85,4.04,80,4.49,79,4.39,77,4.61,77,3,74,3.25,73,4.03,73,4.33,74,2.85,72,4.86,72,3.62,0.65,85,82,80,79,77,77,74,73,73,74,72,72,4.04,2.74,4.49,4.39,4.61,3,3.25,4.03,4.33,2.85,4.86,3.62,4.86,85,46.21,918,TRUE,D7,D7Liverpool
F,351,Haaland,15.4,15.4,Man City,88,7.53,81,6.32,80,5.8,78,6.6,79,4.7,78,6.96,79,5.7,77,6.75,75,5.45,77,7.46,77,6.44,0.81,88,83,81,80,78,79,78,79,77,75,77,77,7.53,8.04,6.32,5.8,6.6,4.7,6.96,5.7,6.75,5.45,7.46,6.44,8.04,88,77.75,952,TRUE,F15.4,F15.5Man City
F,473,Stewart,4.6,4.6,Southampton,23,1.53,26,1.71,27,1.58,26,1.36,26,1.39,25,1.44,24,1.3,26,1.52,26,1.38,27,1.61,27,1.46,0.05,23,25,26,27,26,26,25,24,26,26,27,27,1.53,1.11,1.71,1.58,1.36,1.39,1.44,1.3,1.52,1.38,1.61,1.46,1.71,27,17.39,308,FALSE,F4.6,F4.5Southampton
F,539,Chiwome,4.5,4.5,Wolves,3,0.21,6,0.36,6,0.4,7,0.4,7,0.42,7,0.39,7,0.39,8,0.46,8,0.41,8,0.44,8,0.42,0.02,3,5,6,6,7,7,7,7,8,8,8,8,0.21,0.29,0.36,0.4,0.4,0.42,0.39,0.39,0.46,0.41,0.44,0.42,0.46,8,4.59,80,FALSE,F4.5,F4.5Wolves
F,129,João Pedro,5.5,5.5,Brighton,20,1.17,71,3.22,68,3.24,67,3.77,65,5.03,65,3.35,65,3.98,66,4.13,65,3.62,66,4.33,66,3.5,0.31,20,51,71,68,67,65,65,65,66,65,66,66,1.17,3.47,3.22,3.24,3.77,5.03,3.35,3.98,4.13,3.62,4.33,3.5,5.03,71,42.81,735,TRUE,F5.5,F5.5Brighton
F,232,Ndiaye,5.4,5.4,Everton,80,3.29,76,3.29,74,2.92,73,3.24,73,2.68,72,3.34,72,2.63,71,2.27,72,2.86,71,2.26,70,3,0,80,77,76,74,73,73,72,72,71,72,71,70,3.29,3.21,3.29,2.92,3.24,2.68,3.34,2.63,2.27,2.86,2.26,3,3.34,80,34.99,881,TRUE,F5.4,F5.5Everton
F,252,Raúl,5.6,5.6,Fulham,64,3.64,59,3.52,57,2.88,53,3.39,54,2.61,53,3.04,52,2.4,52,2.28,53,3.63,52,2.5,53,3.18,0,64,60,59,57,53,54,53,52,52,53,52,53,3.64,2.98,3.52,2.88,3.39,2.61,3.04,2.4,2.28,3.63,2.5,3.18,3.64,64,36.05,662,TRUE,F5.6,F5.5Fulham
F,268,Delap,5.6,5.6,Ipswich,76,4.18,70,3.92,68,2.88,67,3.29,66,2.9,65,3.33,64,3.49,62,3.05,62,3.16,61,2.25,61,2.92,0,76,71,70,68,67,66,65,64,62,62,61,61,4.18,3.17,3.92,2.88,3.29,2.9,3.33,3.49,3.05,3.16,2.25,2.92,4.18,76,38.54,793,TRUE,F5.6,F5.5Ipswich
F,306,Vardy,5.7,5.7,Leicester,73,4.1,66,3.43,64,2.92,62,3.19,61,3,61,3.54,60,3.34,59,2.71,58,3.52,59,2.37,57,2.39,0.03,73,68,66,64,62,61,61,60,59,58,59,57,4.1,3.85,3.43,2.92,3.19,3,3.54,3.34,2.71,3.52,2.37,2.39,4.1,73,38.36,748,TRUE,F5.7,F5.5Leicester
F,566,Strand Larsen,5.5,5.5,Wolves,75,2.87,72,3.59,70,4.08,68,2.86,68,3.59,69,3.17,68,2.98,69,3.66,70,3.17,69,3.27,68,2.75,0,75,72,72,70,68,68,69,68,69,70,69,68,2.87,2.98,3.59,4.08,2.86,3.59,3.17,2.98,3.66,3.17,3.27,2.75,4.08,75,38.97,838,TRUE,F5.5,F5.5Wolves
F,289,Daka,4.8,4.8,Leicester,11,0.72,22,1.32,24,1.3,25,1.42,25,1.43,27,1.67,29,1.74,27,1.43,28,1.79,27,1.25,26,1.31,0,11,21,22,24,25,25,27,29,27,28,27,26,0.72,1.33,1.32,1.3,1.42,1.43,1.67,1.74,1.43,1.79,1.25,1.31,1.79,29,16.71,292,FALSE,F4.8,F5Leicester
F,27,Archer,5,5,Southampton,52,3.19,49,2.85,48,2.51,48,2.24,47,2.26,46,2.33,45,2.13,46,2.42,46,2.17,46,2.56,45,2.16,0.01,52,50,49,48,48,47,46,45,46,46,46,45,3.19,1.87,2.85,2.51,2.24,2.26,2.33,2.13,2.42,2.17,2.56,2.16,3.19,52,28.69,568,TRUE,F5,F5Southampton
F,470,Onuachu,4.9,4.9,Southampton,14,0.92,17,1.12,15,0.93,15,0.83,16,0.89,16,0.92,16,0.89,18,1.05,18,0.97,18,1.15,18,0.97,0,14,15,17,15,15,16,16,16,18,18,18,18,0.92,0.69,1.12,0.93,0.83,0.89,0.92,0.89,1.05,0.97,1.15,0.97,1.15,18,11.33,196,FALSE,F4.9,F5Southampton
F,589,Füllkrug,6.7,6.7,West Ham,22,1.19,43,2.31,43,2.84,44,2.34,41,1.99,43,2.55,43,2.89,41,2.28,42,2.51,42,2.61,41,2.09,0,22,40,43,43,44,41,43,43,41,42,42,41,1.19,2.36,2.31,2.84,2.34,1.99,2.55,2.89,2.28,2.51,2.61,2.09,2.89,44,27.96,485,TRUE,F6.7,F6.5West Ham
F,541,Cunha,6.5,6.5,Wolves,79,3.17,76,3.87,73,4.45,74,3.21,74,3.96,72,3.44,72,3.25,68,3.83,70,3.43,69,3.45,67,2.85,0,79,76,76,73,74,74,72,72,68,70,69,67,3.17,3.36,3.87,4.45,3.21,3.96,3.44,3.25,3.83,3.43,3.45,2.85,4.45,79,42.27,870,TRUE,F6.5,F6.5Wolves
F,617,Evanilson,5.9,5.9,Bournemouth,68,3.04,64,2.88,64,3.35,64,3.68,66,3.61,63,3.43,64,3.59,63,3.81,60,2.99,61,3.42,62,3.01,0.01,68,67,64,64,64,66,63,64,63,60,61,62,3.04,3.08,2.88,3.35,3.68,3.61,3.43,3.59,3.81,2.99,3.42,3.01,3.81,68,39.89,766,TRUE,F5.9,F6Bournemouth
F,110,Wissa,5.9,5.9,Brentford,0,0,0,0,0,0,27,1.38,58,3.4,67,2.95,65,3.32,67,2.82,66,3.42,64,2.86,59,2.46,0,0,0,0,0,27,58,67,65,67,66,64,59,0,0,0,0,1.38,3.4,2.95,3.32,2.82,3.42,2.86,2.46,3.42,67,22.61,473,TRUE,F5.9,F6Brentford
F,148,Welbeck,5.8,5.8,Brighton,74,3.75,58,2.44,58,2.5,56,2.88,57,3.85,57,2.69,56,3.01,54,3.03,53,2.75,55,3.27,53,2.58,0.01,74,64,58,58,56,57,57,56,54,53,55,53,3.75,3.97,2.44,2.5,2.88,3.85,2.69,3.01,3.03,2.75,3.27,2.58,3.97,74,36.72,695,TRUE,F5.8,F6Brighton
F,11,Nketiah,5.9,5.9,Crystal Palace,76,3.16,72,3.31,71,3.35,69,2.96,70,3.37,70,3.28,67,2.58,67,2.86,68,2.63,67,2.99,67,3.86,0,76,73,72,71,69,70,70,67,67,68,67,67,3.16,3.27,3.31,3.35,2.96,3.37,3.28,2.58,2.86,2.63,2.99,3.86,3.86,76,37.62,837,TRUE,F5.9,F6Crystal Palace
F,220,Calvert-Lewin,6,6,Everton,81,4.24,75,4.16,72,3.48,71,4.07,69,3.22,67,4.03,66,3.07,67,2.5,66,3.39,65,2.41,67,3.65,0.58,81,76,75,72,71,69,67,66,67,66,65,67,4.24,4.11,4.16,3.48,4.07,3.22,4.03,3.07,2.5,3.39,2.41,3.65,4.24,81,42.33,842,TRUE,F6,F6Everton
F,251,Muniz,5.8,5.8,Fulham,36,2.19,39,2.4,40,2.05,41,2.68,41,2.08,42,2.46,41,1.97,42,1.89,40,2.78,41,1.99,41,2.57,0,36,39,39,40,41,41,42,41,42,40,41,41,2.19,2.1,2.4,2.05,2.68,2.08,2.46,1.97,1.89,2.78,1.99,2.57,2.78,42,27.16,483,TRUE,F5.8,F6Fulham
F,447,Wood,6.2,6.2,Nott'm Forest,84,4.25,78,4.08,76,3.93,77,2.79,77,4.36,77,2.78,77,3.41,74,3.81,74,3.55,74,3.65,75,3.61,0.18,84,81,78,76,77,77,77,77,74,74,74,75,4.25,4.03,4.08,3.93,2.79,4.36,2.78,3.41,3.81,3.55,3.65,3.61,4.36,84,44.25,924,TRUE,F6.2,F6Nott'm Forest
F,207,Mateta,7.4,7.4,Crystal Palace,69,3.19,67,3.35,67,3.52,68,3.12,67,3.57,68,3.45,67,2.81,67,3.09,64,2.69,66,3.25,65,4.21,0,69,69,67,67,68,67,68,67,67,64,66,65,3.19,3.38,3.35,3.52,3.12,3.57,3.45,2.81,3.09,2.69,3.25,4.21,4.21,69,39.63,804,TRUE,F7.4,F7.5Crystal Palace
F,82,Solanke,7.6,7.5,Spurs,89,6.13,79,5.04,76,5.58,78,3.16,76,4.77,75,4.42,76,4.57,75,5.01,75,3.99,73,4.07,72,5.23,0.62,89,83,79,76,78,76,75,76,75,75,73,72,6.13,4.33,5.04,5.58,3.16,4.77,4.42,4.57,5.01,3.99,4.07,5.23,6.13,89,56.3,927,TRUE,F7.5,F7.5Spurs
F,316,Darwin,7.1,7.1,Liverpool,40,2.68,41,2.93,41,2.9,43,3.12,42,2.23,44,2.62,43,2.8,44,2.94,42,2.44,41,3.25,42,2.71,0,40,38,41,41,43,42,44,43,44,42,41,42,2.68,1.88,2.93,2.9,3.12,2.23,2.62,2.8,2.94,2.44,3.25,2.71,3.25,44,32.5,501,TRUE,F7.1,F7Liverpool
F,321,Gakpo,7.1,7.1,Liverpool,45,2.76,33,2.25,34,2.24,36,2.48,35,1.86,37,2.12,36,2.3,36,2.35,36,2.02,37,2.75,39,2.33,0,45,37,33,34,36,35,37,36,36,36,37,39,2.76,1.75,2.25,2.24,2.48,1.86,2.12,2.3,2.35,2.02,2.75,2.33,2.76,45,27.21,441,TRUE,F7.1,F7Liverpool
F,389,Zirkzee,6.8,6.8,Man Utd,50,3.12,48,2.74,48,3.36,45,2.75,48,3.27,45,1.98,46,2.81,46,1.98,46,2.97,46,2.69,47,2.93,0,50,47,48,48,45,48,45,46,46,46,46,47,3.12,2.48,2.74,3.36,2.75,3.27,1.98,2.81,1.98,2.97,2.69,2.93,3.36,50,33.08,562,TRUE,F6.8,F7Man Utd
F,375,Højlund,6.9,6.9,Man Utd,48,3.03,46,2.68,47,3.14,49,2.88,45,3,48,2.04,47,2.84,46,1.94,47,2.96,49,2.88,46,2.79,0,48,48,46,47,49,45,48,47,46,47,49,46,3.03,2.53,2.68,3.14,2.88,3,2.04,2.84,1.94,2.96,2.88,2.79,3.14,49,32.71,566,TRUE,F6.9,F7Man Utd
F,4,Havertz,8.3,8.3,Arsenal,67,3.55,81,3.94,81,3.66,80,4.47,79,4.04,80,4.39,77,3.69,78,4.84,76,3.72,76,4.91,77,3.96,0.25,67,85,81,81,80,79,80,77,78,76,76,77,3.55,4.07,3.94,3.66,4.47,4.04,4.39,3.69,4.84,3.72,4.91,3.96,4.91,85,49.24,937,TRUE,F8.3,F8.5Arsenal
F,401,Isak,8.3,8.3,Newcastle,33,2.25,79,3.87,78,4.26,74,5.06,75,4.07,75,4.06,76,4.36,73,5.32,75,4.59,75,4.79,74,4.02,0.01,33,68,79,78,74,75,75,76,73,75,75,74,2.25,3.57,3.87,4.26,5.06,4.07,4.06,4.36,5.32,4.59,4.79,4.02,5.32,79,50.22,855,TRUE,F8.3,F8.5Newcastle
F,180,N.Jackson,7.9,7.9,Chelsea,73,3.32,70,3.65,65,3.08,64,3.91,63,3.91,63,4.14,61,3.21,62,4.08,61,3.6,62,3.8,60,3.68,0.02,73,70,70,65,64,63,63,61,62,61,62,60,3.32,4.04,3.65,3.08,3.91,3.91,4.14,3.21,4.08,3.6,3.8,3.68,4.14,73,44.42,774,TRUE,F7.9,F8Chelsea
F,58,Watkins,9.1,9.1,Aston Villa,83,4.17,81,4.02,80,3.46,79,4.89,78,3.81,77,4.92,77,5.79,78,4.04,80,3.56,78,4.06,78,4.75,0.04,83,82,81,80,79,78,77,77,78,80,78,78,4.17,5.15,4.02,3.46,4.89,3.81,4.92,5.79,4.04,3.56,4.06,4.75,5.79,83,52.62,951,TRUE,F9.1,F9Aston Villa
G,152,Arrizabalaga,4.5,4.5,Bournemouth,93,3.16,91,3,90,3.31,90,3.22,91,3.36,90,3.06,90,3.36,90,3.39,91,3.07,92,3.52,91,3.23,0,93,93,91,90,90,91,90,90,90,91,92,91,3.16,3.21,3,3.31,3.22,3.36,3.06,3.36,3.39,3.07,3.52,3.23,3.52,93,38.89,1092,TRUE,G4.5,G4.5Bournemouth
G,91,Flekken,4.5,4.5,Brentford,94,3.23,92,3.28,92,3.4,91,3.39,90,3.6,91,3.16,91,3.23,91,3.09,91,3.6,92,3.18,92,3.14,0.55,94,92,92,92,91,90,91,91,91,91,92,92,3.23,3.78,3.28,3.4,3.39,3.6,3.16,3.23,3.09,3.6,3.18,3.14,3.78,94,40.08,1099,TRUE,G4.5,G4.5Brentford
G,146,Verbruggen,4.5,4.5,Brighton,92,3.2,89,2.88,90,2.99,88,3.2,87,3.56,86,3.12,86,3.37,86,3.41,87,3.19,86,3.39,86,3.04,0.04,92,91,89,90,88,87,86,86,86,87,86,86,3.2,3.71,2.88,2.99,3.2,3.56,3.12,3.37,3.41,3.19,3.39,3.04,3.71,92,39.06,1054,TRUE,G4.5,G4.5Brighton
G,185,Sánchez,4.7,4.7,Chelsea,93,3.13,91,3.17,89,3.23,89,3.51,88,3.3,87,3.4,87,2.92,86,3.46,87,3.35,85,3.33,86,3.39,0.02,93,91,91,89,89,88,87,87,86,87,85,86,3.13,3.4,3.17,3.23,3.51,3.3,3.4,2.92,3.46,3.35,3.33,3.39,3.51,93,39.59,1059,TRUE,G4.7,G4.5Chelsea
G,201,Henderson,4.5,4.5,Crystal Palace,94,3.47,92,3.38,91,3.42,91,3.09,91,3.21,91,3.42,91,2.91,91,3.14,91,3.06,91,3.16,91,3.63,0.13,94,93,92,91,91,91,91,91,91,91,91,91,3.47,3.2,3.38,3.42,3.09,3.21,3.42,2.91,3.14,3.06,3.16,3.63,3.63,94,39.09,1098,TRUE,G4.5,G4.5Crystal Palace
G,568,Muric,4.4,4.4,Ipswich,93,3.48,92,3.46,92,2.96,92,3.11,91,3.22,90,3.33,89,3.16,90,3.22,89,2.98,88,2.88,89,2.97,0.03,93,93,92,92,92,91,90,89,90,89,88,89,3.48,3.16,3.46,2.96,3.11,3.22,3.33,3.16,3.22,2.98,2.88,2.97,3.48,93,37.93,1088,TRUE,G4.4,G4.5Ipswich
G,293,Hermansen,4.5,4.5,Leicester,94,3.4,93,3.4,92,3.06,91,3.08,91,3.18,91,3.31,90,3.17,90,3.01,90,3.43,90,2.94,90,2.89,0,94,93,93,92,91,91,91,90,90,90,90,90,3.4,3.54,3.4,3.06,3.08,3.18,3.31,3.17,3.01,3.43,2.94,2.89,3.54,94,38.41,1095,TRUE,G4.5,G4.5Leicester
G,325,Kelleher,4.4,4.4,Liverpool,94,3.63,21,0.88,3,0.14,3,0.14,3,0.1,4,0.14,4,0.15,4,0.16,3,0.12,4,0.17,3,0.13,0,94,64,21,3,3,3,4,4,4,3,4,3,3.63,2.35,0.88,0.14,0.14,0.1,0.14,0.15,0.16,0.12,0.17,0.13,3.63,94,8.11,210,TRUE,G4.4,G4.5Liverpool
G,443,Sels,4.5,4.5,Nott'm Forest,94,3.62,92,3.49,92,3.25,92,3.03,91,3.66,91,2.96,90,3.04,90,3.25,90,3.27,90,3.07,90,3.4,0.01,94,93,92,92,92,91,91,90,90,90,90,90,3.62,3.5,3.49,3.25,3.03,3.66,2.96,3.04,3.25,3.27,3.07,3.4,3.66,94,39.54,1095,TRUE,G4.5,G4.5Nott'm Forest
G,14,Ramsdale,4.4,4.4,Southampton,94,3.42,92,3.34,91,3.16,91,2.88,90,2.98,90,2.91,91,2.97,90,2.94,90,2.99,90,3.12,90,3.06,0.01,94,93,92,91,91,90,90,91,90,90,90,90,3.42,3.06,3.34,3.16,2.88,2.98,2.91,2.97,2.94,2.99,3.12,3.06,3.42,94,36.83,1092,TRUE,G4.4,G4.5Southampton
G,513,Areola,4.5,4.5,West Ham,94,3.1,92,3.36,91,3.59,91,3.11,90,3.04,90,3.4,90,3.5,90,3.17,90,3.22,90,3.37,90,2.97,0.01,94,93,92,91,91,90,90,90,90,90,90,90,3.1,3.34,3.36,3.59,3.11,3.04,3.4,3.5,3.17,3.22,3.37,2.97,3.59,94,39.17,1091,TRUE,G4.5,G4.5West Ham
G,204,Johnstone,4.4,4.4,Wolves,94,2.94,92,3.39,91,3.48,90,3.06,89,3.14,89,3.19,86,2.98,87,3.32,89,3.21,88,2.95,89,2.85,0,94,92,92,91,90,89,89,86,87,89,88,89,2.94,3.09,3.39,3.48,3.06,3.14,3.19,2.98,3.32,3.21,2.95,2.85,3.48,94,37.6,1076,TRUE,G4.4,G4.5Wolves
G,536,Bentley,4,4,Wolves,0,0,0,0,0,0,0,0,0,0,0,0,0,0,0,0,0,0,0,0,0,0,0.03,0,0,0,0,0,0,0,0,0,0,0,0,0,0,0,0,0,0,0,0,0,0,0,0,0,0,0,0,FALSE,G4,G4Wolves
G,15,Raya,5.6,5.5,Arsenal,94,3.79,92,3.65,92,3.48,90,4.18,91,3.77,91,3.75,91,3.78,91,4.2,90,3.84,89,4.17,89,3.8,0.25,94,93,92,92,90,91,91,91,91,90,89,89,3.79,3.53,3.65,3.48,4.18,3.77,3.75,3.78,4.2,3.84,4.17,3.8,4.2,94,45.94,1093,TRUE,G5.5,G5.5Arsenal
G,310,A.Becker,5.5,5.5,Liverpool,0,0,72,2.99,92,3.79,92,3.89,92,3.38,91,3.47,91,3.78,91,3.9,92,3.32,91,4.12,92,3.71,0.01,0,29,72,92,92,92,91,91,91,92,91,92,0,1.08,2.99,3.79,3.89,3.38,3.47,3.78,3.9,3.32,4.12,3.71,4.12,92,37.43,925,TRUE,G5.5,G5.5Liverpool
G,347,Ederson M.,5.5,5.5,Man City,93,3.95,90,3.62,89,3.51,87,3.42,87,3.12,87,4.03,84,3.55,84,3.46,85,3.33,85,3.94,85,3.71,0.05,93,91,90,89,87,87,87,84,84,85,85,85,3.95,4.49,3.62,3.51,3.42,3.12,4.03,3.55,3.46,3.33,3.94,3.71,4.49,93,44.13,1047,TRUE,G5.5,G5.5Man City
G,47,Martinez,5,5,Aston Villa,94,3.45,92,3.1,92,3.06,90,3.56,91,3.13,91,3.59,91,3.7,91,3.47,90,2.99,90,3.11,91,3.36,0.01,94,93,92,92,90,91,91,91,91,90,90,91,3.45,3.71,3.1,3.06,3.56,3.13,3.59,3.7,3.47,2.99,3.11,3.36,3.71,94,40.23,1096,TRUE,G5,G5Aston Villa
G,235,Pickford,4.8,4.8,Everton,94,3.42,92,3.41,92,3.21,92,3.45,92,3.02,92,3.49,92,2.95,92,2.93,91,3.09,90,2.94,90,3.49,0,94,93,92,92,92,92,92,92,92,91,90,90,3.42,3.53,3.41,3.21,3.45,3.02,3.49,2.95,2.93,3.09,2.94,3.49,3.53,94,38.93,1102,TRUE,G4.8,G5Everton
G,248,Leno,5,5,Fulham,94,3.5,92,3.65,92,3.46,92,3.76,91,3.02,90,3.37,91,3.15,90,2.99,89,3.73,90,3.09,90,3.44,0,94,92,92,92,92,91,90,91,90,89,90,90,3.5,3.52,3.65,3.46,3.76,3.02,3.37,3.15,2.99,3.73,3.09,3.44,3.76,94,40.68,1093,TRUE,G5,G5Fulham
G,383,Onana,5,5,Man Utd,94,3.67,92,3.22,91,3.68,91,3.47,91,3.64,91,2.99,90,3.61,91,2.93,91,3.41,90,3.4,90,3.22,0,94,93,92,91,91,91,91,90,91,91,90,90,3.67,3.38,3.22,3.68,3.47,3.64,2.99,3.61,2.93,3.41,3.4,3.22,3.68,94,40.62,1095,TRUE,G5,G5Man Utd
G,413,Pope,5,5,Newcastle,94,3.44,91,3.15,91,3.41,89,3.42,90,3.31,89,3,90,3.31,91,3.68,90,3.4,89,3.24,90,3.06,0,94,92,91,91,89,90,89,90,91,90,89,90,3.44,3.21,3.15,3.41,3.42,3.31,3,3.31,3.68,3.4,3.24,3.06,3.68,94,39.63,1086,TRUE,G5,G5Newcastle
G,508,Vicario,5,5,Spurs,94,3.64,92,3.45,92,3.81,92,3.07,91,3.58,91,3.29,91,3.27,91,3.56,91,3.14,91,3.52,91,3.72,0.01,94,93,92,92,92,91,91,91,91,91,91,91,3.64,3.58,3.45,3.81,3.07,3.58,3.29,3.27,3.56,3.14,3.52,3.72,3.81,94,41.63,1100,TRUE,G5,G5Spurs
M,17,Saka,10.1,10,Arsenal,87,5.82,81,4.94,82,4.75,78,5.75,77,4.9,77,5.48,79,4.77,76,6.07,77,4.76,75,6.18,77,5.01,0.96,87,84,81,82,78,77,77,79,76,77,75,77,5.82,5.24,4.94,4.75,5.75,4.9,5.48,4.77,6.07,4.76,6.18,5.01,6.18,87,63.67,950,TRUE,M10,M10Arsenal
M,503,Son,9.9,9.9,Spurs,20,1.55,85,5.89,82,6.66,83,3.72,82,5.63,81,5.15,81,5.24,82,5.94,82,4.71,82,4.87,81,6.35,0,20,60,85,82,83,82,81,81,82,82,82,81,1.55,3.45,5.89,6.66,3.72,5.63,5.15,5.24,5.94,4.71,4.87,6.35,6.66,85,59.16,901,TRUE,M9.9,M10Spurs
M,182,Palmer,10.8,10.8,Chelsea,88,4.66,81,5.11,80,4.66,77,5.72,78,6.03,77,6.12,74,4.44,75,6.16,75,5.32,74,5.65,73,5.3,0.16,88,86,81,80,77,78,77,74,75,75,74,73,4.66,6.07,5.11,4.66,5.72,6.03,6.12,4.44,6.16,5.32,5.65,5.3,6.16,88,65.24,938,TRUE,M10.8,M11Chelsea
M,328,M.Salah,12.7,12.6,Liverpool,88,6.7,82,6.85,81,6.73,79,6.74,80,4.88,81,5.56,79,6.09,79,6.49,81,5.15,80,7.66,80,5.75,0.21,88,85,82,81,79,80,81,79,79,81,80,80,6.7,4.46,6.85,6.73,6.74,4.88,5.56,6.09,6.49,5.15,7.66,5.75,7.66,88,73.06,975,TRUE,M12.6,M12.5Liverpool
M,309,Winks,4.5,4.5,Leicester,71,2.17,68,1.99,67,1.76,68,1.88,67,1.86,69,2.11,67,1.99,65,1.73,64,2.06,66,1.61,65,1.64,0.07,71,68,68,67,68,67,69,67,65,64,66,65,2.17,2.06,1.99,1.76,1.88,1.86,2.11,1.99,1.73,2.06,1.61,1.64,2.17,71,22.86,805,FALSE,M4.5,M4.5Leicester
M,442,Sangaré,4.4,4.4,Nott'm Forest,0,0,0,0,0,0,23,0.7,51,1.81,58,1.58,56,1.71,58,1.89,52,1.7,50,1.63,48,1.59,0.01,0,0,0,0,23,51,58,56,58,52,50,48,0,0,0,0,0.7,1.81,1.58,1.71,1.89,1.7,1.63,1.59,1.89,58,12.61,396,FALSE,M4.4,M4.5Nott'm Forest
M,608,Dibling,4.6,4.6,Southampton,65,3.78,50,2.84,51,2.61,48,2.15,48,2.23,49,2.38,50,2.25,46,2.33,45,2.12,51,2.75,47,2.18,0.06,65,57,50,51,48,48,49,50,46,45,51,47,3.78,1.99,2.84,2.61,2.15,2.23,2.38,2.25,2.33,2.12,2.75,2.18,3.78,65,29.61,607,TRUE,M4.6,M4.5Southampton
M,54,Rogers,5.3,5.3,Aston Villa,78,3.36,70,2.98,71,2.7,67,3.56,66,2.77,66,3.71,66,4.16,66,3.08,65,2.62,66,2.93,67,3.43,0.85,78,73,70,71,67,66,66,66,66,65,66,67,3.36,3.91,2.98,2.7,3.56,2.77,3.71,4.16,3.08,2.62,2.93,3.43,4.16,78,39.21,821,TRUE,M5.3,M5.5Aston Villa
M,48,McGinn,5.3,5.3,Aston Villa,32,1.31,76,2.81,75,2.53,75,3.45,73,2.7,71,3.48,73,3.94,73,2.96,73,2.58,71,2.83,71,3.15,0,32,64,76,75,75,73,71,73,73,73,71,71,1.31,3.06,2.81,2.53,3.45,2.7,3.48,3.94,2.96,2.58,2.83,3.15,3.94,76,34.8,827,TRUE,M5.3,M5.5Aston Villa
M,78,Semenyo,5.7,5.7,Bournemouth,85,3.37,79,3.02,78,3.62,77,3.91,75,3.64,73,3.54,73,3.63,72,3.81,71,3.03,71,3.65,73,3.14,0.46,85,81,79,78,77,75,73,73,72,71,71,73,3.37,3.25,3.02,3.62,3.91,3.64,3.54,3.63,3.81,3.03,3.65,3.14,3.91,85,41.61,908,TRUE,M5.7,M5.5Bournemouth
M,83,Tavernier,5.5,5.5,Bournemouth,78,3.13,74,2.9,71,3.37,71,3.65,70,3.44,69,3.39,70,3.43,68,3.7,69,2.97,68,3.53,69,3.02,0,78,74,74,71,71,70,69,70,68,69,68,69,3.13,3.03,2.9,3.37,3.65,3.44,3.39,3.43,3.7,2.97,3.53,3.02,3.7,78,39.56,851,TRUE,M5.5,M5.5Bournemouth
M,95,Jensen,5.3,5.3,Brentford,36,1.27,69,2.42,69,2.81,67,2.53,66,2.8,65,2.23,66,2.5,65,2.15,65,2.58,66,2.26,63,2.08,0,36,67,69,69,67,66,65,66,65,65,66,63,1.27,2.95,2.42,2.81,2.53,2.8,2.23,2.5,2.15,2.58,2.26,2.08,2.95,69,28.58,764,TRUE,M5.3,M5.5Brentford
M,106,Schade,5.3,5.3,Brentford,56,2.57,51,2.37,54,3.01,47,2.35,40,2.32,35,1.67,38,1.99,37,1.61,38,2.04,35,1.64,34,1.47,0,56,53,51,54,47,40,35,38,37,38,35,34,2.57,3.33,2.37,3.01,2.35,2.32,1.67,1.99,1.61,2.04,1.64,1.47,3.33,56,26.37,518,TRUE,M5.3,M5.5Brentford
M,135,Minteh,5.4,5.4,Brighton,50,2.52,37,1.66,35,1.7,38,2.03,36,2.47,36,1.85,35,2.01,35,2.06,35,1.92,36,2.16,36,1.83,0.01,50,39,37,35,38,36,36,35,35,35,36,36,2.52,2.54,1.66,1.7,2.03,2.47,1.85,2.01,2.06,1.92,2.16,1.83,2.54,50,24.75,448,TRUE,M5.4,M5.5Brighton
M,230,McNeil,5.6,5.6,Everton,88,3.68,82,3.62,82,3.18,81,3.65,81,2.99,78,3.7,80,2.87,78,2.43,80,3.17,80,2.38,80,3.46,0.03,88,84,82,82,81,81,78,80,78,80,80,80,3.68,3.55,3.62,3.18,3.65,2.99,3.7,2.87,2.43,3.17,2.38,3.46,3.7,88,38.68,974,TRUE,M5.6,M5.5Everton
M,240,Andreas,5.3,5.3,Fulham,74,3.71,73,3.85,71,3.15,70,3.94,70,2.92,68,3.41,71,2.86,67,2.51,66,4.03,68,2.78,67,3.59,0,74,74,73,71,70,70,68,71,67,66,68,67,3.71,3.29,3.85,3.15,3.94,2.92,3.41,2.86,2.51,4.03,2.78,3.59,4.03,74,40.04,839,TRUE,M5.3,M5.5Fulham
M,247,Iwobi,5.5,5.5,Fulham,84,3.68,81,3.77,80,3.09,77,3.79,79,2.9,76,3.35,77,2.76,77,2.56,76,3.91,76,2.73,76,3.51,0,84,83,81,80,77,79,76,77,77,76,76,76,3.68,3.29,3.77,3.09,3.79,2.9,3.35,2.76,2.56,3.91,2.73,3.51,3.91,84,39.34,942,TRUE,M5.5,M5.5Fulham
M,274,Hutchinson,5.3,5.3,Ipswich,81,3.57,76,3.42,74,2.58,71,2.88,71,2.71,71,2.96,71,3.04,71,2.82,71,2.89,70,2.13,69,2.65,0,81,79,76,74,71,71,71,71,71,71,70,69,3.57,2.92,3.42,2.58,2.88,2.71,2.96,3.04,2.82,2.89,2.13,2.65,3.57,81,34.57,875,TRUE,M5.3,M5.5Ipswich
M,298,Mavididi,5.3,5.3,Leicester,66,3.46,62,3.08,60,2.61,60,2.83,59,2.74,57,2.99,60,3.01,59,2.58,60,3.34,58,2.19,59,2.37,0.01,66,64,62,60,60,59,57,60,59,60,58,59,3.46,3.34,3.08,2.61,2.83,2.74,2.99,3.01,2.58,3.34,2.19,2.37,3.46,66,34.54,724,TRUE,M5.3,M5.5Leicester
M,434,Hudson-Odoi,5.4,5.4,Nott'm Forest,69,3.21,62,2.99,57,2.61,56,1.96,55,2.8,53,1.87,55,2.24,53,2.46,55,2.33,55,2.41,55,2.45,0,69,60,62,57,56,55,53,55,53,55,55,55,3.21,2.68,2.99,2.61,1.96,2.8,1.87,2.24,2.46,2.33,2.41,2.45,3.21,69,30.01,685,TRUE,M5.4,M5.5Nott'm Forest
M,612,Odobert,5.4,5.4,Spurs,0,0,31,1.84,41,2.62,40,1.65,41,2.32,41,2.21,40,2.16,39,2.35,41,1.99,42,2.16,43,2.67,0,0,15,31,41,40,41,41,40,39,41,42,43,0,0.81,1.84,2.62,1.65,2.32,2.21,2.16,2.35,1.99,2.16,2.67,2.67,43,22.78,414,TRUE,M5.4,M5.5Spurs
M,74,O.Dango,5,5,Bournemouth,44,1.97,47,1.95,50,2.42,47,2.47,48,2.45,47,2.35,48,2.44,48,2.65,49,2.21,52,2.71,48,2.17,0,44,46,47,50,47,48,47,48,48,49,52,48,1.97,2.02,1.95,2.42,2.47,2.45,2.35,2.44,2.65,2.21,2.71,2.17,2.71,52,27.81,574,TRUE,M5,M5Bournemouth
M,101,Nørgaard,4.8,4.8,Brentford,88,2.4,80,2.34,76,2.57,77,2.43,74,2.65,75,2.15,73,2.31,73,2,71,2.36,72,2.09,72,1.99,0,88,81,80,76,77,74,75,73,73,71,72,72,2.4,3,2.34,2.57,2.43,2.65,2.15,2.31,2,2.36,2.09,1.99,3,88,28.29,912,TRUE,M4.8,M5Brentford
M,314,Carvalho,4.8,4.8,Brentford,60,2.74,55,2.57,56,3.29,48,2.59,39,2.48,37,1.84,38,2.11,36,1.73,35,2.05,34,1.72,34,1.55,0.04,60,56,55,56,48,39,37,38,36,35,34,34,2.74,3.55,2.57,3.29,2.59,2.48,1.84,2.11,1.73,2.05,1.72,1.55,3.55,60,28.22,528,TRUE,M4.8,M5Brentford
M,168,Enzo,4.9,4.9,Chelsea,86,2.51,83,2.74,81,2.58,80,2.96,77,2.94,77,3.02,78,2.47,78,3.08,76,2.75,76,2.88,77,2.86,0,86,83,83,81,80,77,77,78,78,76,76,77,2.51,2.93,2.74,2.58,2.96,2.94,3.02,2.47,3.08,2.75,2.88,2.86,3.08,86,33.72,952,TRUE,M4.9,M5Chelsea
M,216,Wharton,4.9,4.9,Crystal Palace,81,2.57,74,2.46,73,2.51,73,2.26,70,2.42,72,2.43,70,2.03,70,2.17,71,2.1,70,2.24,69,2.72,0,81,76,74,73,73,70,72,70,70,71,70,69,2.57,2.4,2.46,2.51,2.26,2.42,2.43,2.03,2.17,2.1,2.24,2.72,2.72,81,28.31,869,TRUE,M4.9,M5Crystal Palace
M,205,Kamada,5.2,5.2,Crystal Palace,49,2.19,50,2.38,50,2.45,51,2.19,50,2.44,52,2.54,51,2,52,2.26,52,2.09,52,2.3,54,3.08,0,49,51,50,50,51,50,52,51,52,52,52,54,2.19,2.3,2.38,2.45,2.19,2.44,2.54,2,2.26,2.09,2.3,3.08,3.08,54,28.22,614,TRUE,M5.2,M5Crystal Palace
M,239,Adama,5.1,5.1,Fulham,70,3.39,66,3.42,61,2.71,60,3.32,58,2.42,59,2.91,63,2.46,60,2.23,59,3.42,59,2.41,60,3.11,0,70,66,66,61,60,58,59,63,60,59,59,60,3.39,2.94,3.42,2.71,3.32,2.42,2.91,2.46,2.23,3.42,2.41,3.11,3.42,70,34.74,741,TRUE,M5.1,M5Fulham
M,192,J.Ayew,5.2,5.2,Leicester,67,3.08,64,2.79,63,2.42,62,2.57,62,2.52,61,2.8,63,2.68,58,2.23,58,2.84,60,2,59,2.06,0,67,66,64,63,62,62,61,63,58,58,60,59,3.08,3.02,2.79,2.42,2.57,2.52,2.8,2.68,2.23,2.84,2,2.06,3.08,67,31.01,743,TRUE,M5.2,M5Leicester
M,323,Gravenberch,5,5,Liverpool,80,3.04,74,3.02,76,3.05,72,3.05,74,2.47,73,2.65,70,2.81,71,2.87,71,2.49,70,3.11,71,2.72,0,80,79,74,76,72,74,73,70,71,71,70,71,3.04,2.42,3.02,3.05,3.05,2.47,2.65,2.81,2.87,2.49,3.11,2.72,3.11,80,33.7,881,TRUE,M5,M5Liverpool
M,378,Mainoo,5.2,5.2,Man Utd,82,2.81,68,2.15,69,2.54,69,2.31,67,2.41,70,1.9,70,2.39,71,1.85,71,2.42,71,2.3,72,2.36,0,82,69,68,69,69,67,70,70,71,71,71,72,2.81,2.14,2.15,2.54,2.31,2.41,1.9,2.39,1.85,2.42,2.3,2.36,2.81,82,27.58,849,TRUE,M5.2,M5Man Utd
M,364,Amad,5,5,Man Utd,41,2.47,39,2.14,38,2.5,39,2.21,40,2.52,38,1.62,40,2.33,38,1.61,38,2.38,39,2.18,40,2.31,0,41,36,39,38,39,40,38,40,38,38,39,40,2.47,1.88,2.14,2.5,2.21,2.52,1.62,2.33,1.61,2.38,2.18,2.31,2.52,41,26.15,466,TRUE,M5,M5Man Utd
M,423,Anderson,5,5,Nott'm Forest,79,2.73,75,2.71,60,2.23,57,1.77,57,2.41,55,1.65,53,1.85,53,2.07,53,1.98,53,1.98,52,1.96,0,79,58,75,60,57,57,55,53,53,53,53,52,2.73,2.21,2.71,2.23,1.77,2.41,1.65,1.85,2.07,1.98,1.98,1.96,2.73,79,25.55,705,TRUE,M5,M5Nott'm Forest
M,432,Elanga,5.2,5.2,Nott'm Forest,54,2.72,52,2.77,45,2.19,44,1.7,43,2.34,44,1.62,42,1.87,43,2.13,44,2.02,41,1.97,43,2.07,0,54,43,52,45,44,43,44,42,43,44,41,43,2.72,2.06,2.77,2.19,1.7,2.34,1.62,1.87,2.13,2.02,1.97,2.07,2.77,54,25.46,538,TRUE,M5.2,M5Nott'm Forest
M,557,Mario Jr.,5,5,Wolves,84,2.28,81,2.64,77,2.85,75,2.17,72,2.41,73,2.3,68,2.06,71,2.52,71,2.26,71,2.26,71,1.95,0,84,83,81,77,75,72,73,68,71,71,71,71,2.28,2.36,2.64,2.85,2.17,2.41,2.3,2.06,2.52,2.26,2.26,1.95,2.85,84,28.06,897,TRUE,M5,M5Wolves
M,16,Rice,6.3,6.3,Arsenal,90,3.3,83,2.78,81,2.56,80,3.13,78,2.77,78,2.95,77,2.62,76,3.08,77,2.65,76,3.18,75,2.71,0,90,86,83,81,80,78,78,77,76,77,76,75,3.3,2.94,2.78,2.56,3.13,2.77,2.95,2.62,3.08,2.65,3.18,2.71,3.3,90,34.67,957,TRUE,M6.3,M6.5Arsenal
M,28,Bailey,6.3,6.3,Aston Villa,65,3.15,55,2.69,52,2.28,52,3.1,52,2.47,51,3.23,51,3.68,53,2.73,53,2.39,50,2.54,49,2.9,0,65,56,55,52,52,52,51,51,53,53,50,49,3.15,3.4,2.69,2.28,3.1,2.47,3.23,3.68,2.73,2.39,2.54,2.9,3.68,65,34.56,639,TRUE,M6.3,M6.5Aston Villa
M,136,Mitoma,6.6,6.6,Brighton,85,3.64,80,2.87,78,2.98,77,3.53,76,4.54,75,3.2,74,3.57,74,3.7,76,3.4,72,3.83,76,3.18,0,85,82,80,78,77,76,75,74,74,76,72,76,3.64,4.5,2.87,2.98,3.53,4.54,3.2,3.57,3.7,3.4,3.83,3.18,4.54,85,42.94,925,TRUE,M6.6,M6.5Brighton
M,177,Madueke,6.5,6.5,Chelsea,71,2.95,73,3.4,67,3.01,64,3.59,66,3.75,64,3.83,64,3.06,62,3.84,63,3.37,62,3.48,62,3.49,0,71,67,73,67,64,66,64,64,62,63,62,62,2.95,3.49,3.4,3.01,3.59,3.75,3.83,3.06,3.84,3.37,3.48,3.49,3.84,73,41.26,785,TRUE,M6.5,M6.5Chelsea
M,386,Sancho,6.4,6.4,Chelsea,67,2.8,0,0,65,2.93,63,3.5,62,3.56,62,3.57,62,2.91,61,3.63,62,3.35,60,3.32,61,3.42,0,67,66,0,65,63,62,62,62,61,62,60,61,2.8,3.48,0,2.93,3.5,3.56,3.57,2.91,3.63,3.35,3.32,3.42,3.63,67,36.47,691,TRUE,M6.4,M6.5Chelsea
M,336,Szoboszlai,6.5,6.5,Liverpool,68,3.59,63,3.65,62,3.53,59,3.59,60,2.73,59,2.96,59,3.28,60,3.41,58,2.83,59,3.79,57,2.99,0,68,65,63,62,59,60,59,59,60,58,59,57,3.59,2.65,3.65,3.53,3.59,2.73,2.96,3.28,3.41,2.83,3.79,2.99,3.79,68,39,729,TRUE,M6.5,M6.5Liverpool
M,329,Mac Allister,6.3,6.3,Liverpool,80,3.29,77,3.44,76,3.48,73,3.5,74,2.71,74,2.97,73,3.17,71,3.24,72,2.77,70,3.63,73,3.04,0,80,78,77,76,73,74,74,73,71,72,70,73,3.29,2.55,3.44,3.48,3.5,2.71,2.97,3.17,3.24,2.77,3.63,3.04,3.63,80,37.79,891,TRUE,M6.3,M6.5Liverpool
M,342,Bernardo,6.5,6.5,Man City,60,3.21,55,2.76,56,2.63,57,2.98,55,2.21,55,3.08,52,2.53,55,2.97,54,2.59,53,3.15,55,2.93,0,60,55,55,56,57,55,55,52,55,54,53,55,3.21,3.27,2.76,2.63,2.98,2.21,3.08,2.53,2.97,2.59,3.15,2.93,3.27,60,34.31,662,TRUE,M6.5,M6.5Man City
M,571,Sávio,6.5,6.5,Man City,51,3.24,46,2.78,47,2.73,44,2.75,46,2.22,46,3.03,46,2.68,45,2.94,43,2.48,44,3.12,44,2.79,0,51,46,46,47,44,46,46,46,45,43,44,44,3.24,3.3,2.78,2.73,2.75,2.22,3.03,2.68,2.94,2.48,3.12,2.79,3.3,51,34.06,548,TRUE,M6.5,M6.5Man City
M,372,Garnacho,6.3,6.3,Man Utd,57,3.35,72,3.67,70,4.29,68,3.76,68,4.18,68,2.61,67,3.74,67,2.49,65,3.9,69,3.63,70,3.82,0,57,73,72,70,68,68,68,67,67,65,69,70,3.35,3.5,3.67,4.29,3.76,4.18,2.61,3.74,2.49,3.9,3.63,3.82,4.29,73,42.94,814,TRUE,M6.3,M6.5Man Utd
M,392,Barnes,6.5,6.5,Newcastle,68,3.98,56,2.55,56,2.93,55,3.29,56,2.9,54,2.65,56,3.03,55,3.65,55,3.21,55,3.16,54,2.74,0,68,58,56,56,55,56,54,56,55,55,55,54,3.98,2.75,2.55,2.93,3.29,2.9,2.65,3.03,3.65,3.21,3.16,2.74,3.98,68,36.84,678,TRUE,M6.5,M6.5Newcastle
M,394,Bruno G.,6.3,6.3,Newcastle,90,3.42,85,2.65,82,2.85,80,3.24,80,2.75,77,2.54,77,2.69,76,3.31,74,2.87,77,2.96,75,2.46,0,90,87,85,82,80,80,77,77,76,74,77,75,3.42,2.72,2.65,2.85,3.24,2.75,2.54,2.69,3.31,2.87,2.96,2.46,3.42,90,34.46,960,TRUE,M6.3,M6.5Newcastle
M,433,Gibbs-White,6.3,6.3,Nott'm Forest,63,3.04,80,4,76,3.48,75,2.5,74,3.9,73,2.35,72,2.82,71,3.3,71,3.06,71,3.16,71,3.13,0,63,78,80,76,75,74,73,72,71,71,71,71,3.04,3.49,4,3.48,2.5,3.9,2.35,2.82,3.3,3.06,3.16,3.13,4,80,38.23,875,TRUE,M6.3,M6.5Nott'm Forest
M,491,Johnson,6.5,6.5,Spurs,75,4.69,52,3.29,51,3.7,51,2.2,51,3.15,50,2.89,50,2.92,50,3.3,48,2.57,50,2.79,52,3.65,0.06,75,63,52,51,51,51,50,50,50,48,50,52,4.69,3.3,3.29,3.7,2.2,3.15,2.89,2.92,3.3,2.57,2.79,3.65,4.69,75,38.45,643,TRUE,M6.5,M6.5Spurs
M,525,Kudus,6.3,6.3,West Ham,78,3.22,72,3.17,69,3.77,71,2.97,70,2.73,69,3.29,68,3.77,68,3.02,67,3.28,68,3.47,69,2.84,0,78,74,72,69,71,70,69,68,68,67,68,69,3.22,3.54,3.17,3.77,2.97,2.73,3.29,3.77,3.02,3.28,3.47,2.84,3.77,78,39.07,843,TRUE,M6.3,M6.5West Ham
M,19,Smith Rowe,5.8,5.8,Fulham,76,3.74,70,3.81,69,3.09,68,3.81,66,2.79,66,3.37,67,2.71,64,2.46,67,4.05,66,2.71,65,3.48,0.06,76,73,70,69,68,66,66,67,64,67,66,65,3.74,3.31,3.81,3.09,3.81,2.79,3.37,2.71,2.46,4.05,2.71,3.48,4.05,76,39.33,817,TRUE,M5.8,M6Fulham
M,403,Joelinton,6,6,Newcastle,69,3.04,54,1.92,54,2.09,55,2.48,58,2.23,59,2.19,59,2.34,57,2.75,60,2.54,59,2.5,60,2.21,0,69,53,54,54,55,58,59,59,57,60,59,60,3.04,1.96,1.92,2.09,2.48,2.23,2.19,2.34,2.75,2.54,2.5,2.21,3.04,69,28.25,697,TRUE,M6,M6Newcastle
M,531,Ward-Prowse,6.2,6.2,Nott'm Forest,0,0,0,0,74,2.98,72,2.18,69,3.09,67,1.99,67,2.36,66,2.67,63,2.44,64,2.51,63,2.5,0,0,76,0,74,72,69,67,67,66,63,64,63,0,2.98,0,2.98,2.18,3.09,1.99,2.36,2.67,2.44,2.51,2.5,3.09,76,25.7,681,TRUE,M6.2,M6Nott'm Forest
M,492,Kulusevski,6.2,6.2,Spurs,82,4.05,76,3.68,72,3.95,73,2.43,70,3.39,73,3.23,70,3.23,69,3.53,68,2.78,66,2.95,68,3.7,0,82,78,76,72,73,70,73,70,69,68,66,68,4.05,3.22,3.68,3.95,2.43,3.39,3.23,3.23,3.53,2.78,2.95,3.7,4.05,82,40.14,865,TRUE,M6.2,M6Spurs
M,509,Werner,6.2,6.2,Spurs,58,4.03,13,0.93,11,0.94,12,0.62,13,0.98,13,0.91,15,1.06,15,1.14,14,0.89,15,1.02,16,1.31,0,58,25,13,11,12,13,13,15,15,14,15,16,4.03,1.56,0.93,0.94,0.62,0.98,0.91,1.06,1.14,0.89,1.02,1.31,4.03,58,15.39,220,TRUE,M6.2,M6Spurs
M,527,L.Paquetá,5.9,5.9,West Ham,73,3.12,71,3.08,67,3.75,69,3,68,2.8,66,3.3,67,3.79,67,3.05,67,3.41,67,3.43,67,2.88,0,73,70,71,67,69,68,66,67,67,67,67,67,3.12,3.53,3.08,3.75,3,2.8,3.3,3.79,3.05,3.41,3.43,2.88,3.79,73,39.14,819,TRUE,M5.9,M6West Ham
M,550,Hee Chan,6.1,6.1,Wolves,28,1.39,33,1.94,33,2.24,34,1.71,35,2.07,34,1.86,35,1.85,36,2.34,36,2.03,36,2.04,36,1.75,0,28,32,33,33,34,35,34,35,36,36,36,36,1.39,1.64,1.94,2.24,1.71,2.07,1.86,1.85,2.34,2.03,2.04,1.75,2.34,36,22.86,408,TRUE,M6.1,M6Wolves
M,99,Mbeumo,7.5,7.3,Brentford,88,4.59,83,4.32,80,5.3,79,4.48,77,5.32,76,3.9,77,4.67,76,3.65,77,4.7,77,3.9,74,3.39,0.98,88,84,83,80,79,77,76,77,76,77,77,74,4.59,6.22,4.32,5.3,4.48,5.32,3.9,4.67,3.65,4.7,3.9,3.39,6.22,88,54.44,948,TRUE,M7.3,M7.5Brentford
M,317,Diogo J.,7.4,7.4,Liverpool,54,3.54,53,3.73,52,3.7,53,3.87,53,2.8,51,3.08,52,3.48,50,3.48,51,2.99,52,4.14,50,3.18,0.02,54,56,53,52,53,53,51,52,50,51,52,50,3.54,2.64,3.73,3.7,3.87,2.8,3.08,3.48,3.48,2.99,4.14,3.18,4.14,56,40.63,627,TRUE,M7.4,M7.5Liverpool
M,398,Gordon,7.3,7.3,Newcastle,86,5.18,82,3.33,79,3.69,77,4.36,80,3.72,79,3.44,78,3.79,78,4.73,77,4.04,77,4.1,77,3.42,0,86,82,82,79,77,80,79,78,78,77,77,77,5.18,3.54,3.33,3.69,4.36,3.72,3.44,3.79,4.73,4.04,4.1,3.42,5.18,86,47.34,952,TRUE,M7.3,M7.5Newcastle
M,494,Maddison,7.5,7.5,Spurs,75,4.71,72,4.28,71,4.9,71,2.75,70,4.09,70,3.84,69,3.83,67,4.2,69,3.42,67,3.53,67,4.6,0.01,75,73,72,71,71,70,70,69,67,69,67,67,4.71,3.68,4.28,4.9,2.75,4.09,3.84,3.83,4.2,3.42,3.53,4.6,4.9,75,47.83,841,TRUE,M7.5,M7.5Spurs
M,514,Bowen,7.4,7.4,West Ham,88,3.99,81,3.92,81,5.04,80,3.75,80,3.44,79,4.25,77,4.89,78,3.9,79,4.38,76,4.49,76,3.56,0.02,88,84,81,81,80,80,79,77,78,79,76,76,3.99,4.6,3.92,5.04,3.75,3.44,4.25,4.89,3.9,4.38,4.49,3.56,5.04,88,50.21,959,TRUE,M7.4,M7.5West Ham
M,9,Martinelli,7,7,Arsenal,69,4.08,59,3.29,62,3.16,54,3.48,51,3.05,51,3.19,47,2.65,47,3.26,50,2.84,49,3.48,50,3.01,0,69,63,59,62,54,51,51,47,47,50,49,50,4.08,3.4,3.29,3.16,3.48,3.05,3.19,2.65,3.26,2.84,3.48,3.01,4.08,69,38.89,652,TRUE,M7,M7Arsenal
M,23,Trossard,6.9,6.9,Arsenal,70,4.17,47,2.71,45,2.4,40,2.71,41,2.5,38,2.5,38,2.21,37,2.71,37,2.18,37,2.83,37,2.3,0,70,57,47,45,40,41,38,38,37,37,37,37,4.17,3.13,2.71,2.4,2.71,2.5,2.5,2.21,2.71,2.18,2.83,2.3,4.17,70,32.35,524,TRUE,M6.9,M7Arsenal
M,199,Eze,6.8,6.8,Crystal Palace,89,4.36,81,4.49,80,4.61,80,3.88,80,4.62,79,4.43,80,3.46,80,3.92,81,3.58,79,4.1,79,5.61,0.35,89,85,81,80,80,80,79,80,80,81,79,79,4.36,4.44,4.49,4.61,3.88,4.62,4.43,3.46,3.92,3.58,4.1,5.61,5.61,89,51.5,973,TRUE,M6.8,M7Crystal Palace
M,385,Rashford,6.9,6.9,Man Utd,69,4.75,62,3.72,62,4.61,61,3.89,60,4.39,60,2.7,59,3.94,60,2.6,61,4.3,60,3.81,59,3.88,0,69,64,62,62,61,60,60,59,60,61,60,59,4.75,3.59,3.72,4.61,3.89,4.39,2.7,3.94,2.6,4.3,3.81,3.88,4.75,69,46.18,737,TRUE,M6.9,M7Man Utd
M,13,Ødegaard,8.2,8.2,Arsenal,0,0,68,3.42,83,3.87,83,4.96,82,4.35,83,4.81,83,4.2,82,5.28,81,4.19,82,5.42,82,4.34,0,0,32,68,83,83,82,83,83,82,81,82,82,0,1.64,3.42,3.87,4.96,4.35,4.81,4.2,5.28,4.19,5.42,4.34,5.42,83,46.48,841,TRUE,M8.2,M8Arsenal
M,327,Luis Díaz,8.1,8.1,Liverpool,56,3.36,60,3.81,62,3.87,57,3.88,56,2.78,56,3.12,55,3.34,57,3.57,57,3.06,55,4.06,55,3.23,0.26,56,60,60,62,57,56,56,55,57,57,55,55,3.36,2.61,3.81,3.87,3.88,2.78,3.12,3.34,3.57,3.06,4.06,3.23,4.06,62,40.69,686,TRUE,M8.1,M8Liverpool
M,366,B.Fernandes,8.2,8.2,Man Utd,84,5.68,80,4.71,79,5.62,79,4.71,77,5.39,78,3.3,76,4.89,78,3.15,76,5.06,75,4.49,76,4.74,0.32,84,83,80,79,79,77,78,76,78,76,75,76,5.68,4.35,4.71,5.62,4.71,5.39,3.3,4.89,3.15,5.06,4.49,4.74,5.68,84,56.09,941,TRUE,M8.2,M8Man Utd
M,345,De Bruyne,9.4,9.4,Man City,27,1.95,73,4.78,71,4.38,68,4.74,67,3.5,66,4.92,68,4.27,65,4.75,66,4.05,63,5.03,66,4.76,0,27,69,73,71,68,67,66,68,65,66,63,66,1.95,5.44,4.78,4.38,4.74,3.5,4.92,4.27,4.75,4.05,5.03,4.76,5.44,73,52.57,769,TRUE,M9.4,M9.5Man City
M,348,Foden,9.2,9.2,Man City,72,5.25,73,4.71,72,4.45,71,4.96,71,3.67,70,5.09,71,4.49,69,4.96,69,4.27,69,5.53,69,4.83,0.02,72,74,73,72,71,71,70,71,69,69,69,69,5.25,5.79,4.71,4.45,4.96,3.67,5.09,4.49,4.96,4.27,5.53,4.83,5.79,74,58,850,TRUE,M9.2,M9Man City