Pos,ID,Name,BV,SV,Team,9_xMins,9_Pts,10_xMins,10_Pts,11_xMins,11_Pts,12_xMins,12_Pts,13_xMins,13_Pts,14_xMins,14_Pts,15_xMins,15_Pts,16_xMins,16_Pts,17_xMins,17_Pts,18_xMins,18_Pts,19_xMins,19_Pts,Elite%,Mins 4,Mins 5,Mins 6,Mins 7,Mins 8,Mins 9,Mins 10,Mins 11,Mins 12,Mins 13,Mins 14,Mins 15,EV4,EV5,EV6,EV7,EV8,EV9,EV10,EV11,EV12,EV13,EV14,EV15,Max EV,Max Mins,Sum EV,Sum Mins,Logic,PosPr,PosPrTeam
D,32,Cash,4.4,4.4,Aston Villa,59,1.69,56,1.26,58,2.7,60,1.62,57,2.53,59,3,57,2.2,58,1.66,57,1.72,57,2.35,55,2.8,0,63,59,56,58,60,57,59,57,58,57,57,55,2.65,1.69,1.26,2.7,1.62,2.53,3,2.2,1.66,1.72,2.35,2.8,3,63,26.18,696,TRUE,D4.4,D4.5Aston Villa
D,44,Konsa,4.5,4.5,Aston Villa,86,1.97,85,1.48,82,3.37,82,1.83,82,3.12,80,3.5,80,2.79,82,1.94,81,2.01,79,2.73,78,3.48,0.22,87,86,85,82,82,82,80,80,82,81,79,78,3.15,1.97,1.48,3.37,1.83,3.12,3.5,2.79,1.94,2.01,2.73,3.48,3.5,87,31.37,984,TRUE,D4.5,D4.5Aston Villa
D,52,Pau,4.5,4.5,Aston Villa,81,1.83,75,1.31,75,3.05,75,1.65,74,2.83,74,3.17,74,2.55,74,1.75,75,1.84,73,2.53,72,3.11,0.01,84,81,75,75,75,74,74,74,74,75,73,72,2.99,1.83,1.31,3.05,1.65,2.83,3.17,2.55,1.75,1.84,2.53,3.11,3.17,84,28.61,906,TRUE,D4.5,D4.5Aston Villa
D,70,Kerkez,4.4,4.4,Bournemouth,80,1.93,78,2.52,76,2.77,76,2.72,72,2.03,72,2.72,73,2.94,70,1.81,71,3.02,71,2.23,70,3.07,0,83,80,78,76,76,72,72,73,70,71,71,70,2.32,1.93,2.52,2.77,2.72,2.03,2.72,2.94,1.81,3.02,2.23,3.07,3.07,83,30.08,892,TRUE,D4.4,D4.5Bournemouth
D,85,Zabarnyi,4.4,4.4,Bournemouth,86,1.71,83,2.2,80,2.35,79,2.32,78,1.71,77,2.4,79,2.61,78,1.57,78,2.7,77,2,79,2.82,0,89,86,83,80,79,78,77,79,78,78,77,79,2.04,1.71,2.2,2.35,2.32,1.71,2.4,2.61,1.57,2.7,2,2.82,2.82,89,26.43,963,TRUE,D4.4,D4.5Bournemouth
D,92,Henry,4.3,4.3,Brentford,67,2.08,75,2.61,75,2.53,75,3.26,74,1.91,73,2.31,72,1.52,74,2.95,73,1.9,72,1.93,72,2.47,0,34,67,75,75,75,74,73,72,74,73,72,72,1.48,2.08,2.61,2.53,3.26,1.91,2.31,1.52,2.95,1.9,1.93,2.47,3.26,75,26.95,836,TRUE,D4.3,D4.5Brentford
D,104,Pinnock,4.5,4.5,Brentford,88,2.56,87,2.8,85,2.69,83,3.44,82,1.94,82,2.41,80,1.5,79,3.02,80,1.94,79,2,79,2.54,0.05,91,88,87,85,83,82,82,80,79,80,79,79,3.66,2.56,2.8,2.69,3.44,1.94,2.41,1.5,3.02,1.94,2,2.54,3.66,91,30.5,995,TRUE,D4.5,D4.5Brentford
D,120,Dunk,4.5,4.5,Brighton,90,1.72,89,2.05,88,2.47,87,3.85,85,2.63,84,3.14,82,3.44,83,2.62,80,3.21,81,2.2,80,2.28,0.33,92,90,89,88,87,85,84,82,83,80,81,80,4.03,1.72,2.05,2.47,3.85,2.63,3.14,3.44,2.62,3.21,2.2,2.28,4.03,92,33.64,1021,TRUE,D4.5,D4.5Brighton
D,144,Van Hecke,4.5,4.5,Brighton,88,1.53,86,1.85,85,2.23,83,3.42,82,2.38,80,2.81,78,3.04,79,2.31,79,2.92,79,1.96,78,2.09,0,90,88,86,85,83,82,80,78,79,79,79,78,3.58,1.53,1.85,2.23,3.42,2.38,2.81,3.04,2.31,2.92,1.96,2.09,3.58,90,30.12,987,TRUE,D4.5,D4.5Brighton
D,189,W.Fofana,4.5,4.5,Chelsea,79,2.23,76,2.34,76,3.03,73,2.68,73,2.79,71,1.56,70,2.96,69,2.59,68,2.8,70,2.76,70,2.55,0,82,79,76,76,73,73,71,70,69,68,70,70,2.86,2.23,2.34,3.03,2.68,2.79,1.56,2.96,2.59,2.8,2.76,2.55,3.03,82,31.15,877,TRUE,D4.5,D4.5Chelsea
D,162,Colwill,4.6,4.6,Chelsea,84,2.39,84,2.59,79,3.14,82,3.02,81,3.09,81,1.79,79,3.21,78,2.9,78,3.14,77,2.99,78,2.78,0.06,89,84,84,79,82,81,81,79,78,78,77,78,3.16,2.39,2.59,3.14,3.02,3.09,1.79,3.21,2.9,3.14,2.99,2.78,3.21,89,34.2,970,TRUE,D4.6,D4.5Chelsea
D,200,Guéhi,4.4,4.4,Crystal Palace,88,2.82,87,3.08,86,2.15,85,2.58,85,2.9,86,1.83,85,2.12,84,2.23,85,2.18,84,3.38,85,2.28,0.01,92,88,87,86,85,85,86,85,84,85,84,85,2.11,2.82,3.08,2.15,2.58,2.9,1.83,2.12,2.23,2.18,3.38,2.28,3.38,92,29.66,1032,TRUE,D4.4,D4.5Crystal Palace
D,159,Chalobah,4.4,4.4,Crystal Palace,81,2.56,76,2.67,72,1.82,70,2.09,68,2.29,66,1.4,65,1.59,63,1.65,65,1.66,67,2.67,0,0,0,88,81,76,72,70,68,66,65,63,65,67,0,1.98,2.56,2.67,1.82,2.09,2.29,1.4,1.59,1.65,1.66,2.67,0,2.67,88,22.38,781,TRUE,D4.4,D4.5Crystal Palace
D,231,Mykolenko,4.3,4.3,Everton,84,2.81,83,2.3,81,2.83,80,1.68,81,3.1,80,1.62,79,1.4,79,2.01,76,1.02,77,2.93,75,1.87,0.35,88,84,83,81,80,81,80,79,79,76,77,75,2.94,2.81,2.3,2.83,1.68,3.1,1.62,1.4,2.01,1.02,2.93,1.87,3.1,88,26.51,963,TRUE,D4.3,D4.5Everton
D,191,Andersen,4.3,4.3,Fulham,0,0,86,2.71,85,3.44,83,1.5,84,2.77,84,2.25,81,1.31,80,3.4,80,1.64,79,2.73,81,3.41,0.08,0,0,86,85,83,84,84,81,80,80,79,81,0,0,2.71,3.44,1.5,2.77,2.25,1.31,3.4,1.64,2.73,3.41,3.44,86,25.16,823,TRUE,D4.3,D4.5Fulham
D,257,Tete,4.5,4.5,Fulham,83,3.18,81,2.77,77,3.32,72,1.49,68,2.46,68,2.01,67,1.24,67,3.02,67,1.55,64,2.39,65,2.95,0,89,83,81,77,72,68,68,67,67,67,64,65,3.08,3.18,2.77,3.32,1.49,2.46,2.01,1.24,3.02,1.55,2.39,2.95,3.32,89,29.46,868,TRUE,D4.5,D4.5Fulham
D,255,Robinson,4.7,4.7,Fulham,82,3.04,80,2.56,80,3.28,79,1.46,78,2.66,77,2.07,75,1.24,74,3.19,74,1.56,75,2.61,73,3.18,0.04,87,82,80,80,79,78,77,75,74,74,75,73,2.9,3.04,2.56,3.28,1.46,2.66,2.07,1.24,3.19,1.56,2.61,3.18,3.28,87,29.75,934,TRUE,D4.7,D4.5Fulham
D,267,Davis,4.5,4.5,Ipswich,87,3.82,84,1.36,82,2.49,81,2.56,79,3.13,79,2.76,78,2.51,79,2.45,80,1.36,81,2.18,79,2.19,0.11,89,87,84,82,81,79,79,78,79,80,81,79,2.51,3.82,1.36,2.49,2.56,3.13,2.76,2.51,2.45,1.36,2.18,2.19,3.82,89,29.32,978,TRUE,D4.5,D4.5Ipswich
D,296,Kristiansen,4.5,4.5,Leicester,80,2.43,78,1.42,76,1.73,75,1.86,75,2.43,74,2.06,73,1.37,71,2.52,74,0.82,73,1.26,73,1.5,0,84,80,78,76,75,75,74,73,71,74,73,73,2.86,2.43,1.42,1.73,1.86,2.43,2.06,1.37,2.52,0.82,1.26,1.5,2.86,84,22.26,906,TRUE,D4.5,D4.5Leicester
D,295,Justin,4.6,4.6,Leicester,82,2.47,80,1.43,78,1.75,77,1.92,75,2.43,74,2.05,73,1.35,71,2.54,72,0.79,71,1.21,72,1.46,0,88,82,80,78,77,75,74,73,71,72,71,72,2.98,2.47,1.43,1.75,1.92,2.43,2.05,1.35,2.54,0.79,1.21,1.46,2.98,88,22.38,913,TRUE,D4.6,D4.5Leicester
D,380,Martinez,4.5,4.5,Man Utd,84,2.43,77,3.34,75,2.63,73,3,69,1.44,71,2.87,71,1.13,69,2.42,69,2.35,70,2.23,69,1.14,0,88,84,77,75,73,69,71,71,69,69,70,69,2.62,2.43,3.34,2.63,3,1.44,2.87,1.13,2.42,2.35,2.23,1.14,3.34,88,27.6,885,TRUE,D4.5,D4.5Man Utd
D,594,Mazraoui,4.6,4.6,Man Utd,45,1.75,32,1.7,32,1.41,33,1.67,35,1.05,35,1.72,37,0.92,35,1.55,34,1.47,38,1.55,36,0.94,0.01,69,45,32,32,33,35,35,37,35,34,38,36,2.62,1.75,1.7,1.41,1.67,1.05,1.72,0.92,1.55,1.47,1.55,0.94,2.62,69,18.35,461,TRUE,D4.6,D4.5Man Utd
D,399,Hall,4.3,4.3,Newcastle,70,2.14,67,2.55,63,2.74,62,2.31,60,1.68,61,2.15,62,3.02,59,2.43,57,2.25,56,1.6,49,1.18,0,70,70,67,63,62,60,61,62,59,57,56,49,1.77,2.14,2.55,2.74,2.31,1.68,2.15,3.02,2.43,2.25,1.6,1.18,3.02,70,25.82,736,TRUE,D4.3,D4.5Newcastle
D,395,Burn,4.4,4.4,Newcastle,72,2.06,71,2.46,72,2.79,73,2.47,73,1.82,74,2.35,72,3.2,76,2.79,68,2.38,63,1.59,57,1.16,0,88,72,71,72,73,73,74,72,76,68,63,57,1.98,2.06,2.46,2.79,2.47,1.82,2.35,3.2,2.79,2.38,1.59,1.16,3.2,88,27.05,859,TRUE,D4.4,D4.5Newcastle
D,26,Alex Moreno,4.4,4.4,Nott'm Forest,71,3.1,70,2.63,69,1.72,69,3.43,69,1.39,68,2.01,0,0,68,2.44,69,2.15,66,2.64,67,2.6,0,76,71,70,69,69,69,68,0,68,69,66,67,3.16,3.1,2.63,1.72,3.43,1.39,2.01,0,2.44,2.15,2.64,2.6,3.43,76,27.27,762,TRUE,D4.4,D4.5Nott'm Forest
D,422,Aina,4.5,4.5,Nott'm Forest,79,3.13,77,2.58,77,1.67,76,3.39,75,1.27,74,1.89,78,2.7,73,2.37,73,2,74,2.58,73,2.57,0.01,83,79,77,77,76,75,74,78,73,73,74,73,3.12,3.13,2.58,1.67,3.39,1.27,1.89,2.7,2.37,2,2.58,2.57,3.39,83,29.27,912,TRUE,D4.5,D4.5Nott'm Forest
D,474,Sugawara,4.5,4.5,Southampton,81,3.44,78,2.58,78,1.75,76,1.92,77,2.13,75,1.88,75,1.86,74,2.12,72,2.84,73,2.28,72,2.77,0,62,81,78,78,76,77,75,75,74,72,73,72,0.88,3.44,2.58,1.75,1.92,2.13,1.88,1.86,2.12,2.84,2.28,2.77,3.44,81,26.45,893,TRUE,D4.5,D4.5Southampton
D,506,Van de Ven,4.7,4.7,Spurs,85,2.64,80,3.4,79,1.37,76,2.86,78,2.16,74,2.18,75,2.64,74,1.83,75,2.56,74,3.05,76,2.46,0.02,88,85,80,79,76,78,74,75,74,75,74,76,2.9,2.64,3.4,1.37,2.86,2.16,2.18,2.64,1.83,2.56,3.05,2.46,3.4,88,30.05,934,TRUE,D4.7,D4.5Spurs
D,520,Emerson,4.4,4.4,West Ham,75,2.75,73,3.27,69,1.82,71,2.07,69,2.7,68,3.03,68,2.02,67,2.44,66,2.48,65,1.65,65,1.08,0,80,75,73,69,71,69,68,68,67,66,65,65,2.72,2.75,3.27,1.82,2.07,2.7,3.03,2.02,2.44,2.48,1.65,1.08,3.27,80,28.03,836,TRUE,D4.4,D4.5West Ham
D,388,Wan-Bissaka,4.4,4.4,West Ham,85,2.59,81,3.05,80,1.68,81,1.99,78,2.56,78,2.91,79,1.91,76,2.31,76,2.39,76,1.54,76,0.98,0,88,85,81,80,81,78,78,79,76,76,76,76,2.44,2.59,3.05,1.68,1.99,2.56,2.91,1.91,2.31,2.39,1.54,0.98,3.05,88,26.35,954,TRUE,D4.4,D4.5West Ham
D,567,Toti,4.3,4.3,Wolves,86,2.73,83,2.97,79,1.92,76,2.16,76,2.15,76,1.87,75,2.78,77,2.3,77,1.95,77,1,76,2.67,0,92,86,83,79,76,76,76,75,77,77,77,76,1.8,2.73,2.97,1.92,2.16,2.15,1.87,2.78,2.3,1.95,1,2.67,2.97,92,26.3,950,TRUE,D4.3,D4.5Wolves
D,533,Aït-Nouri,4.4,4.4,Wolves,82,3.2,76,3.4,76,2.27,75,2.69,74,2.59,73,2.22,72,3.24,71,2.61,70,2.25,71,1.29,71,2.94,0.02,85,82,76,76,75,74,73,72,71,70,71,71,2.21,3.2,3.4,2.27,2.69,2.59,2.22,3.24,2.61,2.25,1.29,2.94,3.4,85,30.91,896,TRUE,D4.4,D4.5Wolves
D,338,Van den Berg,4,4,Brentford,60,1.77,61,1.96,63,2.02,64,2.58,62,1.49,62,1.85,63,1.21,62,2.34,61,1.51,60,1.49,62,2.03,0.03,71,60,61,63,64,62,62,63,62,61,60,62,2.8,1.77,1.96,2.02,2.58,1.49,1.85,1.21,2.34,1.51,1.49,2.03,2.8,71,23.05,751,TRUE,D4,D4Brentford
D,263,Burgess,3.9,3.9,Ipswich,54,1.89,53,0.68,36,0.95,15,0.43,9,0.31,11,0.32,9,0.27,11,0.31,10,0.2,10,0.25,11,0.28,0,53,54,53,36,15,9,11,9,11,10,10,11,1.23,1.89,0.68,0.95,0.43,0.31,0.32,0.27,0.31,0.2,0.25,0.28,1.89,54,7.12,282,FALSE,D3.9,D4Ipswich
D,630,O'Shea,4,4,Ipswich,85,2.98,84,0.98,83,1.97,79,2.06,78,2.56,74,2.07,76,2,76,1.86,76,1.08,74,1.62,72,1.66,0,90,85,84,83,79,78,74,76,76,76,74,72,2.01,2.98,0.98,1.97,2.06,2.56,2.07,2,1.86,1.08,1.62,1.66,2.98,90,22.85,947,TRUE,D4,D4Ipswich
D,291,Faes,4.2,4.1,Leicester,88,2.48,86,1.38,85,1.73,84,1.89,82,2.44,81,2.06,80,1.36,80,2.6,80,0.76,81,1.24,80,1.52,0.1,91,88,86,85,84,82,81,80,80,80,81,80,2.92,2.48,1.38,1.73,1.89,2.44,2.06,1.36,2.6,0.76,1.24,1.52,2.92,91,22.38,998,TRUE,D4.1,D4Leicester
D,455,Bednarek,4,4,Southampton,86,2.81,84,2.08,84,1.25,80,1.4,79,1.57,77,1.35,78,1.3,78,1.63,76,2.2,76,1.8,76,2.18,0.01,91,86,84,84,80,79,77,78,78,76,76,76,0.72,2.81,2.08,1.25,1.4,1.57,1.35,1.3,1.63,2.2,1.8,2.18,2.81,91,20.29,965,TRUE,D4,D4Southampton
D,326,Konaté,5.3,5.3,Liverpool,81,3.18,77,3.07,71,2.96,71,2.15,70,2.17,70,2.87,68,2.96,70,1.79,69,3.36,70,2.6,68,2.58,0,85,81,77,71,71,70,70,68,70,69,70,68,2.33,3.18,3.07,2.96,2.15,2.17,2.87,2.96,1.79,3.36,2.6,2.58,3.36,85,32.02,870,TRUE,D5.3,D5.5Liverpool
D,341,Aké,5.3,5.3,Man City,60,2.69,59,2.47,60,2.51,58,1.86,59,3.2,60,2.87,60,2.79,61,2.54,62,3.41,57,2.86,60,3.15,0,53,60,59,60,58,59,60,60,61,62,57,60,2.9,2.69,2.47,2.51,1.86,3.2,2.87,2.79,2.54,3.41,2.86,3.15,3.41,62,33.25,709,TRUE,D5.3,D5.5Man City
D,340,Akanji,5.5,5.5,Man City,65,2.7,65,2.56,65,2.52,65,1.96,65,3.35,63,2.88,63,2.76,63,2.49,65,3.43,64,3.08,64,3.22,0.01,70,65,65,65,65,65,63,63,63,65,64,64,3.72,2.7,2.56,2.52,1.96,3.35,2.88,2.76,2.49,3.43,3.08,3.22,3.72,70,34.67,777,TRUE,D5.5,D5.5Man City
D,415,Schär,5.4,5.4,Newcastle,87,2.56,85,3.08,83,3.3,81,2.79,80,2.01,80,2.63,80,3.65,79,2.97,79,2.8,77,1.97,75,1.51,0,91,87,85,83,81,80,80,80,79,79,77,75,2.16,2.56,3.08,3.3,2.79,2.01,2.63,3.65,2.97,2.8,1.97,1.51,3.65,91,31.43,977,TRUE,D5.4,D5.5Newcastle
D,418,Trippier,5.7,5.7,Newcastle,0,0,23,1.04,65,3.33,65,2.78,64,2.09,61,2.48,61,3.5,60,2.85,58,2.66,60,1.98,62,1.69,0,0,0,23,65,65,64,61,61,60,58,60,62,0,0,1.04,3.33,2.78,2.09,2.48,3.5,2.85,2.66,1.98,1.69,3.5,65,24.4,579,TRUE,D5.7,D5.5Newcastle
D,495,Pedro Porro,5.5,5.5,Spurs,84,3.63,83,4.91,81,1.92,79,4.08,80,3.16,78,3.27,79,3.87,80,2.75,80,3.6,78,4.48,78,3.54,0.45,88,84,83,81,79,80,78,79,80,80,78,78,3.88,3.63,4.91,1.92,4.08,3.16,3.27,3.87,2.75,3.6,4.48,3.54,4.91,88,43.09,968,TRUE,D5.5,D5.5Spurs
D,79,Senesi,4.8,4.8,Bournemouth,81,1.77,75,2.21,75,2.44,71,2.34,71,1.79,67,2.35,70,2.63,69,1.6,70,2.77,70,2.01,71,2.86,0,84,81,75,75,71,71,67,70,69,70,70,71,2.16,1.77,2.21,2.44,2.34,1.79,2.35,2.63,1.6,2.77,2.01,2.86,2.86,84,26.93,874,TRUE,D4.8,D5Bournemouth
D,122,Estupiñan,5,5,Brighton,61,1.47,58,1.65,59,2.05,57,2.91,56,2.07,57,2.48,58,2.75,57,2.14,56,2.6,56,1.85,56,1.84,0,59,61,58,59,57,56,57,58,57,56,56,56,2.99,1.47,1.65,2.05,2.91,2.07,2.48,2.75,2.14,2.6,1.85,1.84,2.99,61,26.8,690,TRUE,D5,D5Brighton
D,172,James,4.9,4.9,Chelsea,48,1.97,58,2.47,56,3.05,56,2.92,52,2.71,52,1.77,54,3.12,55,2.77,53,2.95,54,2.86,54,2.64,0,37,48,58,56,56,52,52,54,55,53,54,54,1.8,1.97,2.47,3.05,2.92,2.71,1.77,3.12,2.77,2.95,2.86,2.64,3.12,58,31.03,629,TRUE,D4.9,D5Chelsea
D,163,Cucurella,5,5,Chelsea,82,2.43,81,2.59,77,3.19,77,3.01,75,3.04,75,1.71,74,3.21,75,2.93,74,3.14,72,2.96,72,2.65,0,84,82,81,77,77,75,75,74,75,74,72,72,3.11,2.43,2.59,3.19,3.01,3.04,1.71,3.21,2.93,3.14,2.96,2.65,3.21,84,33.97,918,TRUE,D5,D5Chelsea
D,211,Muñoz,4.8,4.8,Crystal Palace,86,3.1,82,3.26,81,2.29,77,2.65,76,2.89,75,1.84,75,2.12,73,2.11,76,2.2,74,3.41,76,2.3,0,64,86,82,81,77,76,75,75,73,76,74,76,1.76,3.1,3.26,2.29,2.65,2.89,1.84,2.12,2.11,2.2,3.41,2.3,3.41,86,29.93,915,TRUE,D4.8,D5Crystal Palace
D,210,Mitchell,4.9,4.9,Crystal Palace,82,2.74,81,2.98,79,2.05,79,2.47,78,2.79,79,1.76,78,2.02,79,2.14,77,2.06,76,3.17,78,2.19,0,84,82,81,79,79,78,79,78,79,77,76,78,2.1,2.74,2.98,2.05,2.47,2.79,1.76,2.02,2.14,2.06,3.17,2.19,3.17,84,28.47,950,TRUE,D4.9,D5Crystal Palace
D,236,Tarkowski,4.8,4.8,Everton,91,2.82,88,2.23,88,2.84,87,1.64,86,3.09,85,1.55,84,1.3,83,1.94,83,0.94,83,2.97,83,1.84,0,92,91,88,88,87,86,85,84,83,83,83,83,2.86,2.82,2.23,2.84,1.64,3.09,1.55,1.3,1.94,0.94,2.97,1.84,3.09,92,26.02,1033,TRUE,D4.8,D5Everton
D,219,Branthwaite,4.8,4.8,Everton,82,2.51,84,2.11,83,2.71,82,1.52,80,2.84,79,1.42,80,1.24,79,1.83,80,0.89,78,2.72,79,1.72,0,43,82,84,83,82,80,79,80,79,80,78,79,1.35,2.51,2.11,2.71,1.52,2.84,1.42,1.24,1.83,0.89,2.72,1.72,2.84,84,22.86,929,TRUE,D4.8,D5Everton
D,355,Lewis,4.8,4.8,Man City,59,2.65,56,2.4,56,2.36,56,1.82,57,3.13,58,2.76,56,2.66,55,2.31,55,3.05,58,2.98,55,2.92,0.53,64,59,56,56,56,57,58,56,55,55,58,55,3.59,2.65,2.4,2.36,1.82,3.13,2.76,2.66,2.31,3.05,2.98,2.92,3.59,64,32.63,685,TRUE,D4.8,D5Man City
D,387,Shaw,4.9,4.9,Man Utd,54,1.77,72,3.44,71,2.83,68,3.1,68,1.55,66,3,65,1.2,66,2.56,66,2.45,65,2.36,66,1.24,0,16,54,72,71,68,68,66,65,66,66,65,66,0.56,1.77,3.44,2.83,3.1,1.55,3,1.2,2.56,2.45,2.36,1.24,3.44,72,26.06,743,TRUE,D4.9,D5Man Utd
D,369,Dalot,5.1,5.1,Man Utd,81,2.61,78,3.82,73,2.91,72,3.25,72,1.59,72,3.18,70,1.23,71,2.77,73,2.7,71,2.53,71,1.28,0.01,90,81,78,73,72,72,72,70,71,73,71,71,2.98,2.61,3.82,2.91,3.25,1.59,3.18,1.23,2.77,2.7,2.53,1.28,3.82,90,30.85,894,TRUE,D5.1,D5Man Utd
D,505,Udogie,4.9,4.9,Spurs,81,3.09,80,4.21,78,1.66,78,3.55,75,2.64,73,2.7,73,3.17,74,2.27,71,2.85,71,3.59,71,2.87,0,84,81,80,78,78,75,73,73,74,71,71,71,3.37,3.09,4.21,1.66,3.55,2.64,2.7,3.17,2.27,2.85,3.59,2.87,4.21,84,35.97,909,TRUE,D4.9,D5Spurs
D,498,Romero,5.1,5.1,Spurs,88,2.83,85,3.84,84,1.41,84,3.27,84,2.42,84,2.54,82,3.02,81,2.04,79,2.74,79,3.41,80,2.68,0,91,88,85,84,84,84,84,82,81,79,79,80,3.11,2.83,3.84,1.41,3.27,2.42,2.54,3.02,2.04,2.74,3.41,2.68,3.84,91,33.31,1001,TRUE,D5.1,D5Spurs
D,24,White,6.3,6.3,Arsenal,75,2.87,72,2.41,71,3.61,69,2.87,69,2.97,68,2.79,70,3.61,70,3.06,67,3.52,68,2.82,68,2.61,0,89,75,72,71,69,69,68,70,70,67,68,68,3.04,2.87,2.41,3.61,2.87,2.97,2.79,3.61,3.06,3.52,2.82,2.61,3.61,89,36.18,856,TRUE,D6.3,D6.5Arsenal
D,18,Saliba,6,6,Arsenal,87,3.1,84,2.62,84,4.09,82,3.31,81,3.32,81,3.23,79,3.94,81,3.43,80,4.07,79,3.15,80,2.9,0.14,0,87,84,84,82,81,81,79,81,80,79,80,0,3.1,2.62,4.09,3.31,3.32,3.23,3.94,3.43,4.07,3.15,2.9,4.09,87,37.16,898,TRUE,D6,D6Arsenal
D,3,Gabriel,6.3,6.1,Arsenal,85,3.23,84,2.82,83,4.32,81,3.44,81,3.54,81,3.41,79,4.19,79,3.55,78,4.23,78,3.27,78,3.01,0.8,92,85,84,83,81,81,81,79,79,78,78,78,3.29,3.23,2.82,4.32,3.44,3.54,3.41,4.19,3.55,4.23,3.27,3.01,4.32,92,42.3,979,TRUE,D6.1,D6Arsenal
D,335,Robertson,6,6,Liverpool,76,3.95,76,3.91,72,3.9,71,2.71,72,2.94,69,3.63,71,3.92,69,2.38,69,4.46,68,3.27,68,3.38,0.15,80,76,76,72,71,72,69,71,69,69,68,68,2.76,3.95,3.91,3.9,2.71,2.94,3.63,3.92,2.38,4.46,3.27,3.38,4.46,80,41.21,861,TRUE,D6,D6Liverpool
D,339,Virgil,6,6,Liverpool,89,3.73,87,3.64,84,3.65,83,2.6,84,2.78,81,3.52,80,3.67,81,2.19,80,4.14,82,3.2,80,3.23,0,91,89,87,84,83,84,81,80,81,80,82,80,2.61,3.73,3.64,3.65,2.6,2.78,3.52,3.67,2.19,4.14,3.2,3.23,4.14,91,38.96,1002,TRUE,D6,D6Liverpool
D,350,Gvardiol,6.1,6.1,Man City,68,2.96,68,2.88,67,2.79,68,2.12,66,3.61,67,3.19,67,3.17,67,2.81,67,3.82,67,3.46,65,3.49,0.23,73,68,68,67,68,66,67,67,67,67,67,65,4.23,2.96,2.88,2.79,2.12,3.61,3.19,3.17,2.81,3.82,3.46,3.49,4.23,73,38.53,810,TRUE,D6.1,D6Man City
D,311,Alexander-Arnold,7.1,7,Liverpool,81,4.45,79,4.35,77,4.41,76,3.1,76,3.3,74,4.15,75,4.51,75,2.74,71,4.93,74,3.79,73,3.98,0.56,85,81,79,77,76,76,74,75,75,71,74,73,3.02,4.45,4.35,4.41,3.1,3.3,4.15,4.51,2.74,4.93,3.79,3.98,4.93,85,46.73,916,TRUE,D7,D7Liverpool
F,351,Haaland,15.4,15.4,Man City,85,6.04,81,5.79,79,6.36,79,4.59,76,6.51,77,5.52,76,6.54,77,5.32,77,7.33,76,6.41,74,6.77,0.89,89,85,81,79,79,76,77,76,77,77,76,74,9.06,6.04,5.79,6.36,4.59,6.51,5.52,6.54,5.32,7.33,6.41,6.77,9.06,89,76.24,946,TRUE,F15.4,F15.5Man City
F,473,Stewart,4.6,4.6,Southampton,0,0,9,0.54,22,1.24,22,1.26,23,1.35,24,1.33,23,1.38,24,1.32,25,1.55,26,1.43,24,1.61,0.05,0,0,9,22,22,23,24,23,24,25,26,24,0,0,0.54,1.24,1.26,1.35,1.33,1.38,1.32,1.55,1.43,1.61,1.61,26,13.01,222,FALSE,F4.6,F4.5Southampton
F,539,Chiwome,4.5,4.5,Wolves,10,0.55,8,0.47,6,0.33,7,0.41,7,0.38,6,0.37,8,0.45,7,0.4,8,0.44,8,0.41,8,0.43,0.02,8,10,8,6,7,7,6,8,7,8,8,8,0.44,0.55,0.47,0.33,0.41,0.38,0.37,0.45,0.4,0.44,0.41,0.43,0.55,10,5.08,91,FALSE,F4.5,F4.5Wolves
F,129,João Pedro,5.4,5.4,Brighton,51,2.28,67,3.23,65,3.58,66,4.83,65,3.42,65,3.98,66,4.15,62,3.52,64,4.25,64,3.29,63,3.05,0.2,10,51,67,65,66,65,65,66,62,64,64,63,0.78,2.28,3.23,3.58,4.83,3.42,3.98,4.15,3.52,4.25,3.29,3.05,4.83,67,40.36,708,TRUE,F5.4,F5.5Brighton
F,232,Ndiaye,5.4,5.4,Everton,76,3.23,75,2.99,73,3.26,74,2.81,72,3.36,72,2.66,70,2.28,71,2.92,71,2.29,70,3.02,70,2.71,0,80,76,75,73,74,72,72,70,71,71,70,70,3.39,3.23,2.99,3.26,2.81,3.36,2.66,2.28,2.92,2.29,3.02,2.71,3.39,80,34.92,874,TRUE,F5.4,F5.5Everton
F,252,Raúl,5.7,5.7,Fulham,71,3.99,71,3.42,68,4.15,68,3.13,66,3.73,65,2.91,65,2.72,65,4.31,65,3.04,66,3.85,64,4.11,0.02,72,71,71,68,68,66,65,65,65,65,66,64,3.75,3.99,3.42,4.15,3.13,3.73,2.91,2.72,4.31,3.04,3.85,4.11,4.31,72,43.11,806,TRUE,F5.7,F5.5Fulham
F,268,Delap,5.7,5.7,Ipswich,69,3.95,70,2.96,68,3.45,65,2.9,65,3.3,64,3.33,63,3.01,62,3.12,61,2.22,63,2.99,63,2.72,0.02,72,69,70,68,65,65,64,63,62,61,63,63,3.4,3.95,2.96,3.45,2.9,3.3,3.33,3.01,3.12,2.22,2.99,2.72,3.95,72,37.35,785,TRUE,F5.7,F5.5Ipswich
F,306,Vardy,5.7,5.7,Leicester,73,3.82,71,3.23,67,3.44,67,3.22,66,3.75,65,3.49,63,2.82,64,3.79,65,2.54,65,2.73,64,2.81,0.02,79,73,71,67,67,66,65,63,64,65,65,64,4.27,3.82,3.23,3.44,3.22,3.75,3.49,2.82,3.79,2.54,2.73,2.81,4.27,79,39.91,809,TRUE,F5.7,F5.5Leicester
F,512,Antonio,5.4,5.4,West Ham,63,2.75,55,2.84,50,2.21,44,1.86,43,2.18,43,2.33,43,2,43,2.18,43,2.18,43,1.9,41,1.55,0,72,63,55,50,44,43,43,43,43,43,43,41,3.46,2.75,2.84,2.21,1.86,2.18,2.33,2,2.18,2.18,1.9,1.55,3.46,72,27.44,583,TRUE,F5.4,F5.5West Ham
F,566,Strand Larsen,5.5,5.5,Wolves,74,3.62,70,3.99,70,2.99,68,3.43,68,3.17,69,3.08,68,3.77,68,3.27,66,3.24,66,2.71,67,3.31,0,77,74,70,70,68,68,69,68,68,66,66,67,3.35,3.62,3.99,2.99,3.43,3.17,3.08,3.77,3.27,3.24,2.71,3.31,3.99,77,39.93,831,TRUE,F5.5,F5.5Wolves
F,289,Daka,4.8,4.8,Leicester,17,1.06,19,1.06,21,1.24,22,1.27,22,1.38,25,1.51,22,1.2,24,1.58,23,1.09,22,1.1,24,1.24,0,16,17,19,21,22,22,25,22,24,23,22,24,0.99,1.06,1.06,1.24,1.27,1.38,1.51,1.2,1.58,1.09,1.1,1.24,1.58,25,14.72,257,FALSE,F4.8,F5Leicester
F,470,Onuachu,4.9,4.9,Southampton,29,1.77,27,1.54,23,1.18,25,1.35,25,1.39,25,1.3,25,1.39,24,1.32,26,1.6,25,1.36,24,1.53,0,29,29,27,23,25,25,25,25,24,26,25,24,1.31,1.77,1.54,1.18,1.35,1.39,1.3,1.39,1.32,1.6,1.36,1.53,1.77,29,17.04,307,FALSE,F4.9,F5Southampton
F,27,Archer,5,5,Southampton,54,3.14,51,2.73,48,2.27,45,2.25,47,2.42,43,2.12,43,2.31,41,2.08,44,2.62,42,2.11,43,2.56,0.01,56,54,51,48,45,47,43,43,41,44,42,43,2.26,3.14,2.73,2.27,2.25,2.42,2.12,2.31,2.08,2.62,2.11,2.56,3.14,56,28.87,557,TRUE,F5,F5Southampton
F,389,Zirkzee,6.7,6.7,Man Utd,38,2.16,37,2.59,40,2.52,39,2.55,41,1.84,41,2.47,39,1.7,41,2.58,41,2.48,40,2.4,40,1.94,0,37,38,37,40,39,41,41,39,41,41,40,40,2.04,2.16,2.59,2.52,2.55,1.84,2.47,1.7,2.58,2.48,2.4,1.94,2.59,41,27.27,474,TRUE,F6.7,F6.5Man Utd
F,447,Wood,6.3,6.3,Nott'm Forest,79,4.1,78,3.92,78,2.85,77,4.44,75,2.77,76,3.33,73,3.77,76,3.63,75,3.67,75,3.6,75,3.67,0.21,84,79,78,78,77,75,76,73,76,75,75,75,4.39,4.1,3.92,2.85,4.44,2.77,3.33,3.77,3.63,3.67,3.6,3.67,4.44,84,44.14,921,TRUE,F6.3,F6.5Nott'm Forest
F,589,Füllkrug,6.7,6.7,West Ham,26,1.45,40,2.65,45,2.36,36,1.82,36,2.22,37,2.49,38,2.05,38,2.3,38,2.33,37,1.95,38,1.69,0,10,26,40,45,36,36,37,38,38,38,37,38,0.69,1.45,2.65,2.36,1.82,2.22,2.49,2.05,2.3,2.33,1.95,1.69,2.65,45,24,419,TRUE,F6.7,F6.5West Ham
F,541,Cunha,6.5,6.5,Wolves,77,4.06,75,4.52,73,3.27,72,3.79,71,3.38,72,3.4,71,4.09,69,3.52,71,3.62,70,2.9,68,3.52,0.01,80,77,75,73,72,71,72,71,69,71,70,68,3.54,4.06,4.52,3.27,3.79,3.38,3.4,4.09,3.52,3.62,2.9,3.52,4.52,80,43.61,869,TRUE,F6.5,F6.5Wolves
F,617,Evanilson,5.9,5.9,Bournemouth,68,2.94,65,3.46,64,3.77,64,3.57,65,3.55,65,3.72,64,3.91,61,3.06,61,3.56,63,3.14,63,3.95,0,69,68,65,64,64,65,65,64,61,61,63,63,3.43,2.94,3.46,3.77,3.57,3.55,3.72,3.91,3.06,3.56,3.14,3.95,3.95,69,42.06,772,TRUE,F5.9,F6Bournemouth
F,110,Wissa,5.9,5.9,Brentford,71,3.35,71,3.83,67,3.32,68,4.1,67,2.99,66,3.37,69,2.91,67,3.49,62,2.93,63,2.65,54,2.89,0,64,71,71,67,68,67,66,69,67,62,63,54,3.92,3.35,3.83,3.32,4.1,2.99,3.37,2.91,3.49,2.93,2.65,2.89,4.1,71,39.75,789,TRUE,F5.9,F6Brentford
F,148,Welbeck,5.9,5.9,Brighton,72,2.94,66,2.83,64,3.1,63,4.05,63,3.01,61,3.37,58,3.25,59,3.04,58,3.44,60,2.85,62,2.71,0.02,59,72,66,64,63,63,61,58,59,58,60,62,3.95,2.94,2.83,3.1,4.05,3.01,3.37,3.25,3.04,3.44,2.85,2.71,4.05,72,38.54,745,TRUE,F5.9,F6Brighton
F,11,Nketiah,5.9,5.9,Crystal Palace,71,3.37,68,3.17,66,2.73,68,3.15,68,3.22,67,2.53,65,2.78,66,2.52,66,2.85,66,3.59,66,2.99,0,72,71,68,66,68,68,67,65,66,66,66,66,3.21,3.37,3.17,2.73,3.15,3.22,2.53,2.78,2.52,2.85,3.59,2.99,3.59,72,36.11,809,TRUE,F5.9,F6Crystal Palace
F,220,Calvert-Lewin,6,6,Everton,77,4.09,72,3.55,70,4,67,3.22,69,4.06,68,3.12,69,2.62,68,3.51,66,2.53,65,3.58,67,3.29,0.6,82,77,72,70,67,69,68,69,68,66,65,67,4.42,4.09,3.55,4,3.22,4.06,3.12,2.62,3.51,2.53,3.58,3.29,4.42,82,41.99,840,TRUE,F6,F6Everton
F,207,Mateta,7.3,7.3,Crystal Palace,52,2.9,52,2.9,51,2.51,53,2.95,50,2.81,53,2.35,52,2.57,54,2.41,53,2.7,54,3.53,53,2.8,0,51,52,52,51,53,50,53,52,54,53,54,53,2.73,2.9,2.9,2.51,2.95,2.81,2.35,2.57,2.41,2.7,3.53,2.8,3.53,54,33.16,628,TRUE,F7.3,F7.5Crystal Palace
F,82,Solanke,7.7,7.6,Spurs,78,4.69,75,5.7,76,3.32,76,4.98,72,4.24,73,4.62,71,4.76,72,3.98,72,4.1,72,5.41,73,4.79,0.79,82,78,75,76,76,72,73,71,72,72,72,73,4.77,4.69,5.7,3.32,4.98,4.24,4.62,4.76,3.98,4.1,5.41,4.79,5.7,82,55.36,892,TRUE,F7.6,F7.5Spurs
F,316,Darwin,7.1,7.1,Liverpool,36,2.6,37,2.66,37,2.68,39,2.16,41,2.51,40,2.69,41,2.88,41,2.43,41,3.37,41,2.63,39,2.79,0,43,36,37,37,39,41,40,41,41,41,41,39,2.1,2.6,2.66,2.68,2.16,2.51,2.69,2.88,2.43,3.37,2.63,2.79,3.37,43,31.5,476,TRUE,F7.1,F7Liverpool
F,321,Gakpo,7.1,7.1,Liverpool,34,2.22,33,2.15,33,2.23,35,1.85,35,1.98,35,2.28,37,2.41,35,1.98,37,2.79,36,2.24,37,2.49,0,42,34,33,33,35,35,35,37,35,37,36,37,1.96,2.22,2.15,2.23,1.85,1.98,2.28,2.41,1.98,2.79,2.24,2.49,2.79,42,26.58,429,TRUE,F7.1,F7Liverpool
F,375,Højlund,6.9,6.9,Man Utd,58,3.05,57,3.87,55,3.2,55,3.51,53,2.19,53,3.13,53,2.19,51,3.11,51,2.82,53,3.04,52,2.29,0,65,58,57,55,55,53,53,53,51,51,53,52,3.39,3.05,3.87,3.2,3.51,2.19,3.13,2.19,3.11,2.82,3.04,2.29,3.87,65,35.79,656,TRUE,F6.9,F7Man Utd
F,4,Havertz,8.3,8.3,Arsenal,84,3.86,82,3.69,79,4.35,81,4.07,78,4.26,77,3.65,77,4.69,76,3.65,77,4.82,77,3.94,75,3.62,0.11,89,84,82,79,81,78,77,77,76,77,77,75,4.12,3.86,3.69,4.35,4.07,4.26,3.65,4.69,3.65,4.82,3.94,3.62,4.82,89,48.72,952,TRUE,F8.3,F8.5Arsenal
F,401,Isak,8.3,8.3,Newcastle,81,3.86,78,4.23,79,5.36,76,4.15,75,4.05,73,4.19,73,5.5,72,4.54,73,4.66,73,3.98,72,3.68,0,86,81,78,79,76,75,73,73,72,73,73,72,4.47,3.86,4.23,5.36,4.15,4.05,4.19,5.5,4.54,4.66,3.98,3.68,5.5,86,52.67,911,TRUE,F8.3,F8.5Newcastle
F,180,N.Jackson,7.9,7.9,Chelsea,72,3.63,64,3.09,66,4.13,63,3.8,61,3.86,60,3.06,60,3.99,61,3.65,57,3.56,60,3.77,59,3.25,0,71,72,64,66,63,61,60,60,61,57,60,59,4.31,3.63,3.09,4.13,3.8,3.86,3.06,3.99,3.65,3.56,3.77,3.25,4.31,72,44.1,754,TRUE,F7.9,F8Chelsea
F,58,Watkins,9.1,9.1,Aston Villa,82,4.23,81,3.53,78,4.78,77,3.79,78,5.01,79,5.57,77,3.96,77,3.5,77,3.86,77,4.68,77,5.41,0.03,84,82,81,78,77,78,79,77,77,77,77,77,5.19,4.23,3.53,4.78,3.79,5.01,5.57,3.96,3.5,3.86,4.68,5.41,5.57,84,53.51,944,TRUE,F9.1,F9Aston Villa
G,152,Arrizabalaga,4.5,4.5,Bournemouth,93,3.08,92,3.32,92,3.34,92,3.47,91,3.06,91,3.49,90,3.46,90,3.09,91,3.58,90,3.25,90,3.58,0,94,93,92,92,92,91,91,90,90,91,90,90,3.23,3.08,3.32,3.34,3.47,3.06,3.49,3.46,3.09,3.58,3.25,3.58,3.58,94,39.95,1096,TRUE,G4.5,G4.5Bournemouth
G,91,Flekken,4.5,4.5,Brentford,93,3.45,93,3.37,92,3.42,92,3.7,92,3.2,91,3.26,90,3.09,91,3.56,91,3.16,91,3.11,91,3.39,0.57,94,93,93,92,92,92,91,90,91,91,91,91,3.75,3.45,3.37,3.42,3.7,3.2,3.26,3.09,3.56,3.16,3.11,3.39,3.75,94,40.46,1101,TRUE,G4.5,G4.5Brentford
G,146,Verbruggen,4.5,4.5,Brighton,91,2.99,90,3.03,89,3.15,88,3.51,87,3.14,86,3.36,87,3.44,86,3.13,88,3.37,86,2.97,85,2.99,0.04,92,91,90,89,88,87,86,87,86,88,86,85,3.66,2.99,3.03,3.15,3.51,3.14,3.36,3.44,3.13,3.37,2.97,2.99,3.66,92,38.74,1055,TRUE,G4.5,G4.5Brighton
G,185,Sánchez,4.7,4.7,Chelsea,91,3.17,89,3.25,89,3.5,87,3.31,88,3.42,86,2.87,87,3.41,87,3.35,85,3.38,86,3.34,86,3.31,0.02,92,91,89,89,87,88,86,87,87,85,86,86,3.43,3.17,3.25,3.5,3.31,3.42,2.87,3.41,3.35,3.38,3.34,3.31,3.5,92,39.74,1053,TRUE,G4.7,G4.5Chelsea
G,201,Henderson,4.5,4.5,Crystal Palace,93,3.43,92,3.48,92,3.19,91,3.22,91,3.44,91,2.93,90,3.08,91,3.08,90,3.13,90,3.56,91,3.08,0.1,93,93,92,92,91,91,91,90,91,90,90,91,3.09,3.43,3.48,3.19,3.22,3.44,2.93,3.08,3.08,3.13,3.56,3.08,3.56,93,38.71,1095,TRUE,G4.5,G4.5Crystal Palace
G,568,Muric,4.4,4.4,Ipswich,93,3.55,91,2.94,91,3.09,90,3.16,90,3.33,89,3.13,89,3.11,89,3.01,90,2.9,90,2.99,90,3.06,0.03,94,93,91,91,90,90,89,89,89,90,90,90,3.21,3.55,2.94,3.09,3.16,3.33,3.13,3.11,3.01,2.9,2.99,3.06,3.55,94,37.48,1086,TRUE,G4.4,G4.5Ipswich
G,293,Hermansen,4.5,4.5,Leicester,92,3.36,91,3,91,3.03,90,3.12,91,3.35,91,3.17,91,3,91,3.43,90,2.97,89,2.9,89,2.94,0,94,92,91,91,90,91,91,91,91,90,89,89,3.52,3.36,3,3.03,3.12,3.35,3.17,3,3.43,2.97,2.9,2.94,3.52,94,37.79,1090,TRUE,G4.5,G4.5Leicester
G,325,Kelleher,4.4,4.4,Liverpool,93,3.85,93,3.81,59,2.52,21,0.76,2,0.09,3,0.12,4,0.19,3,0.12,5,0.22,4,0.18,3,0.13,0.02,94,93,93,59,21,2,3,4,3,5,4,3,3.45,3.85,3.81,2.52,0.76,0.09,0.12,0.19,0.12,0.22,0.18,0.13,3.85,94,15.44,384,TRUE,G4.4,G4.5Liverpool
G,443,Sels,4.5,4.5,Nott'm Forest,93,3.52,93,3.31,92,3.06,91,3.64,91,2.97,90,3.06,90,3.29,89,3.22,90,3,90,3.37,89,3.35,0.01,94,93,93,92,91,91,90,90,89,90,90,89,3.59,3.52,3.31,3.06,3.64,2.97,3.06,3.29,3.22,3,3.37,3.35,3.64,94,39.38,1092,TRUE,G4.5,G4.5Nott'm Forest
G,14,Ramsdale,4.4,4.4,Southampton,93,3.42,92,3.23,91,2.89,91,3.04,92,2.99,91,2.97,90,2.9,90,3.02,90,3.23,90,3.13,91,3.25,0.01,94,93,92,91,91,92,91,90,90,90,90,91,3.09,3.42,3.23,2.89,3.04,2.99,2.97,2.9,3.02,3.23,3.13,3.25,3.42,94,37.16,1095,TRUE,G4.4,G4.5Southampton
G,513,Areola,4.5,4.5,West Ham,93,3.39,92,3.56,92,3.09,92,3.09,92,3.49,92,3.56,90,3.11,89,3.17,90,3.35,89,2.93,90,2.93,0,94,93,92,92,92,92,92,90,89,90,89,90,3.26,3.39,3.56,3.09,3.09,3.49,3.56,3.11,3.17,3.35,2.93,2.93,3.56,94,38.93,1095,TRUE,G4.5,G4.5West Ham
G,204,Johnstone,4.4,4.4,Wolves,92,3.35,91,3.45,91,3.15,90,3.15,90,3.21,90,3.1,90,3.48,89,3.26,89,3,88,2.78,88,3.34,0,69,92,91,91,90,90,90,90,89,89,88,88,2.34,3.35,3.45,3.15,3.15,3.21,3.1,3.48,3.26,3,2.78,3.34,3.48,92,37.61,1057,TRUE,G4.4,G4.5Wolves
G,536,Bentley,4,4,Wolves,0,0,0,0,0,0,0,0,0,0,0,0,0,0,0,0,0,0,1,0.04,0,0,0.02,0,0,0,0,0,0,0,0,0,0,1,0,0,0,0,0,0,0,0,0,0,0,0.04,0,0.04,1,0.04,1,FALSE,G4,G4Wolves
G,15,Raya,5.7,5.6,Arsenal,93,3.67,93,3.52,92,4.22,91,3.77,92,3.74,92,3.81,91,4.21,90,3.86,90,4.2,90,3.7,90,3.57,0.26,94,93,93,92,91,92,92,91,90,90,90,90,3.57,3.67,3.52,4.22,3.77,3.74,3.81,4.21,3.86,4.2,3.7,3.57,4.22,94,45.84,1098,TRUE,G5.6,G5.5Arsenal
G,310,A.Becker,5.4,5.4,Liverpool,0,0,0,0,34,1.4,73,2.7,93,3.53,92,3.91,91,3.89,92,3.24,90,4.09,90,3.67,92,3.67,0,0,0,0,34,73,93,92,91,92,90,90,92,0,0,0,1.4,2.7,3.53,3.91,3.89,3.24,4.09,3.67,3.67,4.09,93,30.1,747,TRUE,G5.4,G5.5Liverpool
G,347,Ederson M.,5.5,5.5,Man City,91,3.64,90,3.53,88,3.34,88,3.11,86,3.92,86,3.6,85,3.45,85,3.3,85,3.85,85,3.73,84,3.71,0.05,93,91,90,88,88,86,86,85,85,85,85,84,4.22,3.64,3.53,3.34,3.11,3.92,3.6,3.45,3.3,3.85,3.73,3.71,4.22,93,43.4,1046,TRUE,G5.5,G5.5Man City
G,47,Martinez,5,5,Aston Villa,93,3.15,92,2.99,93,3.73,92,3.13,91,3.57,91,3.72,91,3.54,91,3.06,91,3.18,91,3.43,90,3.75,0.01,94,93,92,93,92,91,91,91,91,91,91,90,3.52,3.15,2.99,3.73,3.13,3.57,3.72,3.54,3.06,3.18,3.43,3.75,3.75,94,40.77,1100,TRUE,G5,G5Aston Villa
G,235,Pickford,4.8,4.8,Everton,93,3.42,92,3.24,91,3.33,91,3.05,91,3.49,89,2.87,91,2.95,91,3.05,92,2.98,91,3.52,91,3.1,0,94,93,92,91,91,91,89,91,91,92,91,91,3.48,3.42,3.24,3.33,3.05,3.49,2.87,2.95,3.05,2.98,3.52,3.1,3.52,94,38.48,1097,TRUE,G4.8,G5Everton
G,248,Leno,5,5,Fulham,93,3.58,92,3.51,92,3.71,91,3.02,90,3.32,90,3.19,90,2.95,89,3.61,90,3.07,90,3.38,90,3.65,0,94,93,92,92,91,90,90,90,89,90,90,90,3.6,3.58,3.51,3.71,3.02,3.32,3.19,2.95,3.61,3.07,3.38,3.65,3.71,94,40.59,1091,TRUE,G5,G5Fulham
G,383,Onana,5,5,Man Utd,93,3.25,93,3.79,92,3.47,91,3.63,91,3.08,91,3.64,91,2.98,91,3.34,91,3.41,91,3.24,91,2.98,0,94,93,93,92,91,91,91,91,91,91,91,91,3.43,3.25,3.79,3.47,3.63,3.08,3.64,2.98,3.34,3.41,3.24,2.98,3.79,94,40.24,1100,TRUE,G5,G5Man Utd
G,413,Pope,5,5,Newcastle,92,3.26,92,3.47,90,3.5,91,3.38,91,3.04,90,3.27,90,3.71,91,3.48,91,3.4,90,3.07,90,2.94,0,93,92,92,90,91,91,90,90,91,91,90,90,3.17,3.26,3.47,3.5,3.38,3.04,3.27,3.71,3.48,3.4,3.07,2.94,3.71,93,39.69,1091,TRUE,G5,G5Newcastle
G,508,Vicario,5,5,Spurs,93,3.42,92,3.92,91,3.11,91,3.65,91,3.32,91,3.27,91,3.57,91,3.12,90,3.54,90,3.7,90,3.36,0,94,93,92,91,91,91,91,91,91,90,90,90,3.63,3.42,3.92,3.11,3.65,3.32,3.27,3.57,3.12,3.54,3.7,3.36,3.92,94,41.61,1095,TRUE,G5,G5Spurs
M,17,Saka,10.1,10,Arsenal,86,5.11,82,4.66,79,5.66,79,5.06,77,5.47,78,4.63,74,5.75,76,4.61,75,6.13,77,4.79,78,4.67,0.51,65,86,82,79,79,77,78,74,76,75,77,78,3.89,5.11,4.66,5.66,5.06,5.47,4.63,5.75,4.61,6.13,4.79,4.67,6.13,86,60.43,926,TRUE,M10,M10Arsenal
M,503,Son,9.9,9.9,Spurs,85,5.57,84,7.15,84,3.94,82,6.08,84,5.25,82,5.59,81,5.96,82,4.83,81,5.06,82,6.73,81,5.71,0.42,87,85,84,84,82,84,82,81,82,81,82,81,5.47,5.57,7.15,3.94,6.08,5.25,5.59,5.96,4.83,5.06,6.73,5.71,7.15,87,67.34,995,TRUE,M9.9,M10Spurs
M,182,Palmer,10.8,10.8,Chelsea,86,5.39,82,4.79,78,5.94,77,5.84,77,5.78,74,4.22,74,6.06,75,5.25,76,5.9,72,5.31,75,4.8,0.17,88,86,82,78,77,77,74,74,75,76,72,75,6.75,5.39,4.79,5.94,5.84,5.78,4.22,6.06,5.25,5.9,5.31,4.8,6.75,88,66.03,934,TRUE,M10.8,M11Chelsea
M,328,M.Salah,12.6,12.5,Liverpool,84,6.71,83,6.85,82,6.83,81,5.03,80,5.46,80,6.12,79,6.68,80,5.12,79,7.8,78,5.83,78,6.51,0.12,90,84,83,82,81,80,80,79,80,79,78,78,4.75,6.71,6.85,6.83,5.03,5.46,6.12,6.68,5.12,7.8,5.83,6.51,7.8,90,73.69,974,TRUE,M12.5,M12.5Liverpool
M,309,Winks,4.5,4.5,Leicester,62,1.83,64,1.68,63,1.76,64,1.77,61,1.85,64,1.85,62,1.63,63,1.96,61,1.48,61,1.54,58,1.55,0.06,61,62,64,63,64,61,64,62,63,61,61,58,1.83,1.83,1.68,1.76,1.77,1.85,1.85,1.63,1.96,1.48,1.54,1.55,1.96,64,20.73,744,FALSE,M4.5,M4.5Leicester
M,442,Sangaré,4.4,4.4,Nott'm Forest,0,0,0,0,23,0.7,47,1.75,57,1.55,56,1.69,55,1.81,53,1.7,52,1.64,47,1.59,48,1.58,0.01,0,0,0,23,47,57,56,55,53,52,47,48,0,0,0,0.7,1.75,1.55,1.69,1.81,1.7,1.64,1.59,1.58,1.81,57,14.01,438,FALSE,M4.4,M4.5Nott'm Forest
M,608,Dibling,4.6,4.6,Southampton,61,3.36,60,2.98,55,2.47,54,2.5,52,2.57,51,2.33,53,2.65,52,2.36,56,3.02,52,2.44,53,2.94,0.1,70,61,60,55,54,52,51,53,52,56,52,53,2.54,3.36,2.98,2.47,2.5,2.57,2.33,2.65,2.36,3.02,2.44,2.94,3.36,70,32.16,669,TRUE,M4.6,M4.5Southampton
M,54,Rogers,5.4,5.4,Aston Villa,74,3.14,74,2.73,72,3.71,70,2.87,70,3.79,68,4.05,68,3.07,67,2.63,68,2.88,66,3.33,68,3.98,0.84,79,74,74,72,70,70,68,68,67,68,66,68,4.02,3.14,2.73,3.71,2.87,3.79,4.05,3.07,2.63,2.88,3.33,3.98,4.05,79,40.2,844,TRUE,M5.4,M5.5Aston Villa
M,57,Tielemans,5.5,5.5,Aston Villa,77,2.76,75,2.48,74,3.15,73,2.58,72,3.16,71,3.41,69,2.69,71,2.49,72,2.63,69,2.93,69,3.28,0,81,77,75,74,73,72,71,69,71,72,69,69,3.45,2.76,2.48,3.15,2.58,3.16,3.41,2.69,2.49,2.63,2.93,3.28,3.45,81,35.01,873,TRUE,M5.5,M5.5Aston Villa
M,83,Tavernier,5.5,5.5,Bournemouth,73,2.92,73,3.52,71,3.72,72,3.58,70,3.4,69,3.51,70,3.82,69,3.09,69,3.63,69,3.12,67,3.85,0,77,73,73,71,72,70,69,70,69,69,69,67,3.4,2.92,3.52,3.72,3.58,3.4,3.51,3.82,3.09,3.63,3.12,3.85,3.85,77,41.56,849,TRUE,M5.5,M5.5Bournemouth
M,78,Semenyo,5.6,5.6,Bournemouth,81,3.13,77,3.59,75,3.92,73,3.67,73,3.49,72,3.62,70,3.8,72,3.21,69,3.63,71,3.13,71,4.04,0.44,85,81,77,75,73,73,72,70,72,69,71,71,3.63,3.13,3.59,3.92,3.67,3.49,3.62,3.8,3.21,3.63,3.13,4.04,4.04,85,42.86,889,TRUE,M5.6,M5.5Bournemouth
M,95,Jensen,5.3,5.3,Brentford,66,2.35,71,2.78,69,2.6,67,2.91,66,2.28,65,2.5,66,2.19,64,2.6,66,2.31,66,2.2,64,2.51,0,35,66,71,69,67,66,65,66,64,66,66,64,1.57,2.35,2.78,2.6,2.91,2.28,2.5,2.19,2.6,2.31,2.2,2.51,2.91,71,28.8,765,TRUE,M5.3,M5.5Brentford
M,106,Schade,5.3,5.3,Brentford,47,2.21,48,2.52,49,2.44,49,2.87,48,2.16,48,2.4,48,2.04,46,2.48,44,2.03,42,1.81,38,2.04,0,52,47,48,49,49,48,48,48,46,44,42,38,3.1,2.21,2.52,2.44,2.87,2.16,2.4,2.04,2.48,2.03,1.81,2.04,3.1,52,28.1,559,TRUE,M5.3,M5.5Brentford
M,135,Minteh,5.4,5.4,Brighton,49,2.09,48,2.18,46,2.36,44,2.91,47,2.36,45,2.55,44,2.58,45,2.36,45,2.69,44,2.16,44,2.02,0.01,40,49,48,46,44,47,45,44,45,45,44,44,2.57,2.09,2.18,2.36,2.91,2.36,2.55,2.58,2.36,2.69,2.16,2.02,2.91,49,28.83,541,TRUE,M5.4,M5.5Brighton
M,618,Georginio,5.5,5.5,Brighton,42,1.82,40,1.83,39,2,40,2.57,41,2.06,42,2.35,40,2.3,41,2.13,40,2.41,40,1.98,41,1.85,0,57,42,40,39,40,41,42,40,41,40,40,41,3.51,1.82,1.83,2,2.57,2.06,2.35,2.3,2.13,2.41,1.98,1.85,3.51,57,26.81,503,TRUE,M5.5,M5.5Brighton
M,224,Harrison,5.3,5.3,Everton,65,2.92,64,2.64,60,2.83,61,2.38,61,2.98,60,2.33,58,2,63,2.61,60,1.99,60,2.74,60,2.42,0,69,65,64,60,61,61,60,58,63,60,60,60,3.07,2.92,2.64,2.83,2.38,2.98,2.33,2,2.61,1.99,2.74,2.42,3.07,69,30.91,741,TRUE,M5.3,M5.5Everton
M,230,McNeil,5.7,5.7,Everton,87,3.66,84,3.29,82,3.77,80,2.98,80,3.79,80,2.94,79,2.49,79,3.19,79,2.43,80,3.5,79,3.01,0.04,89,87,84,82,80,80,80,79,79,79,80,79,3.8,3.66,3.29,3.77,2.98,3.79,2.94,2.49,3.19,2.43,3.5,3.01,3.8,89,38.85,978,TRUE,M5.7,M5.5Everton
M,240,Andreas,5.3,5.3,Fulham,75,3.76,74,3.19,71,3.87,69,2.74,68,3.33,70,2.8,65,2.39,65,3.74,67,2.69,65,3.26,65,3.63,0.01,76,75,74,71,69,68,70,65,65,67,65,65,3.49,3.76,3.19,3.87,2.74,3.33,2.8,2.39,3.74,2.69,3.26,3.63,3.87,76,38.89,830,TRUE,M5.3,M5.5Fulham
M,247,Iwobi,5.5,5.5,Fulham,82,3.64,81,3.15,79,3.78,76,2.75,76,3.3,78,2.8,74,2.49,75,3.75,77,2.77,77,3.4,74,3.71,0,83,82,81,79,76,76,78,74,75,77,77,74,3.45,3.64,3.15,3.78,2.75,3.3,2.8,2.49,3.75,2.77,3.4,3.71,3.78,83,38.99,932,TRUE,M5.5,M5.5Fulham
M,274,Hutchinson,5.3,5.3,Ipswich,79,3.6,75,2.54,73,2.98,73,2.75,72,3.02,73,3.04,71,2.77,72,2.88,71,2.18,73,2.81,70,2.54,0,81,79,75,73,73,72,73,71,72,71,73,70,3.07,3.6,2.54,2.98,2.75,3.02,3.04,2.77,2.88,2.18,2.81,2.54,3.6,81,34.18,883,TRUE,M5.3,M5.5Ipswich
M,298,Mavididi,5.3,5.3,Leicester,61,3.03,60,2.62,60,2.77,60,2.78,61,3.17,62,3.11,59,2.53,59,3.28,56,2.13,57,2.27,58,2.48,0.01,64,61,60,60,60,61,62,59,59,56,57,58,3.24,3.03,2.62,2.77,2.78,3.17,3.11,2.53,3.28,2.13,2.27,2.48,3.28,64,33.41,717,TRUE,M5.3,M5.5Leicester
M,354,Kovačić,5.6,5.6,Man City,60,2.25,58,2.14,57,2.15,55,1.82,57,2.37,56,2.13,53,2.15,54,2.01,52,2.25,53,2.14,53,2.22,0,65,60,58,57,55,57,56,53,54,52,53,53,2.83,2.25,2.14,2.15,1.82,2.37,2.13,2.15,2.01,2.25,2.14,2.22,2.83,65,26.46,673,TRUE,M5.6,M5.5Man City
M,370,Eriksen,5.4,5.4,Man Utd,54,2.5,42,2.44,40,2.06,41,2.26,37,1.48,39,2.08,39,1.52,40,2.1,42,2.07,41,2.06,42,1.65,0,71,54,42,40,41,37,39,39,40,42,41,42,3.09,2.5,2.44,2.06,2.26,1.48,2.08,1.52,2.1,2.07,2.06,1.65,3.09,71,25.31,528,TRUE,M5.4,M5.5Man Utd
M,434,Hudson-Odoi,5.4,5.4,Nott'm Forest,63,2.94,58,2.6,56,2.02,57,2.93,56,1.98,56,2.27,55,2.53,55,2.4,55,2.38,55,2.45,53,2.36,0,67,63,58,56,57,56,56,55,55,55,55,53,3,2.94,2.6,2.02,2.93,1.98,2.27,2.53,2.4,2.38,2.45,2.36,3,67,29.86,686,TRUE,M5.4,M5.5Nott'm Forest
M,612,Odobert,5.3,5.3,Spurs,26,1.47,38,2.54,37,1.6,37,2.22,36,1.98,37,2.13,39,2.36,39,2.01,37,1.98,39,2.55,36,2.1,0,11,26,38,37,37,36,37,39,39,37,39,36,0.66,1.47,2.54,1.6,2.22,1.98,2.13,2.36,2.01,1.98,2.55,2.1,2.55,39,23.6,412,TRUE,M5.3,M5.5Spurs
M,587,Summerville,5.7,5.7,West Ham,51,2.51,52,3.11,52,2.38,37,1.72,35,1.95,37,2.29,37,1.85,36,2.05,37,2.11,37,1.74,39,1.58,0,50,51,52,52,37,35,37,37,36,37,37,39,2.71,2.51,3.11,2.38,1.72,1.95,2.29,1.85,2.05,2.11,1.74,1.58,3.11,52,26,500,TRUE,M5.7,M5.5West Ham
M,48,McGinn,5.2,5.2,Aston Villa,78,2.94,75,2.5,75,3.46,73,2.7,72,3.45,72,3.73,71,2.89,71,2.57,72,2.74,72,3.24,71,3.59,0,80,78,75,75,73,72,72,71,71,72,72,71,3.59,2.94,2.5,3.46,2.7,3.45,3.73,2.89,2.57,2.74,3.24,3.59,3.73,80,37.4,882,TRUE,M5.2,M5Aston Villa
M,74,O.Dango,5,5,Bournemouth,45,1.96,46,2.29,47,2.55,46,2.42,47,2.37,47,2.49,48,2.73,48,2.21,48,2.63,49,2.27,46,2.66,0,44,45,46,47,46,47,47,48,48,48,49,46,2.1,1.96,2.29,2.55,2.42,2.37,2.49,2.73,2.21,2.63,2.27,2.66,2.73,49,28.68,561,TRUE,M5,M5Bournemouth
M,101,Nørgaard,4.8,4.8,Brentford,84,2.47,79,2.62,75,2.37,74,2.74,72,2.09,72,2.31,69,1.94,70,2.35,70,2.08,70,2.01,68,2.19,0,86,84,79,75,74,72,72,69,70,70,70,68,3.04,2.47,2.62,2.37,2.74,2.09,2.31,1.94,2.35,2.08,2.01,2.19,3.04,86,28.21,889,TRUE,M4.8,M5Brentford
M,94,Janelt,4.9,4.9,Brentford,75,2.33,72,2.46,72,2.33,68,2.59,69,2.07,70,2.29,68,1.96,68,2.34,68,2.04,69,2,69,2.28,0,79,75,72,72,68,69,70,68,68,68,69,69,2.9,2.33,2.46,2.33,2.59,2.07,2.29,1.96,2.34,2.04,2,2.28,2.9,79,27.59,847,TRUE,M4.9,M5Brentford
M,126,Hinshelwood,5,5,Brighton,58,1.74,57,1.79,60,2.01,56,2.33,56,1.89,56,2.05,57,2.08,58,1.95,55,2.07,57,1.84,57,1.81,0,63,58,57,60,56,56,56,57,58,55,57,57,2.71,1.74,1.79,2.01,2.33,1.89,2.05,2.08,1.95,2.07,1.84,1.81,2.71,63,24.27,690,TRUE,M5,M5Brighton
M,168,Enzo,4.9,4.9,Chelsea,84,2.71,83,2.65,82,3.1,81,3,80,3.06,79,2.43,77,3.09,76,2.77,76,2.86,77,2.84,77,2.61,0,85,84,83,82,81,80,79,77,76,76,77,77,3.07,2.71,2.65,3.1,3,3.06,2.43,3.09,2.77,2.86,2.84,2.61,3.1,85,34.19,957,TRUE,M4.9,M5Chelsea
M,216,Wharton,4.8,4.8,Crystal Palace,69,2.37,75,2.58,72,2.2,72,2.41,72,2.42,70,2.03,71,2.18,73,2.15,71,2.19,71,2.68,71,2.27,0,62,69,75,72,72,72,70,71,73,71,71,71,2.02,2.37,2.58,2.2,2.41,2.42,2.03,2.18,2.15,2.19,2.68,2.27,2.68,75,27.5,849,TRUE,M4.8,M5Crystal Palace
M,205,Kamada,5.2,5.2,Crystal Palace,54,2.61,53,2.61,54,2.27,55,2.63,53,2.56,56,2.21,54,2.33,54,2.19,54,2.39,56,3.08,55,2.48,0,56,54,53,54,55,53,56,54,54,54,56,55,2.5,2.61,2.61,2.27,2.63,2.56,2.21,2.33,2.19,2.39,3.08,2.48,3.08,56,29.86,654,TRUE,M5.2,M5Crystal Palace
M,217,A.Doucoure,5.2,5.2,Everton,71,2.69,69,2.43,68,2.63,66,2.15,63,2.6,65,2.13,64,1.87,63,2.23,65,1.85,64,2.45,64,2.15,0,77,71,69,68,66,63,65,64,63,65,64,64,2.75,2.69,2.43,2.63,2.15,2.6,2.13,1.87,2.23,1.85,2.45,2.15,2.75,77,27.93,799,TRUE,M5.2,M5Everton
M,239,Adama,5.1,5.1,Fulham,65,3.29,65,2.87,63,3.37,61,2.46,62,2.97,64,2.51,59,2.2,61,3.41,61,2.47,58,2.92,61,3.38,0,69,65,65,63,61,62,64,59,61,61,58,61,3.18,3.29,2.87,3.37,2.46,2.97,2.51,2.2,3.41,2.47,2.92,3.38,3.41,69,35.03,749,TRUE,M5.1,M5Fulham
M,192,J.Ayew,5.2,5.2,Leicester,61,2.75,60,2.3,60,2.49,56,2.31,58,2.66,61,2.6,56,2.17,57,2.81,55,1.87,57,2.04,57,2.15,0,61,61,60,60,56,58,61,56,57,55,57,57,2.75,2.75,2.3,2.49,2.31,2.66,2.6,2.17,2.81,1.87,2.04,2.15,2.81,61,28.9,699,TRUE,M5.2,M5Leicester
M,323,Gravenberch,5,5,Liverpool,78,3.13,76,3.06,75,3.11,74,2.56,70,2.56,72,2.84,70,2.89,72,2.51,70,3.23,72,2.73,72,2.91,0,82,78,76,75,74,70,72,70,72,70,72,72,2.55,3.13,3.06,3.11,2.56,2.56,2.84,2.89,2.51,3.23,2.73,2.91,3.23,82,34.08,883,TRUE,M5,M5Liverpool
M,423,Anderson,5,5,Nott'm Forest,75,2.71,57,2.14,57,1.76,55,2.36,55,1.7,53,1.88,54,2.1,52,1.92,52,1.93,52,1.96,50,1.91,0,68,75,57,57,55,55,53,54,52,52,52,50,2.63,2.71,2.14,1.76,2.36,1.7,1.88,2.1,1.92,1.93,1.96,1.91,2.71,75,25,680,TRUE,M5,M5Nott'm Forest
M,432,Elanga,5.2,5.2,Nott'm Forest,54,2.79,45,2.15,43,1.68,44,2.48,42,1.63,44,1.92,41,2.06,43,2.01,41,2,43,2.07,44,2.11,0,49,54,45,43,44,42,44,41,43,41,43,44,2.44,2.79,2.15,1.68,2.48,1.63,1.92,2.06,2.01,2,2.07,2.11,2.79,54,25.34,533,TRUE,M5.2,M5Nott'm Forest
M,530,Souček,5,5,West Ham,66,2.4,65,2.74,62,2.15,55,1.87,56,2.25,58,2.47,56,2,57,2.26,56,2.2,57,1.97,58,1.72,0,66,66,65,62,55,56,58,56,57,56,57,58,2.62,2.4,2.74,2.15,1.87,2.25,2.47,2,2.26,2.2,1.97,1.72,2.74,66,26.65,712,TRUE,M5,M5West Ham
M,557,Mario Jr.,5,5,Wolves,83,2.75,80,2.93,76,2.23,76,2.46,74,2.31,73,2.22,71,2.6,71,2.29,71,2.31,70,1.91,72,2.39,0,86,83,80,76,76,74,73,71,71,71,70,72,2.5,2.75,2.93,2.23,2.46,2.31,2.22,2.6,2.29,2.31,1.91,2.39,2.93,86,28.9,903,TRUE,M5,M5Wolves
M,16,Rice,6.3,6.3,Arsenal,85,2.87,82,2.6,80,3.13,80,2.79,77,2.89,76,2.57,77,3.11,77,2.66,75,3.15,76,2.65,76,2.5,0,88,85,82,80,80,77,76,77,77,75,76,76,3,2.87,2.6,3.13,2.79,2.89,2.57,3.11,2.66,3.15,2.65,2.5,3.15,88,33.92,949,TRUE,M6.3,M6.5Arsenal
M,28,Bailey,6.3,6.3,Aston Villa,60,2.98,52,2.25,52,3.11,51,2.42,52,3.17,50,3.44,50,2.6,50,2.29,49,2.42,49,2.88,49,3.33,0,60,60,52,52,51,52,50,50,50,49,49,49,3.54,2.98,2.25,3.11,2.42,3.17,3.44,2.6,2.29,2.42,2.88,3.33,3.54,60,34.43,624,TRUE,M6.3,M6.5Aston Villa
M,136,Mitoma,6.6,6.6,Brighton,80,2.91,77,2.99,76,3.31,72,4.18,74,3.19,73,3.63,72,3.73,70,3.22,70,3.67,72,3.04,71,2.86,0,84,80,77,76,72,74,73,72,70,70,72,71,4.72,2.91,2.99,3.31,4.18,3.19,3.63,3.73,3.22,3.67,3.04,2.86,4.72,84,41.45,891,TRUE,M6.6,M6.5Brighton
M,386,Sancho,6.4,6.4,Chelsea,0,0,67,3.02,66,3.71,65,3.6,62,3.54,63,2.9,63,3.65,61,3.28,62,3.5,61,3.48,60,3.02,0,69,0,67,66,65,62,63,63,61,62,61,60,3.71,0,3.02,3.71,3.6,3.54,2.9,3.65,3.28,3.5,3.48,3.02,3.71,69,37.41,699,TRUE,M6.4,M6.5Chelsea
M,177,Madueke,6.5,6.5,Chelsea,74,3.44,66,2.95,65,3.67,65,3.62,64,3.69,65,2.96,63,3.81,66,3.51,63,3.58,63,3.51,62,3.17,0,71,74,66,65,65,64,65,63,66,63,63,62,3.88,3.44,2.95,3.67,3.62,3.69,2.96,3.81,3.51,3.58,3.51,3.17,3.88,74,41.79,787,TRUE,M6.5,M6.5Chelsea
M,199,Eze,6.7,6.7,Crystal Palace,83,4.78,82,4.76,81,3.95,81,4.63,81,4.66,79,3.47,78,3.92,79,3.6,78,3.91,78,5.39,78,4.19,0.37,89,83,82,81,81,81,79,78,79,78,78,78,4.73,4.78,4.76,3.95,4.63,4.66,3.47,3.92,3.6,3.91,5.39,4.19,5.39,89,51.99,967,TRUE,M6.7,M6.5Crystal Palace
M,336,Szoboszlai,6.4,6.4,Liverpool,67,3.7,66,3.79,65,3.81,63,2.89,61,3.06,62,3.44,62,3.61,60,2.85,61,4.02,60,3.2,62,3.57,0,71,67,66,65,63,61,62,62,60,61,60,62,2.91,3.7,3.79,3.81,2.89,3.06,3.44,3.61,2.85,4.02,3.2,3.57,4.02,71,40.85,760,TRUE,M6.4,M6.5Liverpool
M,625,Gündogan,6.5,6.5,Man City,57,2.72,55,2.61,56,2.82,56,2.24,55,3.05,53,2.59,56,3.04,53,2.45,53,3.1,54,2.93,56,3.18,0,58,57,55,56,56,55,53,56,53,53,54,56,3.53,2.72,2.61,2.82,2.24,3.05,2.59,3.04,2.45,3.1,2.93,3.18,3.53,58,34.26,662,TRUE,M6.5,M6.5Man City
M,571,Sávio,6.5,6.5,Man City,47,2.68,46,2.64,46,2.73,46,2.2,49,3.13,47,2.71,45,2.87,45,2.53,43,2.98,45,2.87,46,3.09,0,52,47,46,46,46,49,47,45,45,43,45,46,3.77,2.68,2.64,2.73,2.2,3.13,2.71,2.87,2.53,2.98,2.87,3.09,3.77,52,34.2,557,TRUE,M6.5,M6.5Man City
M,394,Bruno G.,6.3,6.3,Newcastle,86,2.66,83,2.91,82,3.35,80,2.77,78,2.58,76,2.69,74,3.33,76,2.9,74,2.87,75,2.48,76,2.36,0,89,86,83,82,80,78,76,74,76,74,75,76,2.79,2.66,2.91,3.35,2.77,2.58,2.69,3.33,2.9,2.87,2.48,2.36,3.35,89,33.69,949,TRUE,M6.3,M6.5Newcastle
M,392,Barnes,6.5,6.5,Newcastle,55,2.51,54,2.87,54,3.33,54,2.81,55,2.7,53,2.91,55,3.65,54,3.13,52,3.01,53,2.71,51,2.46,0,58,55,54,54,54,55,53,55,54,52,53,51,2.74,2.51,2.87,3.33,2.81,2.7,2.91,3.65,3.13,3.01,2.71,2.46,3.65,58,34.83,648,TRUE,M6.5,M6.5Newcastle
M,433,Gibbs-White,6.3,6.3,Nott'm Forest,76,3.81,77,3.49,76,2.53,75,3.93,75,2.45,73,2.91,74,3.35,73,3.1,73,3.18,70,3.09,71,3.16,0,33,76,77,76,75,75,73,74,73,73,70,71,1.55,3.81,3.49,2.53,3.93,2.45,2.91,3.35,3.1,3.18,3.09,3.16,3.93,77,36.55,846,TRUE,M6.3,M6.5Nott'm Forest
M,491,Johnson,6.7,6.7,Spurs,64,3.67,60,4.43,60,2.53,59,3.77,59,3.31,59,3.47,60,3.85,58,3.02,59,3.3,56,3.97,59,3.67,0.13,66,64,60,60,59,59,59,60,58,59,56,59,3.74,3.67,4.43,2.53,3.77,3.31,3.47,3.85,3.02,3.3,3.97,3.67,4.43,66,42.73,719,TRUE,M6.7,M6.5Spurs
M,525,Kudus,6.3,6.3,West Ham,0,0,0,0,0,0,71,2.79,70,3.39,67,3.72,70,3.06,70,3.45,70,3.41,70,2.86,69,2.34,0,0,0,0,0,71,70,67,70,70,70,70,69,0,0,0,0,2.79,3.39,3.72,3.06,3.45,3.41,2.86,2.34,3.72,71,25.02,557,TRUE,M6.3,M6.5West Ham
M,611,Szmodics,5.8,5.8,Ipswich,47,2.89,45,2.02,47,2.5,45,2.21,46,2.48,45,2.46,45,2.33,47,2.46,48,1.84,43,2.22,45,2.15,0,46,47,45,47,45,46,45,45,47,48,43,45,2.28,2.89,2.02,2.5,2.21,2.48,2.46,2.33,2.46,1.84,2.22,2.15,2.89,48,27.84,549,TRUE,M5.8,M6Ipswich
M,329,Mac Allister,6.2,6.2,Liverpool,79,3.44,77,3.44,75,3.42,75,2.72,75,2.9,72,3.16,72,3.35,73,2.67,70,3.74,71,3.02,70,3.24,0,81,79,77,75,75,75,72,72,73,70,71,70,2.65,3.44,3.44,3.42,2.72,2.9,3.16,3.35,2.67,3.74,3.02,3.24,3.74,81,37.75,890,TRUE,M6.2,M6Liverpool
M,372,Garnacho,6.2,6.2,Man Utd,76,3.83,75,4.66,72,3.97,72,4.34,70,2.64,70,3.92,68,2.54,70,3.96,69,3.63,68,3.7,68,2.68,0,78,76,75,72,72,70,70,68,70,69,68,68,3.84,3.83,4.66,3.97,4.34,2.64,3.92,2.54,3.96,3.63,3.7,2.68,4.66,78,43.71,856,TRUE,M6.2,M6Man Utd
M,403,Joelinton,6,6,Newcastle,56,1.96,56,2.16,58,2.62,61,2.4,59,2.17,61,2.43,62,3.03,61,2.59,61,2.59,64,2.37,61,2.17,0,69,56,56,58,61,59,61,62,61,61,64,61,2.44,1.96,2.16,2.62,2.4,2.17,2.43,3.03,2.59,2.59,2.37,2.17,3.03,69,28.93,729,TRUE,M6,M6Newcastle
M,531,Ward-Prowse,6.2,6.2,Nott'm Forest,0,0,73,2.95,69,2.19,67,3.12,65,2.08,66,2.4,63,2.58,61,2.39,58,2.29,60,2.41,60,2.4,0,79,0,73,69,67,65,66,63,61,58,60,60,3.21,0,2.95,2.19,3.12,2.08,2.4,2.58,2.39,2.29,2.41,2.4,3.21,79,28.02,721,TRUE,M6.2,M6Nott'm Forest
M,492,Kulusevski,6.2,6.2,Spurs,78,3.56,73,4.18,74,2.54,72,3.63,71,3.17,70,3.35,68,3.47,68,2.89,69,3.11,69,3.78,69,3.41,0,80,78,73,74,72,71,70,68,68,69,69,69,3.59,3.56,4.18,2.54,3.63,3.17,3.35,3.47,2.89,3.11,3.78,3.41,4.18,80,40.68,861,TRUE,M6.2,M6Spurs
M,527,L.Paquetá,5.9,5.9,West Ham,73,3.35,71,3.95,70,3.03,66,2.75,65,3.36,64,3.72,65,2.86,65,3.38,62,3.19,62,2.72,63,2.25,0,74,73,71,70,66,65,64,65,65,62,62,63,3.94,3.35,3.95,3.03,2.75,3.36,3.72,2.86,3.38,3.19,2.72,2.25,3.95,74,38.5,800,TRUE,M5.9,M6West Ham
M,99,Mbeumo,7.6,7.4,Brentford,84,4.44,81,5.18,80,4.61,79,5.71,78,3.98,77,4.75,77,3.79,77,4.85,75,3.93,75,3.59,73,4.47,0.99,86,84,81,80,79,78,77,77,77,75,75,73,6.29,4.44,5.18,4.61,5.71,3.98,4.75,3.79,4.85,3.93,3.59,4.47,6.29,86,55.59,942,TRUE,M7.4,M7.5Brentford
M,317,Diogo J.,7.4,7.4,Liverpool,58,3.95,55,3.93,55,4.04,53,2.88,53,3.21,52,3.58,51,3.64,53,2.99,51,4.26,51,3.35,52,3.68,0.01,45,58,55,55,53,53,52,51,53,51,51,52,2.19,3.95,3.93,4.04,2.88,3.21,3.58,3.64,2.99,4.26,3.35,3.68,4.26,58,41.7,629,TRUE,M7.4,M7.5Liverpool
M,398,Gordon,7.3,7.3,Newcastle,83,3.41,83,3.91,80,4.5,79,3.65,76,3.38,77,3.75,76,4.8,77,4.09,76,3.94,75,3.42,76,3.2,0,86,83,83,80,79,76,77,76,77,76,75,76,3.69,3.41,3.91,4.5,3.65,3.38,3.75,4.8,4.09,3.94,3.42,3.2,4.8,86,45.74,944,TRUE,M7.3,M7.5Newcastle
M,494,Maddison,7.6,7.6,Spurs,73,4.1,73,5.21,71,2.88,70,4.33,68,3.71,67,3.96,68,4.31,65,3.37,67,3.65,67,4.62,66,4.06,0.02,75,73,73,71,70,68,67,68,65,67,67,66,4.16,4.1,5.21,2.88,4.33,3.71,3.96,4.31,3.37,3.65,4.62,4.06,5.21,75,48.36,830,TRUE,M7.6,M7.5Spurs
M,514,Bowen,7.4,7.4,West Ham,86,4.19,83,5.18,82,3.67,78,3.37,78,4.34,78,4.89,78,3.8,76,4.31,77,4.32,78,3.55,76,2.79,0.02,91,86,83,82,78,78,78,78,76,77,78,76,4.86,4.19,5.18,3.67,3.37,4.34,4.89,3.8,4.31,4.32,3.55,2.79,5.18,91,49.27,961,TRUE,M7.4,M7.5West Ham
M,23,Trossard,6.9,6.9,Arsenal,53,2.85,48,2.51,40,2.63,39,2.35,38,2.5,37,2.16,40,2.8,39,2.26,37,2.75,37,2.24,38,2.21,0,67,53,48,40,39,38,37,40,39,37,37,38,3.48,2.85,2.51,2.63,2.35,2.5,2.16,2.8,2.26,2.75,2.24,2.21,3.48,67,30.74,513,TRUE,M6.9,M7Arsenal
M,9,Martinelli,7,7,Arsenal,61,3.23,63,3.2,55,3.45,54,3.12,52,3.23,52,2.89,49,3.33,51,2.85,49,3.5,48,2.78,48,2.65,0,66,61,63,55,54,52,52,49,51,49,48,48,3.37,3.23,3.2,3.45,3.12,3.23,2.89,3.33,2.85,3.5,2.78,2.65,3.5,66,37.6,648,TRUE,M7,M7Arsenal
M,385,Rashford,6.9,6.9,Man Utd,67,3.93,67,5.09,66,4.28,64,4.56,65,2.82,64,4.26,64,2.76,63,4.24,64,3.91,65,4.1,65,3,0,69,67,67,66,64,65,64,64,63,64,65,65,3.97,3.93,5.09,4.28,4.56,2.82,4.26,2.76,4.24,3.91,4.1,3,5.09,69,46.92,783,TRUE,M6.9,M7Man Utd
M,13,Ødegaard,8.2,8.2,Arsenal,36,1.8,71,3.23,84,4.86,83,4.34,82,4.69,83,4.12,82,5.23,82,4.18,81,5.4,82,4.38,83,4.13,0,0,36,71,84,83,82,83,82,82,81,82,83,0,1.8,3.23,4.86,4.34,4.69,4.12,5.23,4.18,5.4,4.38,4.13,5.4,84,46.36,849,TRUE,M8.2,M8Arsenal
M,327,Luis Díaz,7.9,7.9,Liverpool,63,3.85,60,3.8,61,4,58,2.91,58,3.18,57,3.48,56,3.63,55,2.9,57,4.34,57,3.42,57,3.66,0.17,64,63,60,61,58,58,57,56,55,57,57,57,2.84,3.85,3.8,4,2.91,3.18,3.48,3.63,2.9,4.34,3.42,3.66,4.34,64,42.01,703,TRUE,M7.9,M8Liverpool
M,366,B.Fernandes,8.2,8.2,Man Utd,85,4.68,80,5.73,79,4.69,79,5.43,79,3.27,78,4.91,78,3.17,76,4.89,77,4.39,74,4.52,74,3.22,0.36,88,85,80,79,79,79,78,78,76,77,74,74,4.75,4.68,5.73,4.69,5.43,3.27,4.91,3.17,4.89,4.39,4.52,3.22,5.73,88,53.65,947,TRUE,M8.2,M8Man Utd
M,345,De Bruyne,9.4,9.4,Man City,72,4.37,75,4.49,73,4.82,71,3.56,67,4.86,69,4.32,67,4.75,67,4.09,68,5.2,68,4.8,68,5.21,0,38,72,75,73,71,67,69,67,67,68,68,68,3.12,4.37,4.49,4.82,3.56,4.86,4.32,4.75,4.09,5.2,4.8,5.21,5.21,75,53.59,803,TRUE,M9.4,M9.5Man City
M,348,Foden,9.2,9.2,Man City,73,4.48,72,4.37,70,4.64,69,3.52,68,4.9,69,4.33,68,4.8,68,4.07,68,5.31,66,4.69,68,5.08,0.09,78,73,72,70,69,68,69,68,68,68,66,68,6.68,4.48,4.37,4.64,3.52,4.9,4.33,4.8,4.07,5.31,4.69,5.08,6.68,78,56.87,837,TRUE,M9.2,M9Man City