Pos,ID,Name,BV,SV,Team,25_xMins,25_Pts,26_xMins,26_Pts,27_xMins,27_Pts,28_xMins,28_Pts,29_xMins,29_Pts,30_xMins,30_Pts,31_xMins,31_Pts,32_xMins,32_Pts,33_xMins,33_Pts
D,1,Cédric,4.2,4.2,Fulham,13,0.54,16,0.53,19,0.60,18,0.47,19,0.78,20,0.82,21,0.83,21,0.49,23,0.81
G,2,Leno,4.5,4.5,Fulham,89,3.86,87,3.34,87,3.32,87,3.12,85,3.55,85,3.60,84,3.53,83,2.02,84,3.35
M,3,Xhaka,4.9,4.9,Arsenal,76,6.03,74,3.19,71,2.57,70,2.84,68,2.79,64,2.10,65,2.27,64,1.72,64,1.92
M,4,Elneny,4.1,4.1,Arsenal,0,0.00,0,0.00,0,0.00,0,0.00,0,0.00,0,0.00,0,0.00,0,0.00,0,0.00
D,5,Holding,4.2,4.2,Arsenal,2,0.15,2,0.11,3,0.13,4,0.20,5,0.19,6,0.17,4,0.17,6,0.19,6,0.15
M,6,Partey,4.7,4.7,Arsenal,34,2.64,68,2.74,69,2.41,69,2.68,69,2.65,69,2.15,69,2.28,67,1.70,65,1.88
M,7,Ødegaard,7.0,7.0,Arsenal,81,9.62,81,5.26,80,4.24,78,4.71,77,4.85,76,3.60,75,3.77,75,3.07,76,2.96
D,8,Tierney,4.6,4.6,Arsenal,13,1.29,16,0.85,15,0.71,16,0.90,17,0.85,18,0.69,18,0.83,16,0.57,18,0.56
M,9,Pépé,5.3,5.3,Arsenal,0,0.00,0,0.00,0,0.00,0,0.00,0,0.00,0,0.00,0,0.00,0,0.00,0,0.00
D,10,White,4.7,4.7,Arsenal,70,7.17,70,4.08,70,3.19,68,3.93,68,3.57,67,2.31,67,2.92,69,2.52,66,1.75
F,11,Nketiah,6.8,6.8,Arsenal,79,9.53,74,4.91,59,3.27,39,2.44,30,2.01,30,1.58,30,1.64,29,1.29,33,1.48
M,12,Smith Rowe,5.6,5.6,Arsenal,5,0.74,8,0.58,8,0.46,10,0.68,14,0.97,20,1.06,23,1.27,25,1.08,24,1.16
M,13,Saka,8.4,8.2,Arsenal,84,11.45,81,6.18,79,4.85,77,5.49,76,5.55,76,4.12,72,4.18,70,3.42,72,3.24
D,14,Tomiyasu,4.2,4.2,Arsenal,26,2.59,28,1.57,33,1.49,36,1.95,37,1.84,40,1.34,41,1.73,40,1.42,40,1.05
G,15,Ramsdale,4.9,4.9,Arsenal,88,8.12,88,4.32,87,3.74,87,4.36,87,4.02,88,3.39,87,3.76,85,2.64,86,3.13
D,16,Gabriel,5.2,5.1,Arsenal,85,8.76,82,4.79,80,3.55,79,4.52,77,3.97,75,2.43,74,3.14,72,2.61,76,1.85
D,17,Tavares,4.5,4.5,Arsenal,0,0.00,0,0.00,0,0.00,0,0.00,0,0.00,0,0.00,0,0.00,0,0.00,0,0.00
M,18,Sambi,4.3,4.3,Crystal Palace,43,1.41,40,1.39,37,2.43,0,0.00,42,1.47,39,1.30,38,1.32,38,1.40,36,1.25
M,19,Martinelli,6.5,6.5,Arsenal,65,8.10,63,4.37,63,3.53,62,3.97,60,4.01,55,2.85,55,3.04,53,2.34,51,2.29
D,20,Pablo Marí,4.5,4.5,Arsenal,0,0.00,0,0.00,0,0.00,0,0.00,0,0.00,0,0.00,0,0.00,0,0.00,0,0.00
M,21,Maitland-Niles,4.8,4.8,Southampton,44,1.44,42,1.41,42,2.66,0,0.00,35,1.27,29,0.93,32,1.14,0,0.00,32,1.16
M,22,Torreira,4.5,4.5,Arsenal,0,0.00,0,0.00,0,0.00,0,0.00,0,0.00,0,0.00,0,0.00,0,0.00,0,0.00
M,23,Nelson,4.7,4.7,Arsenal,2,0.24,2,0.16,3,0.21,2,0.16,3,0.16,4,0.20,6,0.33,8,0.32,7,0.34
G,24,Turner,3.8,3.8,Arsenal,2,0.09,2,0.10,3,0.13,2,0.10,3,0.09,2,0.04,3,0.09,5,0.13,3,0.11
M,25,Fábio Vieira,5.6,5.6,Arsenal,14,1.61,13,0.78,12,0.68,13,0.73,11,0.68,11,0.52,12,0.59,13,0.49,13,0.55
D,26,Saliba,5.3,5.3,Arsenal,86,7.76,85,4.38,81,3.21,79,4.04,77,3.57,75,2.22,77,2.99,75,2.44,76,1.69
M,27,Marquinhos,4.6,4.6,Arsenal,0,0.00,0,0.00,0,0.00,0,0.00,0,0.00,0,0.00,0,0.00,0,0.00,0,0.00
F,28,Jesus,7.9,7.9,Arsenal,0,0.00,4,0.22,24,1.38,50,3.05,66,4.13,67,3.28,70,3.54,68,2.77,70,2.87
M,29,Coutinho,6.6,6.6,Aston Villa,47,2.41,47,2.64,49,2.29,48,3.00,49,4.61,47,2.86,46,2.34,48,2.33,45,2.64
F,30,Ings,6.4,6.4,West Ham,38,2.46,29,1.62,25,1.72,0,0.00,27,3.43,28,1.69,28,1.52,27,1.46,28,1.72
G,31,Martínez,4.9,4.9,Aston Villa,89,3.60,88,3.92,87,3.30,88,3.87,87,6.45,85,3.78,87,3.35,86,3.25,86,3.53
D,32,Chambers,4.2,4.2,Aston Villa,6,0.20,7,0.24,4,0.08,4,0.12,5,0.21,4,0.16,6,0.15,6,0.14,6,0.21
D,33,Digne,4.6,4.6,Aston Villa,37,1.56,37,1.91,38,1.41,36,1.91,36,2.56,36,1.90,35,1.42,39,1.46,37,1.75
M,34,Traoré,4.9,4.9,Aston Villa,12,0.61,13,0.71,16,0.79,18,1.13,17,1.74,18,1.11,19,0.95,21,1.04,21,1.18
G,35,Olsen,3.9,3.9,Aston Villa,1,0.00,2,0.04,3,0.08,1,0.04,3,0.19,4,0.18,3,0.08,3,0.12,4,0.13
M,36,Sanson,4.3,4.3,Aston Villa,0,0.00,0,0.00,0,0.00,0,0.00,0,0.00,0,0.00,0,0.00,0,0.00,0,0.00
M,37,McGinn,5.1,5.1,Aston Villa,68,2.43,65,2.56,65,2.21,62,2.62,64,4.31,60,2.50,63,2.21,63,2.15,60,2.36
D,38,Hause,4.4,4.4,Aston Villa,0,0.00,0,0.00,0,0.00,0,0.00,0,0.00,0,0.00,0,0.00,0,0.00,0,0.00
D,39,Mings,4.3,4.3,Aston Villa,86,2.68,84,3.37,81,2.10,74,3.04,75,3.58,73,2.95,74,2.10,74,1.94,72,2.50
F,40,Watkins,7.2,7.2,Aston Villa,84,3.97,82,4.20,81,3.53,81,4.57,80,6.98,78,4.33,77,3.51,78,3.52,77,4.08
M,41,Nakamba,4.3,4.3,Aston Villa,0,0.00,0,0.00,0,0.00,0,0.00,0,0.00,0,0.00,0,0.00,0,0.00,0,0.00
M,42,Buendía,5.7,5.7,Aston Villa,62,2.95,63,3.33,62,2.74,59,3.38,60,5.31,60,3.34,59,2.72,60,2.69,58,3.09
D,43,Cash,4.6,4.6,Aston Villa,60,2.13,56,2.44,55,1.65,55,2.45,57,3.15,56,2.47,55,1.75,53,1.58,54,2.06
D,44,Konsa,4.4,4.4,Aston Villa,87,2.85,76,3.23,52,1.45,47,1.98,46,2.42,46,1.93,47,1.45,49,1.37,48,1.72
M,45,Bailey,4.4,4.4,Aston Villa,50,2.53,51,2.87,50,2.35,50,3.06,48,4.62,49,2.97,47,2.33,46,2.23,48,2.73
M,46,Douglas Luiz,4.8,4.8,Aston Villa,72,2.45,70,2.59,67,2.17,68,2.69,63,4.04,66,2.52,65,2.17,65,2.11,62,2.25
M,47,Ramsey,5.2,5.2,Aston Villa,40,1.84,41,2.00,39,1.65,41,2.19,43,3.58,43,2.17,43,1.88,40,1.75,45,2.21
M,48,Chukwuemeka,4.3,4.3,Chelsea,2,0.08,3,0.16,2,0.16,2,0.16,2,0.17,2,0.08,3,0.16,3,0.07,2,0.16
M,49,Iroegbunam,4.5,4.5,Aston Villa,0,0.00,0,0.00,0,0.00,0,0.00,0,0.00,0,0.00,0,0.00,0,0.00,0,0.00
D,50,Diego Carlos,4.7,4.7,Aston Villa,1,0.00,13,0.55,46,1.32,58,2.50,57,2.91,60,2.59,58,1.74,55,1.53,58,2.14
M,51,El Ghazi,4.8,4.8,Aston Villa,0,0.00,0,0.00,0,0.00,0,0.00,0,0.00,0,0.00,0,0.00,0,0.00,0,0.00
F,52,Davis,5.4,5.4,Aston Villa,0,0.00,0,0.00,0,0.00,0,0.00,0,0.00,0,0.00,0,0.00,0,0.00,0,0.00
M,53,Kamara,4.8,4.8,Aston Villa,83,2.30,80,2.35,78,2.04,77,2.36,76,3.94,74,2.27,75,2.03,75,1.97,76,2.18
F,54,Archer,4.2,4.2,Aston Villa,0,0.00,0,0.00,0,0.00,0,0.00,0,0.00,0,0.00,0,0.00,0,0.00,0,0.00
M,55,Philogene-Bidace,4.5,4.5,Aston Villa,0,0.00,0,0.00,0,0.00,0,0.00,0,0.00,0,0.00,0,0.00,0,0.00,0,0.00
D,56,Guilbert,3.9,3.9,Aston Villa,0,0.00,0,0.00,0,0.00,0,0.00,0,0.00,0,0.00,0,0.00,0,0.00,0,0.00
D,57,Smith,4.3,4.3,Bournemouth,81,1.38,71,1.28,70,1.63,66,1.81,63,3.77,60,1.49,58,1.20,58,1.56,59,1.78
M,58,Stanislas,4.8,4.8,Bournemouth,12,0.58,13,0.66,12,0.65,9,0.51,7,0.94,9,0.56,9,0.48,8,0.45,9,0.52
D,59,Fredericks,4.4,4.4,Bournemouth,28,0.68,25,0.63,23,0.67,23,0.73,23,1.60,25,0.77,26,0.68,27,0.84,28,0.96
M,60,Brooks,5.3,5.3,Bournemouth,0,0.00,0,0.00,1,0.00,1,0.09,1,0.00,1,0.09,2,0.08,2,0.08,2,0.17
M,61,Lowe,5.2,5.2,Bournemouth,0,0.00,0,0.00,0,0.00,0,0.00,0,0.00,0,0.00,0,0.00,0,0.00,0,0.00
F,62,Moore,5.1,5.1,Bournemouth,8,0.33,6,0.28,7,0.37,6,0.32,6,0.68,6,0.27,6,0.30,9,0.37,10,0.47
M,63,Marcondes,4.7,4.7,Bournemouth,0,0.00,0,0.00,0,0.00,0,0.00,0,0.00,0,0.00,0,0.00,0,0.00,0,0.00
M,64,Lerma,4.8,4.8,Bournemouth,69,1.69,83,1.98,80,2.12,76,2.06,73,4.17,74,2.01,72,1.83,73,1.75,71,2.00
D,65,Stacey,4.3,4.3,Bournemouth,12,0.30,9,0.23,11,0.30,9,0.30,14,0.91,14,0.44,15,0.39,13,0.40,18,0.61
F,66,Solanke,5.5,5.5,Bournemouth,85,3.15,83,2.95,80,3.63,77,3.42,74,7.20,74,3.42,75,3.01,76,3.03,76,3.44
M,67,Cook,4.9,4.9,Bournemouth,0,0.00,8,0.25,28,0.84,53,1.55,63,3.83,63,1.84,64,1.75,65,1.66,66,1.93
M,68,Pearson,4.4,4.4,Bournemouth,0,0.00,0,0.00,0,0.00,0,0.00,0,0.00,0,0.00,0,0.00,0,0.00,0,0.00
M,69,Christie,5.3,5.3,Bournemouth,24,0.97,24,0.99,18,0.86,15,0.73,14,1.33,13,0.60,15,0.69,15,0.64,15,0.74
M,70,Billing,5.1,5.1,Bournemouth,81,2.46,75,2.32,71,2.63,63,2.38,61,4.99,61,2.32,62,2.17,62,2.10,63,2.48
D,71,Mepham,4.3,4.3,Bournemouth,22,0.41,18,0.34,16,0.36,14,0.39,15,0.84,15,0.35,18,0.39,14,0.37,30,0.90
G,72,Travers,4.2,4.2,Bournemouth,2,0.07,2,0.07,3,0.11,3,0.07,5,0.34,4,0.14,4,0.11,6,0.16,6,0.23
D,73,Kelly,4.3,4.3,Bournemouth,0,0.00,37,0.62,64,1.41,77,2.01,72,4.24,72,1.69,72,1.40,69,1.82,75,2.20
M,74,Dembélé,4.7,4.7,Bournemouth,0,0.00,0,0.00,0,0.00,0,0.00,0,0.00,0,0.00,0,0.00,0,0.00,0,0.00
M,75,Anthony,5.2,5.2,Bournemouth,55,2.01,49,1.83,42,1.85,35,1.63,32,3.24,34,1.57,35,1.51,34,1.41,34,1.59
D,76,Zemura,4.3,4.3,Bournemouth,47,0.85,53,1.00,45,1.17,45,1.32,44,2.82,47,1.25,41,0.94,46,1.33,48,1.57
G,77,Dennis,3.9,3.9,Bournemouth,0,0.00,0,0.00,0,0.00,0,0.00,0,0.00,0,0.00,0,0.00,0,0.00,0,0.00
D,78,Jansson,4.2,4.2,Brentford,0,0.00,6,0.20,19,1.40,34,1.31,45,2.15,43,1.43,44,1.46,45,1.81,43,1.13
M,79,Nørgaard,5.3,5.3,Brentford,0,0.00,81,2.89,79,5.22,77,2.81,76,4.53,76,2.45,73,2.37,74,2.66,73,2.18
F,80,Toney,7.6,7.6,Brentford,0,0.00,75,4.37,70,7.15,63,3.85,54,4.68,48,2.34,48,2.34,30,1.78,32,1.36
G,81,Raya,4.7,4.7,Brentford,0,0.00,88,3.81,87,7.42,87,3.67,85,6.29,85,3.45,85,3.48,85,3.73,86,3.21
D,82,Canós,5.0,5.0,Brentford,0,0.00,0,0.00,0,0.00,0,0.00,0,0.00,0,0.00,0,0.00,0,0.00,0,0.00
M,83,Dasilva,4.1,4.1,Brentford,0,0.00,46,2.36,46,4.26,44,2.33,43,3.59,42,1.95,42,1.93,44,2.29,44,1.85
D,84,Ajer,4.5,4.5,Brentford,0,0.00,56,2.28,54,4.04,48,1.96,48,2.50,47,1.66,47,1.66,47,2.05,47,1.31
D,85,Henry,4.5,4.5,Brentford,0,0.00,74,2.98,72,5.31,72,2.85,71,3.52,69,2.39,71,2.46,70,2.94,68,1.87
M,86,Janelt,5.5,5.5,Brentford,0,0.00,51,2.03,51,3.84,48,1.98,49,3.41,51,1.89,50,1.82,47,1.90,45,1.56
M,87,Ghoddos,4.8,4.8,Brentford,0,0.00,1,0.07,3,0.27,3,0.15,3,0.31,4,0.19,5,0.30,4,0.28,5,0.23
M,88,Jensen,4.8,4.8,Brentford,0,0.00,66,2.87,65,5.20,63,2.78,63,4.50,61,2.42,61,2.38,61,2.69,60,2.16
M,89,Wissa,5.3,5.3,Brentford,0,0.00,38,2.39,40,4.49,43,2.73,40,3.97,40,2.25,43,2.35,47,2.93,47,2.22
D,90,Roerslev,4.3,4.3,Brentford,0,0.00,19,0.79,18,1.34,19,0.77,17,0.90,19,0.65,18,0.61,19,0.77,21,0.65
D,91,Bech,4.5,4.5,Brentford,0,0.00,0,0.00,0,0.00,0,0.00,0,0.00,0,0.00,0,0.00,0,0.00,0,0.00
D,92,Pinnock,4.4,4.4,Brentford,0,0.00,83,3.35,80,6.00,77,3.04,75,3.77,75,2.56,75,2.60,73,3.14,72,1.97
M,93,Onyeka,4.8,4.8,Brentford,0,0.00,2,0.11,7,0.57,15,0.74,18,1.57,19,0.83,20,0.90,21,0.96,20,0.85
M,94,Baptiste,4.5,4.5,Brentford,0,0.00,14,0.65,14,1.28,14,0.71,15,1.31,18,0.84,17,0.75,18,0.91,20,0.84
F,95,Mbeumo,5.8,5.8,Brentford,0,0.00,63,3.31,59,5.67,57,3.19,60,5.05,60,2.92,63,2.94,65,3.59,66,2.75
D,96,Goode,3.9,3.9,Brentford,0,0.00,0,0.00,0,0.00,0,0.00,0,0.00,0,0.00,0,0.00,0,0.00,0,0.00
F,97,Forss,4.5,4.5,Brentford,0,0.00,0,0.00,0,0.00,0,0.00,0,0.00,0,0.00,0,0.00,0,0.00,0,0.00
D,98,Thompson,4.0,4.0,Brentford,0,0.00,0,0.00,0,0.00,0,0.00,0,0.00,0,0.00,0,0.00,0,0.00,0,0.00
M,99,Bidstrup,4.5,4.5,Brentford,0,0.00,0,0.00,0,0.00,0,0.00,0,0.00,0,0.00,0,0.00,0,0.00,0,0.00
G,100,Balcombe,4.0,4.0,Brentford,0,0.00,0,0.00,0,0.00,0,0.00,0,0.00,0,0.00,0,0.00,0,0.00,0,0.00
M,101,Lallana,4.8,4.8,Brighton,0,0.00,0,0.00,0,0.00,0,0.00,0,0.00,0,0.00,0,0.00,5,0.07,18,0.91
G,102,Steele,3.9,3.9,Brighton,0,0.00,2,0.09,3,0.27,0,0.00,4,0.31,4,0.17,5,0.18,4,0.04,5,0.23
F,103,Welbeck,6.5,6.5,Brighton,0,0.00,16,0.91,36,4.13,0,0.00,47,5.38,45,2.58,46,2.49,44,0.63,48,2.68
M,104,Groß,5.5,5.5,Brighton,0,0.00,79,3.66,78,7.29,0,0.00,77,7.39,76,3.41,76,3.35,75,0.85,73,3.49
D,105,Duffy,4.3,4.3,Fulham,1,0.00,2,0.04,2,0.04,4,0.09,5,0.17,6,0.20,6,0.23,6,0.14,5,0.18
D,106,Dunk,4.7,4.7,Brighton,0,0.00,86,3.66,83,7.14,0,0.00,83,7.27,82,2.79,79,2.77,79,0.66,82,3.59
M,107,March,5.1,5.1,Brighton,0,0.00,76,3.58,73,7.08,0,0.00,73,7.25,72,3.35,71,3.25,72,0.84,71,3.48
D,108,Webster,4.5,4.5,Brighton,0,0.00,65,2.79,54,4.71,0,0.00,46,4.14,48,1.74,68,2.46,47,0.41,45,2.03
D,109,Veltman,4.6,4.6,Brighton,0,0.00,55,2.36,52,4.47,0,0.00,50,4.41,53,1.85,55,1.96,53,0.45,50,2.20
F,110,Maupay,5.9,5.9,Everton,59,5.30,48,2.35,37,1.94,25,1.06,24,1.23,27,1.17,28,1.51,28,1.28,29,1.32
M,111,Trossard,6.6,6.6,Arsenal,39,5.33,39,2.90,38,2.42,36,2.52,33,2.35,31,1.82,29,1.79,30,1.47,29,1.48
D,112,Cucurella,5.1,5.1,Chelsea,22,0.87,25,1.20,23,0.98,27,1.46,25,2.26,26,1.13,26,1.12,24,0.42,25,1.25
G,113,Sánchez,4.6,4.6,Brighton,0,0.00,88,3.78,87,7.58,0,0.00,86,7.48,85,3.71,85,3.73,86,0.96,85,3.82
D,114,Lamptey,4.2,4.2,Brighton,0,0.00,32,1.50,29,2.83,0,0.00,30,2.92,28,1.15,31,1.32,30,0.31,29,1.42
M,115,Alzate,4.4,4.4,Brighton,0,0.00,0,0.00,0,0.00,0,0.00,0,0.00,0,0.00,0,0.00,0,0.00,0,0.00
M,116,Mac Allister,5.4,5.4,Brighton,0,0.00,81,4.07,78,8.05,0,0.00,75,7.97,75,3.62,73,3.42,73,0.89,73,3.81
M,117,Moder,4.4,4.4,Brighton,0,0.00,0,0.00,0,0.00,0,0.00,0,0.00,0,0.00,2,0.11,5,0.06,8,0.36
M,118,Mwepu,5.3,5.3,Brighton,0,0.00,0,0.00,0,0.00,0,0.00,0,0.00,0,0.00,0,0.00,0,0.00,0,0.00
M,119,Sarmiento,4.5,4.5,Brighton,0,0.00,22,1.22,23,2.56,0,0.00,23,2.60,23,1.32,23,1.30,21,0.31,21,1.19
M,120,Caicedo,5.0,5.0,Brighton,0,0.00,83,2.53,81,5.00,0,0.00,77,4.87,78,2.45,74,2.35,74,0.60,72,2.33
M,121,Richards,4.5,4.5,Brighton,0,0.00,0,0.00,0,0.00,0,0.00,0,0.00,0,0.00,0,0.00,0,0.00,0,0.00
D,122,Roberts,4.0,4.0,Brighton,0,0.00,0,0.00,0,0.00,0,0.00,0,0.00,0,0.00,0,0.00,0,0.00,0,0.00
F,123,Undav,5.0,5.0,Brighton,0,0.00,45,2.87,40,5.02,0,0.00,35,4.45,34,2.17,34,2.06,34,0.54,33,2.15
M,124,Mitoma,5.4,5.4,Brighton,0,0.00,75,4.14,72,8.11,0,0.00,71,8.31,71,3.82,71,3.69,70,0.93,70,4.03
F,125,Enciso,4.7,4.7,Brighton,0,0.00,22,1.12,20,2.04,0,0.00,18,1.92,20,1.05,21,1.04,19,0.27,16,0.87
M,126,Kozłowski,4.5,4.5,Brighton,0,0.00,0,0.00,0,0.00,0,0.00,0,0.00,0,0.00,0,0.00,0,0.00,0,0.00
D,127,Azpilicueta,4.8,4.8,Chelsea,0,0.00,2,0.09,7,0.24,17,0.82,19,1.67,20,0.87,22,0.90,17,0.27,20,0.96
D,128,Thiago Silva,5.5,5.5,Chelsea,74,2.39,64,2.80,63,2.26,64,3.15,61,4.87,58,2.30,59,2.26,60,0.81,60,2.66
D,129,Alonso,5.3,5.3,Chelsea,0,0.00,0,0.00,0,0.00,0,0.00,0,0.00,0,0.00,0,0.00,0,0.00,0,0.00
M,130,Jorginho,5.8,5.8,Arsenal,61,4.54,32,1.36,32,1.24,32,1.36,31,1.33,36,1.25,34,1.24,36,0.97,34,1.12
M,131,Barkley,4.9,4.9,Chelsea,0,0.00,0,0.00,0,0.00,0,0.00,0,0.00,0,0.00,0,0.00,0,0.00,0,0.00
M,132,Kovacic,4.9,4.9,Chelsea,57,1.82,50,1.86,47,1.63,44,1.69,42,3.05,44,1.51,43,1.53,45,0.69,40,1.48
G,133,Arrizabalaga,4.7,4.6,Chelsea,89,3.61,88,3.99,88,3.64,87,4.20,85,7.43,83,3.62,83,3.59,81,1.53,80,3.66
M,134,Kanté,4.8,4.8,Chelsea,0,0.00,6,0.21,15,0.54,25,1.00,30,2.19,30,1.07,28,1.01,31,0.52,32,1.19
M,135,Ziyech,5.5,5.5,Chelsea,16,0.90,16,1.02,18,1.11,17,1.12,18,2.24,17,0.96,17,0.99,17,0.44,18,1.18
M,136,Loftus-Cheek,5.0,5.0,Chelsea,22,0.95,22,1.02,21,0.96,19,0.94,18,1.69,16,0.74,20,0.88,19,0.38,22,1.01
F,137,Werner,7.9,7.9,Chelsea,0,0.00,0,0.00,0,0.00,0,0.00,0,0.00,0,0.00,0,0.00,0,0.00,0,0.00
D,138,Kenedy,3.9,3.9,Chelsea,0,0.00,0,0.00,0,0.00,0,0.00,0,0.00,0,0.00,0,0.00,0,0.00,0,0.00
D,139,Chilwell,5.8,5.8,Chelsea,65,2.45,60,3.10,60,2.55,56,3.12,56,5.30,56,2.58,54,2.45,57,0.93,55,2.80
M,140,Pulisic,5.6,5.6,Chelsea,0,0.00,2,0.14,7,0.38,13,0.84,17,2.09,17,1.01,19,1.15,17,0.45,17,1.04
D,141,Chalobah,4.5,4.5,Chelsea,27,0.94,20,0.90,25,0.91,19,0.88,22,1.80,23,0.90,22,0.88,21,0.31,23,1.00
M,142,Mount,7.2,7.2,Chelsea,57,2.86,53,3.36,50,2.85,49,3.14,51,6.15,47,2.63,46,2.70,48,1.13,51,3.15
D,143,Sarr,5.0,5.0,Chelsea,0,0.00,0,0.00,0,0.00,0,0.00,0,0.00,0,0.00,0,0.00,0,0.00,0,0.00
M,144,Hudson-Odoi,5.3,5.3,Chelsea,0,0.00,0,0.00,0,0.00,0,0.00,0,0.00,0,0.00,0,0.00,0,0.00,0,0.00
F,145,Havertz,7.6,7.6,Chelsea,61,2.97,57,3.44,58,3.17,59,3.40,58,6.65,56,2.85,55,2.96,52,1.16,55,3.18
D,146,James,5.8,5.8,Chelsea,75,3.08,75,4.13,69,3.20,66,3.97,65,6.65,64,3.13,62,3.03,67,1.17,64,3.59
G,147,Mendy,4.8,4.8,Chelsea,0,0.00,0,0.00,0,0.00,0,0.00,5,0.33,7,0.30,7,0.25,8,0.15,9,0.40
M,148,Gallagher,5.6,5.6,Chelsea,22,0.92,23,1.11,22,1.02,20,1.02,18,1.73,21,0.91,22,0.99,21,0.43,23,1.09
M,149,Gilmour,4.2,4.2,Brighton,0,0.00,3,0.10,13,1.15,0,0.00,25,2.14,25,1.11,28,1.23,25,0.29,22,0.99
F,150,Broja,5.3,5.3,Chelsea,0,0.00,0,0.00,0,0.00,0,0.00,0,0.00,0,0.00,0,0.00,0,0.00,0,0.00
D,151,Ampadu,4.4,4.4,Chelsea,0,0.00,0,0.00,0,0.00,0,0.00,0,0.00,0,0.00,0,0.00,0,0.00,0,0.00
G,152,Guaita,4.4,4.4,Crystal Palace,89,3.24,87,3.49,87,6.30,85,3.08,86,3.57,86,3.33,85,3.53,85,3.89,85,3.41
D,153,Tomkins,3.9,3.9,Crystal Palace,0,0.00,1,0.04,2,0.06,3,0.05,4,0.11,4,0.13,4,0.11,5,0.16,5,0.17
M,154,McArthur,4.8,4.8,Crystal Palace,9,0.35,11,0.43,11,0.85,19,0.71,13,0.59,14,0.59,17,0.68,15,0.67,16,0.66
F,155,Benteke,5.5,5.5,Crystal Palace,0,0.00,0,0.00,0,0.00,0,0.00,0,0.00,0,0.00,0,0.00,0,0.00,0,0.00
D,156,Ward,4.4,4.4,Crystal Palace,29,0.71,30,0.96,34,1.57,33,0.69,35,1.26,40,1.18,36,1.23,37,1.52,37,1.19
D,157,Clyne,4.5,4.5,Crystal Palace,74,1.89,69,2.31,65,3.10,63,1.41,64,2.38,60,1.88,63,2.25,61,2.68,62,2.10
M,158,Milivojevic,4.2,4.2,Crystal Palace,8,0.38,10,0.46,9,0.75,14,0.57,10,0.44,10,0.45,11,0.50,14,0.61,12,0.53
M,159,J.Ayew,5.3,5.3,Crystal Palace,68,2.77,66,2.72,64,4.73,65,2.24,60,2.86,59,2.47,61,2.59,61,2.86,60,2.41
M,160,Zaha,7.2,7.2,Crystal Palace,28,1.33,58,2.65,81,6.39,80,2.91,78,4.26,79,3.56,77,3.62,78,4.07,79,3.41
M,161,Schlupp,4.7,4.7,Crystal Palace,66,2.35,62,2.25,58,3.83,62,1.90,58,2.31,57,2.04,57,2.10,56,2.21,59,2.06
G,162,Butland,4.4,4.4,Man Utd,0,0.00,2,0.04,4,0.19,0,0.00,3,0.25,3,0.14,3,0.13,5,0.08,3,0.12
M,163,Hughes,4.8,4.8,Crystal Palace,34,1.33,30,1.19,31,2.29,39,1.32,32,1.32,34,1.29,29,1.19,34,1.42,33,1.28
M,164,Riedewald,4.3,4.3,Crystal Palace,2,0.08,1,0.00,1,0.04,4,0.12,3,0.09,2,0.08,4,0.16,4,0.17,4,0.16
D,165,Andersen,4.5,4.5,Crystal Palace,87,2.05,82,2.63,81,3.52,79,1.58,78,2.80,79,2.32,80,2.73,78,3.32,76,2.44
F,166,Edouard,5.1,5.1,Crystal Palace,42,2.05,39,1.93,34,3.12,36,1.51,36,2.08,37,1.81,37,1.86,35,1.90,38,1.77
D,167,Guéhi,4.4,4.4,Crystal Palace,87,1.98,83,2.54,81,3.37,77,1.49,73,2.54,74,2.08,74,2.49,72,2.96,70,2.19
F,168,Mateta,5.1,5.1,Crystal Palace,49,2.35,41,2.01,41,3.64,39,1.66,39,2.21,40,2.00,39,1.93,40,2.09,40,1.88
M,169,Eze,5.4,5.4,Crystal Palace,37,1.76,34,1.66,30,2.71,36,1.50,33,1.84,34,1.62,39,1.86,37,1.94,37,1.74
D,170,Mitchell,4.4,4.4,Crystal Palace,65,1.70,75,2.56,70,3.43,69,1.56,67,2.61,65,2.10,65,2.40,63,2.86,63,2.18
M,171,Olise,5.4,5.4,Crystal Palace,74,3.10,69,2.91,65,4.90,68,2.37,67,3.22,66,2.77,63,2.74,63,2.99,63,2.61
M,172,Rak-Sakyi,4.5,4.5,Crystal Palace,0,0.00,0,0.00,0,0.00,0,0.00,0,0.00,0,0.00,0,0.00,0,0.00,0,0.00
M,173,Ebiowei,4.2,4.2,Crystal Palace,0,0.00,0,0.00,0,0.00,0,0.00,0,0.00,0,0.00,0,0.00,0,0.00,0,0.00
D,174,Ferguson,3.9,3.9,Crystal Palace,3,0.06,4,0.11,9,0.42,12,0.26,11,0.40,11,0.32,13,0.46,14,0.59,15,0.46
G,175,Johnstone,4.4,4.4,Crystal Palace,0,0.00,0,0.00,0,0.00,0,0.00,1,0.00,3,0.08,4,0.13,5,0.18,5,0.16
G,176,Begović,3.9,3.9,Everton,2,0.08,3,0.08,3,0.09,4,0.11,4,0.12,3,0.07,3,0.09,4,0.13,4,0.12
F,177,Rondón,4.9,4.9,Everton,0,0.00,0,0.00,0,0.00,0,0.00,0,0.00,0,0.00,0,0.00,0,0.00,0,0.00
D,178,Coleman,4.4,4.4,Everton,68,4.63,57,2.39,48,2.07,46,1.41,47,1.73,49,1.33,47,2.06,49,2.07,46,1.74
M,179,Townsend,5.4,5.4,Everton,0,0.00,0,0.00,0,0.00,0,0.00,2,0.06,3,0.11,7,0.36,10,0.47,11,0.52
D,180,Keane,4.2,4.2,Everton,0,0.00,0,0.00,0,0.00,0,0.00,1,0.00,0,0.00,1,0.00,1,0.00,1,0.00
M,181,Dele,5.3,5.3,Everton,0,0.00,0,0.00,0,0.00,0,0.00,0,0.00,0,0.00,0,0.00,0,0.00,0,0.00
G,182,Pickford,4.4,4.4,Everton,88,6.93,87,3.61,87,3.70,86,3.21,86,3.38,87,3.16,87,3.75,86,3.63,86,3.39
M,183,Allan,4.8,4.8,Everton,0,0.00,0,0.00,0,0.00,0,0.00,0,0.00,0,0.00,0,0.00,0,0.00,0,0.00
M,184,André Gomes,4.5,4.5,Everton,0,0.00,0,0.00,0,0.00,0,0.00,0,0.00,0,0.00,0,0.00,0,0.00,0,0.00
M,185,A.Doucouré,5.3,5.3,Everton,65,4.65,62,2.33,59,2.27,61,1.98,59,2.15,60,1.89,60,2.38,60,2.17,59,2.08
M,186,Iwobi,5.4,5.4,Everton,84,6.06,81,3.08,76,3.08,74,2.49,74,2.81,74,2.40,72,2.94,72,2.66,69,2.56
M,187,Gbamin,4.5,4.5,Everton,0,0.00,0,0.00,0,0.00,0,0.00,0,0.00,0,0.00,0,0.00,0,0.00,0,0.00
D,188,Mina,4.3,4.3,Everton,6,0.40,9,0.37,11,0.42,12,0.35,13,0.48,12,0.35,14,0.55,16,0.61,17,0.60
M,189,Gray,5.3,5.3,Everton,47,4.53,45,2.26,45,2.33,45,1.85,45,2.12,47,1.92,45,2.34,46,2.10,46,2.12
M,190,Davies,4.9,4.9,Everton,11,0.94,10,0.45,10,0.48,12,0.47,12,0.49,10,0.44,11,0.51,13,0.53,12,0.52
F,191,Calvert-Lewin,7.9,7.9,Everton,0,0.00,28,1.59,55,3.06,74,3.02,73,3.63,73,2.97,72,3.92,72,3.33,70,3.29
D,192,Holgate,4.3,4.3,Everton,5,0.27,3,0.12,5,0.16,5,0.13,6,0.17,6,0.14,7,0.26,8,0.25,10,0.29
D,193,Godfrey,4.3,4.3,Everton,25,1.48,29,1.08,30,1.16,31,0.85,34,1.12,32,0.76,33,1.29,33,1.23,34,1.12
D,194,Mykolenko,4.3,4.3,Everton,75,4.69,72,2.81,69,2.75,65,1.79,64,2.21,63,1.51,64,2.61,64,2.50,62,2.15
M,195,Gordon,5.1,5.1,Newcastle,0,0.00,38,1.47,42,2.24,41,2.09,43,3.92,42,2.30,44,2.41,43,1.47,43,2.07
D,196,Branthwaite,4.0,4.0,Everton,0,0.00,0,0.00,0,0.00,0,0.00,0,0.00,0,0.00,0,0.00,0,0.00,0,0.00
D,197,Patterson,3.9,3.9,Everton,14,0.95,31,1.20,38,1.52,42,1.17,41,1.42,39,0.96,41,1.63,38,1.43,39,1.35
D,198,Nkounkou,4.0,4.0,Everton,0,0.00,0,0.00,0,0.00,0,0.00,0,0.00,0,0.00,0,0.00,0,0.00,0,0.00
D,199,Tarkowski,4.4,4.4,Everton,86,4.94,83,3.06,80,2.98,79,1.92,76,2.37,77,1.59,77,2.90,76,2.69,74,2.31
M,200,Cairney,4.7,4.7,Fulham,0,0.00,8,0.40,22,0.92,27,1.11,24,1.13,20,0.99,25,1.11,24,0.70,22,1.03
D,201,Ream,4.6,4.6,Fulham,87,3.13,85,2.32,83,2.09,83,1.52,83,2.83,82,2.76,81,2.66,80,1.59,81,2.34
M,202,Knockaert,4.7,4.7,Fulham,0,0.00,0,0.00,0,0.00,0,0.00,0,0.00,0,0.00,0,0.00,0,0.00,0,0.00
M,203,Chalobah,4.4,4.4,Fulham,0,0.00,0,0.00,0,0.00,0,0.00,0,0.00,0,0.00,0,0.00,0,0.00,0,0.00
M,204,Kebano,5.4,5.4,Fulham,0,0.00,0,0.00,0,0.00,0,0.00,0,0.00,0,0.00,0,0.00,0,0.00,0,0.00
M,205,De Cordova-Reid,5.5,5.5,Fulham,72,2.99,68,2.64,68,2.48,66,2.33,61,2.61,65,2.71,65,2.58,62,1.63,63,2.50
D,206,Bryan,4.4,4.4,Fulham,0,0.00,0,0.00,0,0.00,0,0.00,0,0.00,0,0.00,0,0.00,0,0.00,0,0.00
G,207,Gazzaniga,4.0,4.0,Fulham,0,0.00,0,0.00,0,0.00,0,0.00,0,0.00,0,0.00,0,0.00,0,0.00,0,0.00
D,208,Kongolo,3.9,3.9,Fulham,0,0.00,0,0.00,0,0.00,0,0.00,0,0.00,0,0.00,0,0.00,0,0.00,0,0.00
D,209,Tosin,4.5,4.5,Fulham,9,0.29,14,0.39,17,0.47,18,0.37,18,0.61,19,0.65,20,0.70,21,0.45,23,0.70
F,210,Mitrović,6.8,6.8,Fulham,27,1.47,68,3.36,81,3.71,80,3.52,77,4.20,76,4.17,77,3.83,75,2.64,76,3.79
M,211,Reed,4.4,4.4,Fulham,73,2.30,71,2.10,69,2.01,66,1.84,62,2.02,63,2.03,62,1.94,62,1.17,61,1.86
M,212,Wilson,5.7,5.7,Fulham,38,2.13,36,1.83,36,1.72,37,1.74,36,1.97,36,1.97,36,1.85,38,1.28,38,1.97
G,213,Rodák,4.3,4.3,Fulham,1,0.00,3,0.12,3,0.08,3,0.11,5,0.21,4,0.17,6,0.21,7,0.14,6,0.20
M,214,Cavaleiro,4.8,4.8,Fulham,0,0.00,0,0.00,0,0.00,0,0.00,0,0.00,0,0.00,0,0.00,0,0.00,0,0.00
D,215,Tete,4.4,4.4,Fulham,74,3.02,70,2.21,69,1.95,67,1.47,66,2.55,67,2.62,68,2.48,67,1.54,63,2.08
M,216,Onomah,4.3,4.3,Fulham,0,0.00,0,0.00,0,0.00,0,0.00,0,0.00,0,0.00,0,0.00,0,0.00,0,0.00
D,217,Robinson,4.4,4.4,Fulham,83,3.10,80,2.29,77,2.03,80,1.53,77,2.74,75,2.70,72,2.48,72,1.52,71,2.17
F,218,Muniz,5.4,5.4,Fulham,0,0.00,0,0.00,0,0.00,0,0.00,0,0.00,0,0.00,0,0.00,0,0.00,0,0.00
F,219,Stansfield,4.5,4.5,Fulham,0,0.00,0,0.00,0,0.00,0,0.00,0,0.00,0,0.00,0,0.00,0,0.00,0,0.00
M,220,Palhinha,4.9,4.9,Fulham,85,2.78,60,1.81,42,1.26,52,1.48,66,2.16,71,2.31,67,2.08,68,1.34,72,2.21
D,221,Cooper,4.4,4.4,Leeds,35,1.32,27,0.65,32,0.93,0,0.00,30,1.83,32,1.34,35,0.89,33,0.55,37,1.24
D,222,Ayling,4.5,4.5,Leeds,82,3.56,78,2.00,75,2.34,0,0.00,76,4.95,74,3.32,72,1.98,75,1.31,71,2.64
M,223,Klich,4.6,4.6,Leeds,0,0.00,0,0.00,0,0.00,0,0.00,0,0.00,0,0.00,0,0.00,0,0.00,0,0.00
M,224,Forshaw,4.4,4.4,Leeds,4,0.20,7,0.33,7,0.38,0,0.00,10,0.88,11,0.48,10,0.46,10,0.26,9,0.45
M,225,Rodrigo,6.3,6.3,Leeds,0,0.00,0,0.00,0,0.00,0,0.00,10,1.30,20,1.32,40,2.42,40,1.41,43,3.10
D,226,Dallas,4.9,4.9,Leeds,0,0.00,0,0.00,0,0.00,0,0.00,25,1.93,30,1.44,28,0.94,26,0.54,26,1.12
F,227,Bamford,7.2,7.2,Leeds,68,4.20,66,3.15,64,3.58,0,0.00,57,6.20,57,3.52,53,3.03,52,1.65,47,3.14
D,228,Llorente,4.4,4.4,Leeds,0,0.00,0,0.00,0,0.00,0,0.00,0,0.00,0,0.00,0,0.00,0,0.00,0,0.00
M,229,Roberts,5.0,5.0,Leeds,0,0.00,0,0.00,0,0.00,0,0.00,0,0.00,0,0.00,0,0.00,0,0.00,0,0.00
D,230,Koch,4.5,4.5,Leeds,85,3.22,79,1.85,77,2.19,0,0.00,76,4.49,73,2.99,70,1.78,70,1.15,69,2.35
M,231,James,6.0,6.0,Fulham,20,1.10,21,1.09,21,1.01,21,0.98,22,1.20,24,1.28,22,1.14,20,0.68,22,1.09
M,232,Raphinha,7.0,7.0,Leeds,0,0.00,0,0.00,0,0.00,0,0.00,0,0.00,0,0.00,0,0.00,0,0.00,0,0.00
M,233,Harrison,5.8,5.8,Leeds,61,3.23,57,2.38,50,2.38,0,0.00,47,4.52,48,2.52,41,1.98,42,1.15,44,2.42
M,234,Shackleton,4.5,4.5,Leeds,0,0.00,0,0.00,0,0.00,0,0.00,0,0.00,0,0.00,0,0.00,0,0.00,0,0.00
D,235,Struijk,4.5,4.5,Leeds,51,2.25,70,1.88,72,2.33,0,0.00,59,4.02,56,2.62,57,1.65,56,1.03,58,2.25
G,236,Klaesson,3.9,3.9,Leeds,0,0.00,0,0.00,1,0.00,0,0.00,1,0.00,0,0.00,1,0.00,1,0.00,1,0.00
F,237,Greenwood,4.1,4.1,Leeds,17,0.88,9,0.41,8,0.40,0,0.00,9,0.91,7,0.41,8,0.38,8,0.24,8,0.46
G,238,Meslier,4.5,4.5,Leeds,90,3.82,88,3.22,87,3.31,0,0.00,86,6.81,86,3.75,85,3.09,85,1.88,84,3.38
D,239,Firpo,4.5,4.5,Leeds,42,1.85,14,0.44,13,0.47,0,0.00,8,0.48,8,0.31,10,0.30,10,0.21,10,0.41
M,240,Summerville,4.2,4.2,Leeds,54,2.85,48,2.02,41,2.01,0,0.00,39,3.84,38,2.10,35,1.75,35,1.00,36,2.05
M,241,Bate,4.5,4.5,Leeds,0,0.00,0,0.00,0,0.00,0,0.00,0,0.00,0,0.00,0,0.00,0,0.00,0,0.00
F,242,Gelhardt,5.1,5.1,Leeds,0,0.00,0,0.00,0,0.00,0,0.00,0,0.00,0,0.00,0,0.00,0,0.00,0,0.00
D,243,Hjelde,3.9,3.9,Leeds,0,0.00,0,0.00,0,0.00,0,0.00,0,0.00,0,0.00,0,0.00,0,0.00,0,0.00
D,244,Kristensen,4.8,4.8,Leeds,18,0.77,14,0.45,17,0.63,0,0.00,16,1.09,17,0.74,18,0.61,15,0.29,19,0.79
M,245,Roca,4.8,4.8,Leeds,21,0.96,49,1.73,53,2.01,0,0.00,52,3.96,55,2.21,56,2.00,53,1.12,51,2.07
M,246,Aaronson,5.4,5.4,Leeds,39,1.89,34,1.38,27,1.21,0,0.00,28,2.50,25,1.25,24,1.11,25,0.64,23,1.15
M,247,Gyabi,4.2,4.2,Leeds,1,0.00,0,0.00,0,0.00,0,0.00,0,0.00,0,0.00,0,0.00,0,0.00,0,0.00
G,248,Schmeichel,5.0,5.0,Leicester,0,0.00,0,0.00,0,0.00,0,0.00,0,0.00,0,0.00,0,0.00,0,0.00,0,0.00
D,249,Evans,4.4,4.4,Leicester,0,0.00,1,0.00,16,0.46,45,1.20,56,3.70,54,2.16,57,0.88,57,1.29,55,1.42
D,250,Bertrand,3.9,3.9,Leicester,0,0.00,1,0.00,2,0.07,2,0.03,3,0.19,2,0.08,3,0.08,3,0.05,3,0.07
M,251,Albrighton,4.7,4.7,Leicester,0,0.00,0,0.00,0,0.00,0,0.00,0,0.00,0,0.00,0,0.00,0,0.00,0,0.00
M,252,Mendy,4.3,4.3,Leicester,38,1.27,22,0.85,26,0.95,23,0.88,24,1.85,24,0.95,27,0.92,27,0.64,27,0.96
D,253,Vestergaard,3.9,3.9,Leicester,0,0.00,0,0.00,0,0.00,0,0.00,0,0.00,0,0.00,1,0.00,0,0.00,0,0.00
G,254,Ward,4.0,4.0,Leicester,87,3.14,86,3.45,84,3.22,86,3.16,86,6.98,86,3.69,84,2.99,85,2.25,83,3.09
F,255,Vardy,9.1,9.1,Leicester,25,1.40,32,1.88,35,1.93,37,2.04,37,4.29,36,2.40,38,1.66,36,1.40,35,2.01
D,256,Ricardo,4.3,4.3,Leicester,3,0.06,6,0.19,13,0.44,15,0.48,14,1.06,16,0.71,15,0.34,15,0.39,14,0.46
D,257,Amartey,4.0,4.0,Leicester,13,0.31,16,0.54,16,0.50,16,0.43,17,1.14,17,0.71,19,0.34,19,0.44,19,0.55
D,258,Castagne,4.4,4.4,Leicester,85,2.08,83,2.90,79,2.51,77,2.24,75,5.74,74,3.34,73,1.14,73,1.88,73,2.14
M,259,Tielemans,6.1,6.1,Leicester,71,2.48,69,2.60,65,2.40,67,2.38,65,5.04,67,2.95,67,2.01,67,1.72,65,2.38
M,260,Pérez,4.7,4.7,Leicester,0,0.00,0,0.00,0,0.00,0,0.00,0,0.00,0,0.00,0,0.00,0,0.00,0,0.00
M,261,Maddison,8.1,8.1,Leicester,52,2.33,82,4.17,79,3.85,77,3.66,77,8.19,74,4.64,73,2.70,72,2.61,73,3.62
F,262,Iheanacho,6.1,6.1,Leicester,62,2.94,52,2.88,45,2.43,40,2.12,41,4.80,44,2.86,41,1.79,42,1.61,43,2.29
M,263,Choudhury,4.5,4.5,Leicester,0,0.00,0,0.00,0,0.00,0,0.00,0,0.00,0,0.00,0,0.00,0,0.00,0,0.00
M,264,Barnes,6.7,6.7,Leicester,77,3.28,71,3.51,71,3.29,70,3.20,69,7.03,69,4.00,68,2.49,69,2.32,69,3.28
M,265,Ndidi,4.8,4.8,Leicester,31,1.00,31,1.07,32,1.06,33,1.07,33,2.22,33,1.17,31,0.92,33,0.71,33,1.07
M,266,Dewsbury-Hall,4.9,4.9,Leicester,71,2.48,63,2.36,63,2.32,63,2.27,63,4.89,62,2.70,61,1.91,63,1.62,61,2.24
D,267,Söyüncü,4.2,4.2,Leicester,2,0.07,5,0.18,4,0.14,2,0.07,2,0.13,3,0.09,3,0.08,4,0.10,3,0.10
D,268,Justin,4.2,4.2,Leicester,0,0.00,0,0.00,0,0.00,0,0.00,0,0.00,0,0.00,0,0.00,0,0.00,0,0.00
M,269,Soumaré,4.4,4.4,Leicester,15,0.63,18,0.78,19,0.76,19,0.79,20,1.67,21,0.94,21,0.77,22,0.60,22,0.86
D,270,Thomas,4.0,4.0,Leicester,15,0.42,16,0.57,15,0.53,16,0.53,18,1.38,17,0.72,17,0.38,19,0.50,19,0.63
F,271,Daka,5.6,5.6,Leicester,15,0.82,19,1.17,24,1.44,28,1.55,26,3.25,26,1.76,25,1.18,25,1.01,27,1.54
D,272,W.Fofana,4.3,4.3,Chelsea,27,0.88,58,2.42,52,1.76,50,2.30,53,3.98,58,2.18,53,1.93,52,0.68,51,2.10
D,273,Brunt,3.9,3.9,Leicester,0,0.00,0,0.00,0,0.00,0,0.00,0,0.00,0,0.00,1,0.00,0,0.00,0,0.00
M,274,Milner,4.4,4.4,Liverpool,6,0.73,8,0.44,9,0.51,8,0.47,7,0.73,7,0.40,9,0.45,8,0.48,11,0.50
M,275,Henderson,5.3,5.3,Liverpool,66,5.13,62,2.18,62,2.37,58,2.29,52,3.51,50,1.82,50,1.89,51,2.19,50,1.84
D,276,Matip,5.9,5.9,Liverpool,80,7.14,44,1.46,32,1.34,17,0.69,17,0.87,20,0.64,19,0.69,19,0.92,20,0.71
M,277,Thiago,5.1,5.1,Liverpool,0,0.00,0,0.00,0,0.00,17,0.63,62,3.74,61,1.97,60,2.08,60,2.36,57,1.91
M,278,Chamberlain,4.9,4.9,Liverpool,5,0.69,5,0.29,5,0.36,6,0.38,3,0.36,3,0.22,3,0.16,5,0.33,4,0.22
F,279,Firmino,8.0,8.0,Liverpool,46,5.19,40,2.21,39,2.28,40,2.47,35,3.37,34,1.86,33,1.91,32,2.17,33,1.75
D,280,Van Dijk,6.5,6.5,Liverpool,88,7.99,83,2.79,82,3.57,81,3.63,78,3.95,79,2.63,78,2.81,79,3.95,79,2.78
G,281,Alisson,5.4,5.4,Liverpool,89,8.09,88,3.50,88,3.84,87,3.86,87,6.53,87,3.48,86,3.51,87,4.09,86,3.54
M,282,Fabinho,5.2,5.2,Liverpool,68,4.38,67,1.95,66,2.12,58,1.95,53,2.97,53,1.61,49,1.54,52,1.83,45,1.42
M,283,Salah,12.7,12.7,Liverpool,84,12.47,82,5.25,78,5.72,77,6.12,77,8.13,77,4.79,76,5.25,75,6.33,74,4.66
D,284,Robertson,6.8,6.8,Liverpool,81,8.66,80,3.10,75,3.81,75,3.91,77,4.41,75,2.87,72,3.07,71,4.15,70,2.90
D,285,Alexander-Arnold,7.3,7.3,Liverpool,85,9.79,84,3.56,82,4.47,82,4.70,79,4.97,77,3.22,78,3.65,78,5.03,77,3.39
D,286,Gomez,4.3,4.3,Liverpool,9,0.66,46,1.32,33,1.31,20,0.79,25,1.22,28,0.84,25,0.80,24,1.06,27,0.86
M,287,Keita,4.7,4.7,Liverpool,24,2.44,25,1.16,26,1.28,21,1.14,15,1.36,17,0.84,18,0.93,15,0.85,18,0.89
F,288,Diogo Jota,8.8,8.8,Liverpool,40,4.72,51,2.66,53,3.04,43,2.73,36,3.52,35,1.86,37,2.10,37,2.47,38,2.00
G,289,Kelleher,4.0,4.0,Liverpool,1,0.00,2,0.08,2,0.09,3,0.09,3,0.15,2,0.08,3,0.12,3,0.14,4,0.12
D,290,Konaté,4.8,4.8,Liverpool,0,0.00,9,0.30,37,1.53,67,2.77,66,3.01,62,1.89,64,2.13,65,3.06,63,2.06
M,291,Jones,4.9,4.9,Liverpool,8,0.75,9,0.44,9,0.42,9,0.47,7,0.60,7,0.35,9,0.41,7,0.34,8,0.35
D,292,Tsimikas,4.4,4.4,Liverpool,11,1.01,11,0.43,14,0.65,14,0.72,13,0.93,15,0.65,16,0.73,18,0.95,18,0.80
M,293,Luis Díaz,7.8,7.8,Liverpool,0,0.00,0,0.00,4,0.20,18,1.21,46,4.23,46,2.42,44,2.52,43,2.84,43,2.25
M,294,Elliott,4.9,4.9,Liverpool,25,2.61,26,1.23,25,1.31,26,1.38,18,1.64,20,0.96,19,1.01,21,1.18,17,0.88
D,295,N.Williams,3.9,3.9,Nott'm Forest,83,2.44,79,3.44,80,1.86,71,2.28,37,2.77,32,1.08,31,1.00,34,0.81,35,1.16
M,296,Carvalho,5.1,5.1,Liverpool,2,0.29,2,0.09,3,0.18,3,0.19,1,0.17,2,0.09,3,0.18,2,0.20,2,0.17
F,297,Darwin,8.7,8.7,Liverpool,63,8.77,55,3.40,54,3.69,52,3.90,46,4.90,45,2.77,47,3.16,47,3.67,50,3.04
D,298,Ramsay,3.9,3.9,Liverpool,0,0.00,0,0.00,0,0.00,0,0.00,0,0.00,0,0.00,0,0.00,0,0.00,0,0.00
D,299,Walker,4.8,4.8,Man City,60,2.97,53,2.35,41,2.02,0,0.00,43,1.76,44,2.08,45,2.17,43,0.25,43,1.82
M,300,Gündogan,7.3,7.3,Man City,51,2.75,55,2.73,53,2.64,0,0.00,55,2.75,55,2.78,54,3.06,55,0.37,55,2.62
M,301,De Bruyne,12.3,12.3,Man City,50,3.57,71,4.54,71,4.58,0,0.00,68,4.70,67,4.59,64,5.04,63,0.57,66,4.08
D,302,Stones,5.4,5.4,Man City,21,1.09,42,1.89,61,3.04,0,0.00,56,2.34,58,2.82,57,2.89,59,0.34,59,2.48
M,303,Mahrez,7.8,7.8,Man City,55,4.16,60,4.05,60,4.08,0,0.00,59,4.15,59,4.26,56,4.65,59,0.55,58,3.86
M,304,Sterling,9.7,9.7,Chelsea,38,2.00,38,2.52,40,2.31,40,2.60,39,4.88,37,2.13,36,2.16,40,0.96,36,2.35
M,305,Grealish,6.8,6.8,Man City,59,3.58,62,3.44,61,3.32,0,0.00,57,3.30,59,3.44,59,3.85,55,0.42,58,3.09
D,306,Cancelo,7.1,7.1,Man City,0,0.00,0,0.00,0,0.00,0,0.00,0,0.00,0,0.00,0,0.00,0,0.00,0,0.00
G,307,Ederson,5.4,5.4,Man City,89,4.20,87,3.85,87,4.14,0,0.00,86,3.64,87,4.06,87,4.00,86,0.54,86,3.75
D,308,Aké,5.1,5.1,Man City,68,3.49,55,2.52,49,2.41,0,0.00,50,2.09,49,2.43,51,2.56,47,0.27,50,2.09
D,309,Laporte,5.7,5.7,Man City,2,0.10,37,1.68,56,2.80,0,0.00,55,2.36,53,2.64,53,2.71,50,0.29,51,2.15
G,310,Steffen,4.0,4.0,Man City,0,0.00,0,0.00,0,0.00,0,0.00,0,0.00,0,0.00,0,0.00,0,0.00,0,0.00
M,311,Bernardo,6.8,6.8,Man City,63,3.05,58,2.63,56,2.54,0,0.00,55,2.55,56,2.62,56,2.90,56,0.35,52,2.27
D,312,Dias,5.9,5.9,Man City,81,4.19,66,2.98,60,3.04,0,0.00,61,2.57,56,2.74,56,2.86,57,0.33,58,2.44
D,313,Zinchenko,5.1,5.1,Arsenal,76,8.00,74,4.46,75,3.46,73,4.29,72,3.86,71,2.50,70,3.16,71,2.64,68,1.83
M,314,Foden,8.0,8.0,Man City,60,4.28,44,2.88,47,3.10,0,0.00,47,3.17,48,3.26,49,3.90,48,0.43,47,2.95
M,315,Rodri,5.6,5.6,Man City,75,3.07,80,3.00,79,2.98,0,0.00,77,2.90,78,3.04,76,3.19,75,0.39,75,2.71
M,316,Palmer,4.3,4.3,Man City,11,0.70,10,0.60,12,0.71,0,0.00,14,0.81,15,0.86,16,1.06,14,0.12,16,0.93
M,317,McAtee,4.5,4.5,Man City,0,0.00,0,0.00,0,0.00,0,0.00,0,0.00,0,0.00,0,0.00,0,0.00,0,0.00
F,318,Haaland,12.2,11.8,Man City,75,6.62,72,5.79,70,5.41,0,0.00,69,5.87,69,5.69,68,6.77,69,0.73,69,5.10
F,319,Álvarez,6.0,6.0,Man City,41,2.29,35,1.95,36,1.97,0,0.00,39,2.17,36,2.04,38,2.40,39,0.29,39,2.03
D,320,Mbete,3.9,3.9,Man City,0,0.00,0,0.00,0,0.00,0,0.00,0,0.00,0,0.00,0,0.00,0,0.00,0,0.00
M,321,Lavia,4.5,4.5,Southampton,74,2.21,71,2.24,68,4.09,0,0.00,66,2.17,67,1.84,67,2.20,64,1.12,64,2.21
D,322,Wilson-Esbrand,3.8,3.8,Man City,0,0.00,0,0.00,0,0.00,0,0.00,0,0.00,0,0.00,0,0.00,0,0.00,0,0.00
F,323,Delap,4.4,4.4,Man City,0,0.00,0,0.00,0,0.00,0,0.00,0,0.00,0,0.00,0,0.00,0,0.00,0,0.00
G,324,Ortega,3.8,3.8,Man City,1,0.05,3,0.14,3,0.10,0,0.00,4,0.13,3,0.10,3,0.14,3,0.02,4,0.13
M,325,Phillips,4.8,4.8,Man City,23,0.93,17,0.69,18,0.73,0,0.00,20,0.81,19,0.79,19,0.82,21,0.11,21,0.83
F,326,Ronaldo,10.2,10.2,Man Utd,0,0.00,0,0.00,0,0.00,0,0.00,0,0.00,0,0.00,0,0.00,0,0.00,0,0.00
G,327,De Gea,5.0,5.0,Man Utd,0,0.00,88,3.34,85,4.08,0,0.00,86,7.27,87,4.16,87,3.89,85,1.79,87,3.37
D,328,Jones,3.9,3.9,Man Utd,0,0.00,0,0.00,0,0.00,0,0.00,0,0.00,1,0.00,0,0.00,0,0.00,0,0.00
D,329,Varane,4.8,4.8,Man Utd,0,0.00,33,1.08,31,1.60,0,0.00,30,2.52,32,1.61,35,1.59,34,0.70,33,1.16
D,330,Maguire,4.7,4.7,Man Utd,0,0.00,34,0.97,38,1.86,0,0.00,37,2.77,37,1.79,33,1.42,36,0.70,38,1.17
M,331,Fred,5.1,5.1,Man Utd,0,0.00,35,1.30,35,1.56,0,0.00,35,2.74,34,1.47,36,1.44,33,0.65,33,1.22
D,332,Shaw,5.3,5.3,Man Utd,0,0.00,78,2.41,76,4.14,0,0.00,75,6.22,73,3.99,72,3.51,72,1.52,71,2.42
M,333,Fernandes,9.8,9.8,Man Utd,0,0.00,84,4.27,82,5.71,0,0.00,79,8.73,77,5.06,77,4.63,78,2.14,78,3.81
D,334,Telles,5.0,5.0,Man Utd,0,0.00,0,0.00,0,0.00,0,0.00,0,0.00,0,0.00,0,0.00,0,0.00,0,0.00
M,335,Rashford,7.3,7.0,Man Utd,0,0.00,78,4.48,79,6.07,0,0.00,76,9.54,76,5.49,75,4.93,76,2.31,75,4.19
M,336,Van de Beek,5.1,5.1,Man Utd,0,0.00,0,0.00,0,0.00,0,0.00,0,0.00,0,0.00,0,0.00,0,0.00,0,0.00
D,337,Lindelöf,4.1,4.1,Man Utd,0,0.00,33,0.93,36,1.66,0,0.00,38,2.74,39,1.81,39,1.61,38,0.70,38,1.16
M,338,McTominay,4.9,4.9,Man Utd,0,0.00,17,0.64,18,0.78,0,0.00,21,1.58,24,0.95,22,0.84,25,0.45,24,0.86
D,339,Bailly,4.0,4.0,Man Utd,0,0.00,0,0.00,0,0.00,0,0.00,0,0.00,0,0.00,0,0.00,0,0.00,0,0.00
M,340,Sancho,7.1,7.1,Man Utd,0,0.00,41,2.27,36,2.55,0,0.00,31,3.78,33,2.25,33,2.15,32,0.96,32,1.83
D,341,Wan-Bissaka,4.3,4.3,Man Utd,0,0.00,11,0.29,15,0.70,0,0.00,16,1.18,16,0.70,17,0.69,16,0.31,19,0.61
D,342,Dalot,4.7,4.7,Man Utd,0,0.00,77,2.28,72,3.71,0,0.00,70,5.58,70,3.59,70,3.23,70,1.43,68,2.19
D,343,B.Williams,3.8,3.8,Man Utd,0,0.00,1,0.00,2,0.07,0,0.00,2,0.10,3,0.07,3,0.07,4,0.05,4,0.08
M,344,Elanga,4.7,4.7,Man Utd,0,0.00,2,0.09,2,0.19,0,0.00,3,0.35,3,0.19,3,0.26,4,0.12,3,0.24
F,345,Martial,6.4,6.4,Man Utd,0,0.00,17,1.03,29,2.06,0,0.00,50,5.85,52,3.28,54,3.23,49,1.38,52,2.71
M,346,Andreas,4.4,4.4,Fulham,78,3.65,74,3.11,73,2.93,71,2.73,69,3.24,68,3.19,67,2.90,67,1.98,70,3.00
M,347,Pellistri,4.3,4.3,Man Utd,0,0.00,2,0.13,2,0.15,0,0.00,3,0.33,3,0.21,3,0.20,4,0.13,3,0.13
G,348,Heaton,3.9,3.9,Man Utd,0,0.00,0,0.00,0,0.00,0,0.00,0,0.00,0,0.00,0,0.00,0,0.00,0,0.00
M,349,Shelvey,4.8,4.8,Nott'm Forest,53,1.77,46,1.73,46,1.51,44,1.54,40,2.94,42,1.45,42,1.46,44,1.40,42,1.47
D,350,Ritchie,4.2,4.2,Newcastle,0,0.00,1,0.03,2,0.10,2,0.05,3,0.18,3,0.16,3,0.11,3,0.09,3,0.10
D,351,Fernández,4.4,4.4,Newcastle,0,0.00,0,0.00,0,0.00,0,0.00,0,0.00,0,0.00,0,0.00,0,0.00,0,0.00
D,352,Clark,4.5,4.5,Newcastle,0,0.00,0,0.00,0,0.00,0,0.00,0,0.00,0,0.00,0,0.00,0,0.00,0,0.00
G,353,Darlow,3.9,3.9,Newcastle,0,0.00,0,0.00,0,0.00,0,0.00,0,0.00,0,0.00,0,0.00,0,0.00,0,0.00
F,354,Wood,5.6,5.6,Nott'm Forest,63,2.80,59,3.09,59,2.48,58,2.66,52,5.25,49,2.35,50,2.37,51,2.18,53,2.55
G,355,Dubravka,4.1,4.1,Newcastle,0,0.00,2,0.07,4,0.19,3,0.14,4,0.34,5,0.20,3,0.15,3,0.09,2,0.05
F,356,Wilson,7.0,7.0,Newcastle,0,0.00,51,2.33,48,3.19,51,3.10,51,5.79,49,3.28,47,3.23,46,1.99,50,2.98
D,357,Trippier,6.0,5.6,Newcastle,0,0.00,83,1.84,80,4.29,78,3.89,77,6.33,76,3.70,75,3.84,75,2.36,74,3.59
D,358,Burn,4.6,4.6,Newcastle,0,0.00,81,1.66,79,3.86,76,3.49,75,5.65,76,3.38,76,3.52,75,2.11,74,3.37
M,359,Fraser,5.2,5.2,Newcastle,0,0.00,2,0.15,5,0.32,6,0.36,5,0.69,5,0.34,5,0.40,6,0.26,6,0.41
D,360,Lascelles,4.3,4.3,Newcastle,0,0.00,13,0.27,14,0.60,17,0.66,16,1.08,16,0.65,18,0.76,16,0.42,19,0.74
F,361,Gayle,4.5,4.5,Newcastle,0,0.00,0,0.00,0,0.00,0,0.00,0,0.00,0,0.00,0,0.00,0,0.00,0,0.00
D,362,Dummett,3.9,3.9,Newcastle,0,0.00,1,0.00,2,0.05,3,0.09,3,0.16,2,0.09,3,0.10,2,0.06,3,0.09
D,363,Manquillo,4.2,4.2,Newcastle,0,0.00,5,0.14,7,0.31,9,0.39,9,0.64,8,0.35,8,0.35,6,0.14,8,0.34
D,364,Krafth,4.3,4.3,Newcastle,0,0.00,0,0.00,0,0.00,0,0.00,2,0.09,4,0.15,7,0.28,11,0.27,9,0.30
M,365,Murphy,4.2,4.2,Newcastle,0,0.00,4,0.21,5,0.37,7,0.41,8,0.90,7,0.45,6,0.45,7,0.30,7,0.40
D,366,Schär,5.2,5.2,Newcastle,0,0.00,79,1.68,78,4.03,76,3.62,74,5.80,73,3.42,71,3.53,72,2.17,71,3.32
D,367,Targett,4.7,4.7,Newcastle,0,0.00,13,0.30,16,0.78,16,0.74,20,1.58,19,0.86,18,0.84,22,0.67,22,1.01
M,368,Saint-Maximin,6.1,6.1,Newcastle,0,0.00,50,1.99,51,2.89,54,2.81,54,5.20,53,3.02,51,2.97,51,1.86,50,2.60
M,369,Almirón,5.5,5.5,Newcastle,0,0.00,64,2.42,65,3.40,65,3.17,61,5.52,62,3.27,61,3.33,61,2.06,63,3.00
M,370,S.Longstaff,4.3,4.3,Newcastle,0,0.00,66,1.82,66,2.38,68,2.38,69,4.43,65,2.43,65,2.51,64,1.53,66,2.25
M,371,Joelinton,5.9,5.9,Newcastle,0,0.00,67,2.07,49,2.13,42,1.77,46,3.58,52,2.31,57,2.57,59,1.64,59,2.39
D,372,Lewis,4.4,4.4,Newcastle,0,0.00,2,0.06,3,0.09,4,0.17,4,0.24,4,0.18,4,0.19,4,0.09,5,0.17
M,373,Willock,4.7,4.7,Newcastle,0,0.00,52,1.94,55,2.71,52,2.45,50,4.39,50,2.60,50,2.60,50,1.64,48,2.27
M,374,Bruno Guimarães,5.5,5.5,Newcastle,0,0.00,79,2.38,78,3.18,74,2.93,73,5.28,74,3.13,74,3.20,72,1.93,73,2.78
M,375,Hendrick,4.5,4.5,Newcastle,0,0.00,0,0.00,0,0.00,0,0.00,0,0.00,0,0.00,0,0.00,0,0.00,0,0.00
G,376,Pope,5.4,5.4,Newcastle,0,0.00,88,3.14,86,4.00,86,3.91,85,7.10,85,4.13,86,4.23,86,2.57,87,4.00
D,377,Botman,4.5,4.5,Newcastle,0,0.00,81,1.63,79,3.74,78,3.48,77,5.57,77,3.26,78,3.47,75,2.02,76,3.34
M,378,Arter,4.1,4.1,Nott'm Forest,0,0.00,0,0.00,0,0.00,0,0.00,0,0.00,0,0.00,0,0.00,0,0.00,0,0.00
D,379,Cook,4.3,4.3,Nott'm Forest,13,0.35,18,0.66,19,0.42,16,0.45,11,0.72,11,0.30,7,0.18,6,0.13,5,0.14
F,380,Lyle Taylor,4.1,4.1,Nott'm Forest,0,0.00,0,0.00,0,0.00,0,0.00,0,0.00,0,0.00,0,0.00,0,0.00,0,0.00
M,381,Colback,4.1,4.1,Nott'm Forest,13,0.44,15,0.54,16,0.56,15,0.51,10,0.73,10,0.34,10,0.37,11,0.36,13,0.45
G,382,Samba,4.5,4.5,Nott'm Forest,0,0.00,0,0.00,0,0.00,0,0.00,0,0.00,0,0.00,0,0.00,0,0.00,0,0.00
M,383,Cafú,4.2,4.2,Nott'm Forest,0,0.00,0,0.00,1,0.00,1,0.00,0,0.00,0,0.00,0,0.00,0,0.00,0,0.00
M,384,Lolley,4.9,4.9,Nott'm Forest,0,0.00,0,0.00,0,0.00,0,0.00,0,0.00,0,0.00,0,0.00,0,0.00,0,0.00
D,385,McKenna,4.4,4.4,Nott'm Forest,0,0.00,0,0.00,0,0.00,0,0.00,15,0.83,36,0.96,60,1.49,70,1.24,72,1.94
D,386,Dräger,4.0,4.0,Nott'm Forest,0,0.00,0,0.00,0,0.00,0,0.00,0,0.00,0,0.00,0,0.00,0,0.00,0,0.00
M,387,Yates,5.0,5.0,Nott'm Forest,44,1.37,73,2.47,73,2.07,74,2.23,74,4.60,73,2.17,71,2.09,71,1.95,70,2.13
D,388,Worrall,4.2,4.2,Nott'm Forest,84,2.13,82,3.02,74,1.49,73,1.94,63,3.73,56,1.51,46,1.10,40,0.72,44,1.19
D,389,Panzo,4.0,4.0,Nott'm Forest,0,0.00,0,0.00,0,0.00,0,0.00,0,0.00,0,0.00,0,0.00,0,0.00,0,0.00
M,390,Xande Silva,5.0,5.0,Nott'm Forest,0,0.00,0,0.00,0,0.00,0,0.00,0,0.00,0,0.00,0,0.00,0,0.00,0,0.00
F,391,Surridge,4.7,4.7,Nott'm Forest,1,0.00,1,0.09,1,0.08,1,0.08,1,0.09,1,0.00,1,0.00,1,0.08,2,0.09
D,392,Laryea,4.5,4.5,Nott'm Forest,0,0.00,0,0.00,0,0.00,0,0.00,0,0.00,0,0.00,0,0.00,0,0.00,0,0.00
D,393,Mbe Soh,4.2,4.2,Nott'm Forest,0,0.00,0,0.00,0,0.00,0,0.00,0,0.00,0,0.00,0,0.00,0,0.00,0,0.00
F,394,Johnson,5.7,5.7,Nott'm Forest,82,3.09,78,3.36,77,2.73,76,2.89,73,6.05,72,2.83,74,2.85,71,2.56,69,2.79
M,395,Mighten,4.9,4.9,Nott'm Forest,0,0.00,0,0.00,0,0.00,0,0.00,0,0.00,0,0.00,0,0.00,0,0.00,0,0.00
M,396,Ojeda,4.5,4.5,Nott'm Forest,0,0.00,0,0.00,0,0.00,0,0.00,0,0.00,0,0.00,0,0.00,0,0.00,0,0.00
F,397,Awoniyi,5.6,5.6,Nott'm Forest,0,0.00,0,0.00,3,0.17,10,0.54,27,3.11,30,1.59,27,1.49,24,1.21,24,1.40
G,398,Henderson,4.6,4.6,Nott'm Forest,0,0.00,2,0.04,5,0.18,11,0.39,14,1.15,16,0.58,16,0.57,15,0.54,19,0.74
D,399,Biancone,4.2,4.2,Nott'm Forest,0,0.00,0,0.00,0,0.00,0,0.00,0,0.00,0,0.00,0,0.00,0,0.00,0,0.00
M,400,Walcott,4.8,4.8,Southampton,7,0.43,9,0.55,7,0.80,0,0.00,7,0.41,5,0.32,6,0.40,6,0.22,8,0.51
G,401,McCarthy,4.3,4.3,Southampton,4,0.12,8,0.28,7,0.50,0,0.00,9,0.37,9,0.32,9,0.40,10,0.23,10,0.39
M,402,Romeu,4.8,4.8,Southampton,0,0.00,0,0.00,0,0.00,0,0.00,0,0.00,0,0.00,0,0.00,0,0.00,0,0.00
M,403,Redmond,5.3,5.3,Southampton,0,0.00,0,0.00,0,0.00,0,0.00,0,0.00,0,0.00,0,0.00,0,0.00,0,0.00
D,404,Stephens,4.3,4.3,Bournemouth,81,1.35,70,1.22,61,1.33,60,1.57,56,3.18,57,1.31,56,1.06,60,1.55,0,0.00
M,405,S.Armstrong,4.7,4.7,Southampton,37,1.66,37,1.76,32,2.84,0,0.00,29,1.39,31,1.29,32,1.57,32,0.82,30,1.53
M,406,Elyounoussi,5.2,5.2,Southampton,54,2.46,52,2.61,50,4.38,0,0.00,44,2.06,43,1.74,41,2.09,43,1.06,42,2.28
M,407,Ward-Prowse,6.2,6.2,Southampton,87,3.38,84,3.67,84,6.27,0,0.00,81,3.21,81,2.69,82,3.55,81,1.64,80,3.76
F,408,A.Armstrong,5.4,5.4,Southampton,23,1.20,23,1.38,19,2.01,0,0.00,20,1.09,17,0.82,17,1.01,19,0.59,19,1.13
D,409,Walker-Peters,4.4,4.4,Southampton,33,1.03,46,1.62,59,3.23,0,0.00,65,1.99,63,1.20,59,2.44,62,0.75,59,2.53
D,410,Bednarek,4.2,4.2,Southampton,70,2.00,49,1.65,54,2.92,0,0.00,49,1.50,49,0.94,45,1.89,49,0.61,51,2.14
F,411,Adams,6.2,6.2,Southampton,0,0.00,3,0.12,25,2.37,0,0.00,49,2.23,51,2.01,47,2.26,49,1.15,48,2.53
M,412,Tella,5.0,5.0,Southampton,0,0.00,0,0.00,0,0.00,0,0.00,0,0.00,0,0.00,0,0.00,0,0.00,0,0.00
D,413,Lyanco,4.4,4.4,Southampton,11,0.30,7,0.24,8,0.42,0,0.00,8,0.23,9,0.20,11,0.39,14,0.18,9,0.36
D,414,Valery,4.0,4.0,Southampton,0,0.00,0,0.00,0,0.00,0,0.00,0,0.00,0,0.00,0,0.00,0,0.00,0,0.00
M,415,Smallbone,4.5,4.5,Southampton,0,0.00,0,0.00,0,0.00,0,0.00,0,0.00,0,0.00,0,0.00,0,0.00,0,0.00
M,416,Diallo,4.2,4.2,Southampton,15,0.58,19,0.76,19,1.54,0,0.00,20,0.86,20,0.77,18,0.72,22,0.53,22,0.89
D,417,Perraud,4.1,4.1,Southampton,65,2.34,55,2.30,47,3.32,0,0.00,39,1.51,42,1.08,39,1.93,41,0.65,36,1.89
M,418,Djenepo,5.0,5.0,Southampton,4,0.22,5,0.34,5,0.58,0,0.00,5,0.28,5,0.29,5,0.33,8,0.24,6,0.34
D,419,Livramento,4.4,4.4,Southampton,0,0.00,0,0.00,0,0.00,0,0.00,12,0.42,16,0.43,24,1.14,30,0.46,24,1.16
D,420,Salisu,4.4,4.4,Southampton,6,0.17,43,1.38,43,2.25,0,0.00,42,1.23,46,0.81,45,1.83,45,0.52,44,1.76
G,421,Lis,4.0,4.0,Southampton,0,0.00,0,0.00,0,0.00,0,0.00,0,0.00,0,0.00,0,0.00,0,0.00,0,0.00
G,422,Bazunu,4.5,4.5,Southampton,86,3.22,82,3.22,83,6.20,0,0.00,81,3.26,80,2.80,80,3.48,79,1.75,80,3.41
D,423,Bella-Kotchap,4.5,4.5,Southampton,83,2.52,79,2.79,76,4.37,0,0.00,75,2.34,74,1.44,74,3.23,70,0.89,71,3.16
G,424,Caballero,3.9,3.9,Southampton,0,0.00,0,0.00,0,0.00,0,0.00,0,0.00,1,0.00,1,0.00,1,0.00,1,0.00
G,425,Lloris,5.5,5.5,Spurs,0,0.00,0,0.00,0,0.00,0,0.00,20,0.92,41,1.64,73,3.41,87,1.80,86,3.37
G,426,Forster,3.9,3.9,Spurs,88,3.53,88,3.63,88,4.03,0,0.00,67,3.12,46,1.86,16,0.69,3,0.04,4,0.12
F,427,Kane,11.8,11.8,Spurs,86,4.98,84,4.99,81,5.98,0,0.00,80,5.21,80,4.97,76,5.86,75,2.14,75,4.53
M,428,Son,11.6,11.6,Spurs,68,3.80,66,3.70,65,4.48,0,0.00,64,4.01,65,3.79,64,4.67,61,1.68,62,3.54
D,429,Doherty,4.6,4.6,Spurs,0,0.00,0,0.00,0,0.00,0,0.00,0,0.00,0,0.00,0,0.00,0,0.00,0,0.00
D,430,Dier,5.1,5.1,Spurs,85,2.96,84,3.05,81,3.87,0,0.00,79,3.38,77,2.69,78,3.67,76,1.18,76,2.48
M,431,Lucas Moura,5.8,5.8,Spurs,4,0.26,7,0.44,10,0.68,0,0.00,12,0.72,11,0.67,12,0.76,11,0.30,10,0.60
D,432,Davies,4.8,4.8,Spurs,70,2.57,60,2.21,59,2.89,0,0.00,57,2.51,56,1.98,54,2.62,52,0.82,53,1.75
M,433,Højbjerg,5.5,5.5,Spurs,85,2.70,84,2.67,81,2.98,0,0.00,80,2.88,79,2.55,80,3.00,79,1.26,78,2.43
M,434,Winks,4.4,4.4,Spurs,0,0.00,0,0.00,0,0.00,0,0.00,0,0.00,0,0.00,0,0.00,0,0.00,0,0.00
D,435,Sánchez,4.3,4.3,Spurs,18,0.66,15,0.51,21,1.02,0,0.00,21,0.96,22,0.83,22,1.02,21,0.35,22,0.79
D,436,R.Sessegnon,4.4,4.4,Spurs,0,0.00,0,0.00,0,0.00,0,0.00,8,0.47,17,0.79,25,1.47,30,0.68,32,1.47
M,437,Bergwijn,5.5,5.5,Spurs,0,0.00,0,0.00,0,0.00,0,0.00,0,0.00,0,0.00,0,0.00,0,0.00,0,0.00
D,438,Reguilón,4.2,4.2,Spurs,0,0.00,0,0.00,0,0.00,0,0.00,0,0.00,0,0.00,0,0.00,0,0.00,0,0.00
D,439,Tanganga,3.9,3.9,Spurs,5,0.19,6,0.23,8,0.31,0,0.00,8,0.35,9,0.34,8,0.31,10,0.17,9,0.29
M,440,Bentancur,5.4,5.4,Spurs,0,0.00,0,0.00,0,0.00,0,0.00,0,0.00,0,0.00,0,0.00,0,0.00,0,0.00
M,441,Skipp,4.3,4.3,Spurs,46,1.52,51,1.66,56,1.96,0,0.00,55,1.95,49,1.62,43,1.57,33,0.60,29,1.05
D,442,Rodon,4.0,4.0,Spurs,0,0.00,0,0.00,0,0.00,0,0.00,0,0.00,0,0.00,0,0.00,0,0.00,0,0.00
D,443,Romero,4.9,4.9,Spurs,86,2.75,83,2.81,81,3.64,0,0.00,79,3.17,77,2.54,77,3.50,79,1.12,78,2.31
M,444,Bissouma,4.7,4.7,Spurs,0,0.00,0,0.00,0,0.00,0,0.00,0,0.00,8,0.25,27,1.01,47,0.78,56,1.76
D,445,Emerson Royal,4.9,4.9,Spurs,56,2.36,56,2.44,53,3.02,0,0.00,50,2.61,49,2.12,53,2.99,50,0.95,49,1.97
M,446,Kulusevski,7.9,7.9,Spurs,58,2.63,54,2.55,54,3.00,0,0.00,52,2.76,53,2.56,52,3.04,57,1.29,53,2.46
F,447,Scarlett,4.5,4.5,Spurs,0,0.00,0,0.00,0,0.00,0,0.00,0,0.00,0,0.00,0,0.00,0,0.00,0,0.00
D,448,Perišić,5.5,5.5,Spurs,51,2.64,74,3.91,72,4.96,0,0.00,66,4.11,64,3.38,60,4.19,60,1.40,56,2.81
M,449,White,4.4,4.4,Spurs,0,0.00,0,0.00,0,0.00,0,0.00,0,0.00,0,0.00,0,0.00,0,0.00,0,0.00
M,450,Sarr,4.2,4.2,Spurs,49,1.78,45,1.68,40,1.73,0,0.00,39,1.65,39,1.47,29,1.32,19,0.41,19,0.78
G,451,Austin,3.9,3.9,Spurs,0,0.00,0,0.00,0,0.00,0,0.00,0,0.00,0,0.00,0,0.00,0,0.00,0,0.00
M,452,Devine,4.3,4.3,Spurs,1,0.00,1,0.05,3,0.14,0,0.00,4,0.14,3,0.09,3,0.10,1,0.03,0,0.00
F,453,Parrott,4.5,4.5,Spurs,0,0.00,0,0.00,0,0.00,0,0.00,0,0.00,0,0.00,0,0.00,0,0.00,0,0.00
F,454,Richarlison,8.4,8.4,Spurs,43,2.13,44,2.24,45,2.66,0,0.00,47,2.63,47,2.42,46,2.79,48,1.18,48,2.45
G,455,Fabianski,5.0,5.0,West Ham,89,4.01,88,3.26,87,3.78,0,0.00,87,7.51,87,3.44,87,3.30,86,3.09,85,3.25
D,456,Ogbonna,4.4,4.4,West Ham,64,2.82,50,1.31,48,1.91,0,0.00,47,3.64,52,1.63,48,1.37,49,1.56,47,1.38
D,457,Cresswell,4.7,4.7,West Ham,37,1.89,35,1.14,34,1.68,0,0.00,38,3.47,36,1.37,39,1.32,39,1.49,39,1.39
F,458,Antonio,7.0,7.0,West Ham,42,2.58,36,1.80,33,2.01,0,0.00,30,3.55,30,1.69,30,1.58,30,1.50,29,1.67
D,459,Dawson,4.8,4.8,Wolves,85,4.61,82,2.54,83,2.04,0,0.00,79,2.90,79,2.59,79,2.96,79,1.49,79,3.54
M,460,Lanzini,5.1,5.1,West Ham,9,0.49,6,0.34,5,0.27,0,0.00,6,0.74,6,0.30,7,0.34,7,0.35,8,0.45
D,461,Zouma,4.4,4.4,West Ham,35,1.67,74,2.05,77,3.34,0,0.00,76,6.22,76,2.56,76,2.31,78,2.60,75,2.31
D,462,Masuaku,4.5,4.5,West Ham,0,0.00,0,0.00,0,0.00,0,0.00,0,0.00,0,0.00,0,0.00,0,0.00,0,0.00
D,463,Coufal,4.1,4.1,West Ham,76,3.64,75,2.14,72,3.19,0,0.00,71,5.85,70,2.43,71,2.18,70,2.44,71,2.24
M,464,Benrahma,5.5,5.5,West Ham,51,3.13,44,2.23,42,2.61,0,0.00,41,4.87,42,2.28,44,2.19,39,1.96,42,2.35
M,465,Bowen,8.0,8.0,West Ham,78,4.49,71,3.07,71,3.94,0,0.00,67,7.06,67,3.21,65,2.91,65,2.88,66,3.26
M,466,Vlasic,5.0,5.0,West Ham,0,0.00,0,0.00,0,0.00,0,0.00,0,0.00,0,0.00,0,0.00,0,0.00,0,0.00
M,467,Rice,4.7,4.7,West Ham,85,2.94,81,2.33,77,2.60,0,0.00,77,5.03,77,2.33,77,2.25,78,2.11,76,2.28
M,468,Soucek,5.1,5.1,West Ham,76,3.36,62,2.17,55,2.32,0,0.00,55,4.41,56,2.08,52,1.86,55,1.86,52,1.98
M,469,Fornals,4.9,4.9,West Ham,34,1.80,27,1.24,27,1.44,0,0.00,29,2.89,29,1.38,30,1.32,31,1.26,30,1.39
D,470,Diop,4.3,4.3,Fulham,83,3.07,81,2.27,79,2.01,78,1.48,77,2.68,76,2.64,74,2.46,74,1.51,73,2.21
D,471,Johnson,4.4,4.4,West Ham,8,0.32,6,0.20,10,0.44,0,0.00,12,0.99,12,0.46,14,0.46,13,0.43,16,0.58
D,472,Aguerd,4.8,4.8,West Ham,84,3.85,79,2.13,77,3.25,0,0.00,74,5.94,75,2.50,71,2.14,72,2.42,72,2.17
G,473,Areola,4.3,4.3,West Ham,1,0.05,2,0.08,3,0.13,0,0.00,3,0.17,3,0.08,3,0.08,4,0.11,4,0.15
D,474,Boly,4.2,4.2,Nott'm Forest,0,0.00,0,0.00,0,0.00,0,0.00,0,0.00,0,0.00,0,0.00,0,0.00,0,0.00
D,475,Coady,4.9,4.9,Everton,78,4.36,77,2.73,76,2.72,75,1.82,71,2.17,75,1.55,72,2.65,71,2.47,69,2.13
F,476,Jiménez,6.7,6.7,Wolves,33,3.52,32,1.86,35,1.67,0,0.00,33,1.93,31,1.75,30,1.90,32,1.16,31,1.94
D,477,Jonny,4.3,4.3,Wolves,16,1.10,14,0.52,19,0.57,0,0.00,24,0.95,25,0.91,23,0.93,26,0.56,27,1.30
G,478,Sá,5.0,5.0,Wolves,89,6.82,88,3.40,87,3.21,0,0.00,85,3.63,86,3.40,86,3.65,85,2.11,87,3.97
M,479,Dendoncker,4.7,4.7,Aston Villa,13,0.52,17,0.70,19,0.67,19,0.81,24,1.69,24,1.00,24,0.89,25,0.88,24,0.96
M,480,Neves,5.4,5.4,Wolves,86,5.47,83,2.80,79,2.42,0,0.00,71,2.51,72,2.42,70,2.58,68,1.51,68,2.60
M,481,Hwang,5.7,5.7,Wolves,0,0.00,0,0.00,1,0.07,0,0.00,26,1.37,26,1.34,26,1.47,25,0.85,28,1.54
D,482,Semedo,5.0,5.0,Wolves,79,4.54,79,2.58,77,2.03,0,0.00,74,2.85,75,2.56,73,2.83,71,1.40,70,3.21
M,483,Podence,5.3,5.3,Wolves,42,3.84,43,2.06,38,1.67,0,0.00,36,1.80,34,1.68,36,1.95,36,1.15,36,1.97
D,484,Kilman,4.4,4.4,Wolves,77,4.07,74,2.23,70,1.70,0,0.00,70,2.52,68,2.15,65,2.39,69,1.25,68,2.99
M,485,Cundle,4.4,4.4,Wolves,0,0.00,0,0.00,0,0.00,0,0.00,0,0.00,0,0.00,0,0.00,0,0.00,0,0.00
M,486,Neto,4.9,4.9,Wolves,11,1.22,25,1.33,38,1.67,0,0.00,43,2.23,44,2.15,49,2.62,44,1.40,46,2.53
D,487,Aït-Nouri,4.2,4.2,Wolves,36,2.14,34,1.28,36,1.11,0,0.00,34,1.42,32,1.21,36,1.52,35,0.78,34,1.64
F,488,Fabio Silva,5.5,5.5,Wolves,0,0.00,0,0.00,0,0.00,0,0.00,0,0.00,0,0.00,0,0.00,0,0.00,0,0.00
D,489,Toti,3.9,3.9,Wolves,1,0.03,3,0.12,4,0.10,0,0.00,5,0.16,5,0.18,5,0.20,5,0.09,5,0.18
M,490,Chiquinho,5.0,5.0,Wolves,0,0.00,0,0.00,0,0.00,0,0.00,0,0.00,0,0.00,0,0.00,0,0.00,0,0.00
M,491,Adama,5.4,5.4,Wolves,41,3.72,39,1.88,39,1.64,0,0.00,34,1.69,32,1.55,33,1.68,31,0.95,33,1.71
G,492,Šarkić,3.9,3.9,Wolves,0,0.00,0,0.00,0,0.00,0,0.00,0,0.00,0,0.00,0,0.00,0,0.00,0,0.00
M,493,Gibbs-White,5.5,5.5,Nott'm Forest,80,3.14,79,3.63,77,2.79,72,2.89,72,6.15,73,2.94,70,2.75,70,2.54,69,2.85
D,494,Mosquera,3.9,3.9,Wolves,0,0.00,0,0.00,0,0.00,0,0.00,0,0.00,0,0.00,0,0.00,0,0.00,0,0.00
G,495,Matthews,4.0,4.0,Crystal Palace,0,0.00,0,0.00,0,0.00,0,0.00,0,0.00,0,0.00,0,0.00,0,0.00,0,0.00
F,496,Plange,4.5,4.5,Crystal Palace,0,0.00,0,0.00,0,0.00,0,0.00,0,0.00,0,0.00,0,0.00,0,0.00,0,0.00
G,497,Adrián,3.9,3.9,Liverpool,0,0.00,0,0.00,0,0.00,0,0.00,0,0.00,1,0.00,1,0.00,0,0.00,0,0.00
D,498,R.Williams,4.0,4.0,Liverpool,0,0.00,0,0.00,0,0.00,0,0.00,0,0.00,0,0.00,0,0.00,0,0.00,0,0.00
D,499,Davies,4.0,4.0,Liverpool,0,0.00,0,0.00,0,0.00,0,0.00,0,0.00,0,0.00,0,0.00,0,0.00,0,0.00
D,500,Van den Berg,4.0,4.0,Liverpool,0,0.00,0,0.00,0,0.00,0,0.00,0,0.00,0,0.00,0,0.00,0,0.00,0,0.00
D,501,Phillips,3.9,3.9,Liverpool,2,0.14,0,0.00,0,0.00,0,0.00,1,0.00,0,0.00,1,0.00,1,0.00,1,0.00
G,502,Carson,3.8,3.8,Man City,0,0.00,0,0.00,0,0.00,0,0.00,0,0.00,0,0.00,0,0.00,0,0.00,0,0.00
M,503,Moutinho,4.7,4.7,Wolves,54,3.98,50,1.94,48,1.70,0,0.00,44,1.75,44,1.72,43,1.80,44,1.09,42,1.81
D,504,Malacia,4.2,4.2,Man Utd,0,0.00,17,0.55,19,0.91,0,0.00,20,1.64,22,1.06,21,0.93,23,0.47,21,0.77
M,505,Rothwell,4.9,4.9,Bournemouth,31,1.07,23,0.81,16,0.67,11,0.48,9,0.80,10,0.44,11,0.45,9,0.34,12,0.48
M,506,Adams,4.9,4.9,Leeds,86,2.52,81,2.05,79,2.12,0,0.00,75,4.10,74,2.20,72,1.92,75,1.17,77,2.19
D,507,Niakhaté,4.3,4.3,Nott'm Forest,0,0.00,1,0.00,10,0.24,23,0.72,28,1.93,23,0.71,21,0.59,16,0.34,19,0.55
M,508,Sinisterra,6.5,6.5,Leeds,0,0.00,26,1.27,56,2.89,0,0.00,61,6.15,58,3.32,60,3.00,58,1.66,56,3.32
M,509,Downes,4.2,4.2,West Ham,20,0.87,17,0.68,11,0.49,0,0.00,13,1.12,13,0.51,14,0.54,14,0.47,15,0.63
D,510,Hickey,4.9,4.9,Brentford,0,0.00,61,2.59,60,4.77,60,2.48,58,3.20,57,2.11,58,2.17,56,2.51,57,1.73
D,511,Richards,4.4,4.4,Nott'm Forest,0,0.00,0,0.00,1,0.03,3,0.10,6,0.40,7,0.24,7,0.20,8,0.20,7,0.21
M,512,Aribo,5.1,5.1,Southampton,5,0.28,5,0.29,4,0.40,0,0.00,5,0.25,5,0.22,4,0.18,6,0.16,7,0.34
D,513,Lenglet,4.8,4.8,Spurs,45,1.61,34,1.31,33,1.61,0,0.00,39,1.70,39,1.39,36,1.75,36,0.60,35,1.20
M,514,C.Doucouré,5.0,5.0,Crystal Palace,84,2.29,79,2.27,76,4.05,73,1.90,67,2.13,65,1.89,66,2.02,62,2.00,60,1.77
M,515,Lewis-Potter,5.2,5.2,Brentford,0,0.00,11,0.60,11,1.11,11,0.68,13,1.23,14,0.75,14,0.74,17,0.95,17,0.82
D,516,Collins,4.4,4.4,Wolves,32,1.85,35,1.17,36,0.96,0,0.00,39,1.45,41,1.36,43,1.65,41,0.78,39,1.78
G,517,Strakosha,4.3,4.3,Brentford,0,0.00,0,0.00,1,0.08,2,0.08,4,0.26,4,0.16,5,0.16,5,0.17,4,0.11
G,518,Hennessey,3.9,3.9,Nott'm Forest,1,0.00,2,0.04,3,0.07,1,0.00,0,0.00,0,0.00,0,0.00,0,0.00,0,0.00
M,519,Eriksen,6.3,6.3,Man Utd,0,0.00,0,0.00,0,0.00,0,0.00,0,0.00,0,0.00,0,0.00,0,0.00,1,0.00
D,520,Koulibaly,5.5,5.5,Chelsea,10,0.27,5,0.13,6,0.18,8,0.31,8,0.51,8,0.23,8,0.26,9,0.12,9,0.34
M,521,Francois,4.4,4.4,Fulham,0,0.00,0,0.00,0,0.00,0,0.00,0,0.00,0,0.00,0,0.00,0,0.00,0,0.00
D,522,Spence,4.1,4.1,Spurs,0,0.00,0,0.00,0,0.00,0,0.00,0,0.00,0,0.00,0,0.00,0,0.00,0,0.00
D,523,Toffolo,4.3,4.3,Nott'm Forest,10,0.30,14,0.54,13,0.32,13,0.42,9,0.54,9,0.25,9,0.23,9,0.18,9,0.24
M,524,O'Brien,4.8,4.8,Nott'm Forest,2,0.04,1,0.04,2,0.04,2,0.08,2,0.08,2,0.08,2,0.04,2,0.07,3,0.12
D,525,Augustinsson,4.3,4.3,Aston Villa,0,0.00,0,0.00,0,0.00,0,0.00,0,0.00,0,0.00,0,0.00,0,0.00,0,0.00
D,526,Mee,5.0,5.0,Brentford,0,0.00,86,3.52,85,6.36,83,3.34,81,4.01,81,2.75,80,2.79,80,3.43,80,2.17
M,527,Lingard,5.4,5.4,Nott'm Forest,16,0.78,24,1.34,24,1.11,26,1.28,21,2.22,20,1.04,19,0.98,21,0.97,21,1.10
F,528,Mara,5.3,5.3,Southampton,27,1.40,25,1.46,18,1.91,0,0.00,11,0.65,12,0.61,12,0.66,12,0.38,12,0.77
F,529,Scamacca,6.6,6.6,West Ham,19,1.22,33,1.70,40,2.40,0,0.00,42,4.72,40,2.10,42,2.03,40,1.90,40,2.14
D,530,Richards,4.4,4.4,Crystal Palace,8,0.24,15,0.48,16,0.82,22,0.50,24,0.94,25,0.78,21,0.78,26,1.14,27,0.92
D,531,Vinagre,4.3,4.3,Everton,12,0.82,10,0.41,13,0.50,15,0.48,15,0.56,16,0.47,14,0.61,16,0.62,18,0.64
D,532,Mbabu,4.3,4.3,Fulham,0,0.00,0,0.00,0,0.00,0,0.00,0,0.00,0,0.00,0,0.00,0,0.00,0,0.00
D,533,Martínez,4.5,4.5,Man Utd,0,0.00,76,2.15,71,3.50,0,0.00,71,5.35,70,3.45,71,3.10,67,1.31,67,2.09
M,534,McNeil,5.1,5.1,Everton,70,5.74,68,2.95,65,2.92,66,2.44,67,2.73,64,2.33,65,2.96,62,2.54,64,2.55
M,535,Tavernier,4.7,4.7,Bournemouth,0,0.00,7,0.23,28,1.10,50,1.88,61,4.92,58,2.24,59,2.06,55,1.85,57,2.24
M,536,Mangala,4.9,4.9,Nott'm Forest,40,1.42,30,1.19,28,1.04,30,1.14,29,2.24,29,1.11,31,1.12,28,0.99,30,1.14
D,537,Kesler Hayden,4.0,4.0,Aston Villa,0,0.00,0,0.00,0,0.00,0,0.00,0,0.00,0,0.00,0,0.00,0,0.00,0,0.00
D,538,Young,4.4,4.4,Aston Villa,31,1.20,35,1.68,35,1.17,36,1.71,34,2.17,36,1.73,36,1.29,38,1.29,37,1.56
D,539,Hill,4.4,4.4,Bournemouth,0,0.00,0,0.00,0,0.00,0,0.00,0,0.00,0,0.00,0,0.00,0,0.00,0,0.00
D,540,Stevens,4.0,4.0,Brentford,0,0.00,0,0.00,0,0.00,0,0.00,0,0.00,0,0.00,0,0.00,0,0.00,0,0.00
F,541,Dervişoğlu,4.5,4.5,Brentford,0,0.00,0,0.00,0,0.00,0,0.00,0,0.00,0,0.00,0,0.00,0,0.00,0,0.00
G,542,Scherpen,4.0,4.0,Brighton,0,0.00,0,0.00,0,0.00,0,0.00,0,0.00,0,0.00,0,0.00,0,0.00,0,0.00
D,543,Clarke,4.0,4.0,Brighton,0,0.00,0,0.00,0,0.00,0,0.00,0,0.00,0,0.00,0,0.00,0,0.00,0,0.00
D,544,Van Hecke,4.0,4.0,Brighton,0,0.00,13,0.49,9,0.70,0,0.00,7,0.52,8,0.29,21,0.74,9,0.07,7,0.27
D,545,Emerson,4.0,4.0,West Ham,51,2.74,51,1.69,52,2.60,0,0.00,48,4.49,52,2.03,46,1.65,46,1.82,47,1.72
M,546,Harris,4.4,4.4,Fulham,0,0.00,0,0.00,0,0.00,0,0.00,0,0.00,0,0.00,0,0.00,0,0.00,0,0.00
D,547,Drameh,4.0,4.0,Leeds,0,0.00,0,0.00,0,0.00,0,0.00,0,0.00,0,0.00,0,0.00,0,0.00,0,0.00
G,548,Iversen,3.8,3.8,Leicester,3,0.07,4,0.12,6,0.19,4,0.15,4,0.29,4,0.17,6,0.18,5,0.11,6,0.23
M,549,Praet,4.8,4.8,Leicester,13,0.59,15,0.78,16,0.76,18,0.90,19,1.93,21,1.14,22,0.94,22,0.71,22,1.08
M,550,Amad,4.4,4.4,Man Utd,0,0.00,0,0.00,0,0.00,0,0.00,0,0.00,0,0.00,0,0.00,0,0.00,0,0.00
M,551,Iqbal,4.2,4.2,Man Utd,0,0.00,0,0.00,0,0.00,0,0.00,0,0.00,0,0.00,0,0.00,0,0.00,0,0.00
M,552,Anderson,4.4,4.4,Newcastle,0,0.00,12,0.44,16,0.69,19,0.79,20,1.57,18,0.83,17,0.83,17,0.49,16,0.66
M,553,Hammond,4.3,4.3,Nott'm Forest,0,0.00,0,0.00,0,0.00,0,0.00,0,0.00,0,0.00,0,0.00,0,0.00,0,0.00
M,554,Bryan,5.0,5.0,Spurs,0,0.00,0,0.00,0,0.00,0,0.00,0,0.00,0,0.00,0,0.00,0,0.00,0,0.00
D,555,Ashby,3.8,3.8,Newcastle,0,0.00,0,0.00,1,0.04,3,0.07,2,0.06,2,0.04,1,0.01,0,0.00,0,0.00
M,556,Coventry,4.4,4.4,West Ham,0,0.00,0,0.00,0,0.00,0,0.00,0,0.00,0,0.00,0,0.00,0,0.00,0,0.00
G,557,Smith,3.9,3.9,Wolves,0,0.00,0,0.00,0,0.00,0,0.00,0,0.00,0,0.00,0,0.00,0,0.00,0,0.00
D,558,Bueno,3.9,3.9,Wolves,43,3.12,46,1.75,42,1.38,0,0.00,41,1.80,42,1.69,41,1.84,43,1.00,43,2.22
D,559,Colwill,4.4,4.4,Brighton,0,0.00,15,0.63,39,3.25,0,0.00,50,4.08,50,1.66,6,0.21,51,0.41,50,2.08
M,560,Mills,4.4,4.4,Everton,1,0.00,1,0.05,1,0.05,1,0.04,1,0.05,1,0.00,1,0.05,1,0.00,1,0.05
M,561,Warrington,4.4,4.4,Everton,0,0.00,0,0.00,0,0.00,0,0.00,0,0.00,0,0.00,0,0.00,0,0.00,0,0.00
M,562,Solomon,4.9,4.9,Fulham,10,0.52,13,0.65,13,0.59,12,0.54,14,0.68,13,0.68,12,0.60,16,0.47,13,0.65
D,563,Chambers,4.0,4.0,Liverpool,0,0.00,0,0.00,0,0.00,0,0.00,0,0.00,0,0.00,0,0.00,0,0.00,0,0.00
M,564,Bajcetic,4.4,4.4,Liverpool,53,4.12,51,1.83,50,1.95,49,2.00,38,2.68,37,1.38,38,1.51,41,1.76,41,1.52
M,565,Gray,4.5,4.5,Leeds,0,0.00,0,0.00,0,0.00,0,0.00,0,0.00,0,0.00,0,0.00,0,0.00,0,0.00
M,566,Hodge,4.4,4.4,Wolves,1,0.09,2,0.04,2,0.04,0,0.00,1,0.00,1,0.04,1,0.04,2,0.05,2,0.09
M,567,Ronan,4.4,4.4,Wolves,0,0.00,0,0.00,0,0.00,0,0.00,0,0.00,0,0.00,0,0.00,0,0.00,0,0.00
M,568,Campbell,4.4,4.4,Wolves,0,0.00,0,0.00,0,0.00,0,0.00,0,0.00,0,0.00,0,0.00,0,0.00,0,0.00
M,569,Garnacho,4.2,4.2,Man Utd,0,0.00,25,1.32,26,1.61,0,0.00,23,2.51,22,1.32,22,1.25,24,0.64,25,1.26
M,570,Garner,4.5,4.5,Everton,3,0.18,6,0.22,12,0.47,13,0.45,13,0.49,13,0.45,14,0.52,16,0.56,16,0.59
G,571,Randolph,4.0,4.0,Bournemouth,0,0.00,1,0.00,0,0.00,1,0.04,1,0.00,1,0.04,1,0.04,1,0.03,1,0.04
M,572,Oko-Flex,4.4,4.4,West Ham,0,0.00,0,0.00,0,0.00,0,0.00,0,0.00,0,0.00,0,0.00,0,0.00,0,0.00
D,573,Lewis,3.9,3.9,Man City,46,2.56,36,1.85,34,1.86,0,0.00,35,1.71,37,1.97,37,2.03,40,0.26,38,1.81
G,574,Neto,4.5,4.5,Bournemouth,87,3.11,87,3.07,87,3.13,86,3.22,84,6.53,85,3.10,85,3.04,83,2.77,82,3.22
M,575,Cornet,5.9,5.9,West Ham,14,0.85,15,0.72,16,0.95,0,0.00,19,2.01,17,0.92,19,0.98,23,1.02,23,1.17
D,576,Senesi,4.4,4.4,Bournemouth,76,1.36,65,1.25,59,1.48,53,1.53,56,3.55,52,1.40,52,1.15,53,1.49,66,2.13
M,577,Onana,4.8,4.8,Everton,81,4.99,78,2.58,77,2.59,74,2.12,76,2.37,73,2.03,73,2.46,69,2.20,69,2.16
G,578,Robles,4.0,4.0,Leeds,0,0.00,2,0.04,2,0.08,0,0.00,3,0.24,4,0.18,4,0.15,4,0.07,5,0.20
M,579,Guedes,5.8,5.8,Wolves,0,0.00,0,0.00,0,0.00,0,0.00,0,0.00,0,0.00,0,0.00,0,0.00,0,0.00
M,580,Damsgaard,5.0,5.0,Brentford,0,0.00,15,0.82,17,1.75,17,1.05,20,1.96,20,1.03,19,0.97,23,1.30,24,1.11
G,581,Smithies,3.9,3.9,Leicester,0,0.00,0,0.00,0,0.00,0,0.00,0,0.00,0,0.00,0,0.00,0,0.00,0,0.00
M,582,Freuler,4.9,4.9,Nott'm Forest,81,2.26,79,2.53,77,2.10,76,2.19,72,4.41,72,2.09,72,2.05,73,1.94,70,2.08
M,583,Kouyaté,4.4,4.4,Nott'm Forest,0,0.00,0,0.00,0,0.00,2,0.09,12,0.97,12,0.50,14,0.53,12,0.49,13,0.54
M,584,Clark,4.5,4.5,Liverpool,0,0.00,0,0.00,0,0.00,0,0.00,0,0.00,0,0.00,0,0.00,0,0.00,0,0.00
F,585,Dennis,5.6,5.6,Nott'm Forest,11,0.57,13,0.68,15,0.69,12,0.58,8,0.91,10,0.48,11,0.58,11,0.55,12,0.64
D,586,Estupiñán,4.7,4.7,Brighton,0,0.00,77,3.57,75,7.10,0,0.00,72,6.99,71,2.75,73,2.78,72,0.67,73,3.52
D,587,Sergio Gómez,4.5,4.5,Man City,6,0.31,4,0.19,4,0.14,0,0.00,4,0.14,4,0.20,4,0.21,5,0.03,7,0.33
D,588,Kehrer,4.4,4.4,West Ham,70,3.01,59,1.55,55,2.19,0,0.00,58,4.37,54,1.74,58,1.67,56,1.79,56,1.65
M,589,Matheus,4.8,4.8,Wolves,55,4.12,54,2.13,52,1.84,0,0.00,50,2.00,49,1.91,48,2.00,50,1.25,50,2.10
G,590,Whitworth,4.0,4.0,Crystal Palace,1,0.00,2,0.04,2,0.07,3,0.07,2,0.08,0,0.00,0,0.00,0,0.00,0,0.00
F,591,Ablade,4.5,4.5,Fulham,2,0.07,1,0.07,1,0.07,1,0.00,1,0.07,1,0.07,2,0.07,1,0.04,2,0.07
G,592,H.Davies,4.0,4.0,Liverpool,0,0.00,0,0.00,0,0.00,0,0.00,0,0.00,0,0.00,0,0.00,0,0.00,0,0.00
M,593,Casemiro,4.9,4.9,Man Utd,0,0.00,77,2.32,76,2.84,0,0.00,73,4.76,70,2.56,72,2.48,67,1.10,68,2.09
F,594,Isak,6.6,6.6,Newcastle,0,0.00,53,2.40,54,3.46,54,3.23,54,6.06,55,3.57,55,3.66,56,2.34,53,3.03
D,595,Zanka,4.0,4.0,Brentford,0,0.00,22,0.81,19,1.33,17,0.63,13,0.63,15,0.49,16,0.49,16,0.62,17,0.45
F,596,Ferguson,4.6,4.6,Brighton,0,0.00,32,2.08,23,3.15,0,0.00,22,3.09,21,1.45,22,1.42,23,0.40,21,1.48
F,597,Saydee,4.5,4.5,Bournemouth,0,0.00,0,0.00,0,0.00,0,0.00,0,0.00,0,0.00,0,0.00,0,0.00,0,0.00
D,598,Bevan,4.0,4.0,Bournemouth,0,0.00,0,0.00,0,0.00,0,0.00,0,0.00,0,0.00,0,0.00,0,0.00,0,0.00
M,599,Gomes,4.5,4.5,Man City,0,0.00,0,0.00,0,0.00,0,0.00,0,0.00,0,0.00,0,0.00,0,0.00,0,0.00
M,600,Knight,4.5,4.5,Man City,0,0.00,0,0.00,0,0.00,0,0.00,0,0.00,0,0.00,1,0.00,0,0.00,1,0.00
M,601,Rodney,4.5,4.5,Crystal Palace,0,0.00,0,0.00,0,0.00,0,0.00,0,0.00,1,0.04,1,0.00,1,0.00,0,0.00
D,602,Renan Lodi,4.3,4.3,Nott'm Forest,74,2.44,69,3.29,67,1.82,65,2.32,62,4.90,61,2.16,63,2.04,59,1.41,57,2.04
M,603,Paquetá,5.9,5.9,West Ham,8,0.53,48,2.04,69,3.52,0,0.00,68,6.64,67,3.00,68,2.76,65,2.60,66,2.96
M,604,Phillips,4.5,4.5,Crystal Palace,0,0.00,0,0.00,0,0.00,0,0.00,0,0.00,0,0.00,0,0.00,0,0.00,0,0.00
D,605,Welch,4.0,4.0,Everton,0,0.00,0,0.00,0,0.00,0,0.00,0,0.00,0,0.00,0,0.00,1,0.00,0,0.00
M,606,Vale,4.5,4.5,Chelsea,0,0.00,0,0.00,0,0.00,0,0.00,0,0.00,0,0.00,0,0.00,0,0.00,0,0.00
M,607,Smith,4.5,4.5,Arsenal,0,0.00,0,0.00,0,0.00,0,0.00,0,0.00,0,0.00,0,0.00,0,0.00,0,0.00
F,608,Kalajdžić,5.3,5.3,Wolves,0,0.00,0,0.00,0,0.00,0,0.00,0,0.00,0,0.00,0,0.00,0,0.00,0,0.00
M,609,Antony,7.3,7.3,Man Utd,0,0.00,61,2.68,63,3.46,0,0.00,58,5.53,58,3.13,56,2.78,57,1.32,57,2.45
D,610,Akanji,5.0,5.0,Man City,52,2.57,42,1.83,32,1.55,0,0.00,34,1.42,37,1.79,38,1.82,39,0.22,36,1.47
M,611,Gueye,4.9,4.9,Everton,79,4.50,77,2.32,76,2.34,74,1.98,73,2.12,72,1.92,70,2.20,71,2.09,69,2.00
D,612,Faes,4.2,4.2,Leicester,87,1.90,85,2.68,77,2.21,64,1.67,58,3.95,62,2.53,58,0.89,59,1.38,59,1.57
D,613,Kurzawa,4.3,4.3,Fulham,5,0.22,8,0.27,7,0.25,8,0.25,9,0.39,10,0.39,12,0.45,13,0.31,13,0.51
M,614,Willian,5.5,5.5,Fulham,72,3.60,69,3.17,67,2.86,66,2.71,67,3.34,65,3.31,66,3.09,65,2.01,64,2.94
G,615,Kovár,4.0,4.0,Man Utd,0,0.00,0,0.00,0,0.00,0,0.00,0,0.00,0,0.00,0,0.00,0,0.00,0,0.00
M,616,Zakaria,4.9,4.9,Chelsea,18,0.70,25,1.02,22,0.90,20,0.83,20,1.65,21,0.82,25,0.96,23,0.43,22,0.89
F,617,Aubameyang,8.4,8.4,Chelsea,1,0.00,0,0.00,1,0.00,2,0.10,1,0.00,1,0.10,1,0.10,2,0.04,3,0.20
F,618,Vinícius,5.4,5.4,Fulham,43,2.23,20,1.04,11,0.59,11,0.58,14,0.85,14,0.85,13,0.73,16,0.56,15,0.79
F,619,Gnonto,5.1,5.1,Leeds,78,3.53,72,2.63,68,2.84,0,0.00,64,5.33,63,2.84,60,2.55,61,1.45,62,2.93
M,620,Arthur,4.8,4.8,Liverpool,5,0.37,8,0.30,9,0.36,7,0.32,6,0.45,5,0.22,8,0.35,5,0.24,7,0.30
D,621,Badé,4.5,4.5,Nott'm Forest,0,0.00,0,0.00,0,0.00,0,0.00,0,0.00,0,0.00,0,0.00,0,0.00,0,0.00
D,622,Larios,4.0,4.0,Southampton,0,0.00,2,0.04,4,0.27,0,0.00,7,0.21,7,0.18,5,0.21,7,0.12,8,0.35
D,623,Caleta-Car,4.5,4.5,Southampton,34,1.08,26,0.90,24,1.40,0,0.00,30,0.98,28,0.62,29,1.27,27,0.39,28,1.24
M,624,Edozie,4.7,4.7,Southampton,21,1.11,20,1.15,17,1.75,0,0.00,16,0.90,16,0.74,16,0.92,20,0.57,16,0.97
F,625,Diego Costa,5.4,5.4,Wolves,7,0.87,8,0.48,8,0.43,0,0.00,8,0.53,8,0.46,8,0.55,9,0.36,10,0.64
G,626,Karius,3.9,3.9,Newcastle,0,0.00,0,0.00,0,0.00,1,0.00,0,0.00,0,0.00,1,0.00,0,0.00,1,0.04
G,627,Jakupović,4.0,4.0,Everton,0,0.00,0,0.00,0,0.00,0,0.00,0,0.00,0,0.00,0,0.00,0,0.00,0,0.00
D,628,Aurier,4.5,4.5,Nott'm Forest,0,0.00,0,0.00,0,0.00,8,0.25,57,4.06,63,2.07,62,1.84,62,1.30,61,1.99
M,629,Traoré,4.3,4.3,Wolves,0,0.00,1,0.04,5,0.16,0,0.00,10,0.37,9,0.36,10,0.37,10,0.25,9,0.38
M,630,Nwaneri,4.5,4.5,Arsenal,0,0.00,0,0.00,0,0.00,0,0.00,0,0.00,1,0.00,1,0.00,1,0.00,0,0.00
D,631,Sousa,4.0,4.0,Arsenal,0,0.00,0,0.00,0,0.00,1,0.00,1,0.04,1,0.03,2,0.03,1,0.03,1,0.02
M,632,Trevitt,4.4,4.4,Brentford,0,0.00,0,0.00,0,0.00,0,0.00,0,0.00,0,0.00,0,0.00,0,0.00,0,0.00
G,633,Cox,3.9,3.9,Brentford,0,0.00,2,0.04,2,0.08,1,0.00,0,0.00,0,0.00,0,0.00,0,0.00,0,0.00
F,634,Gordon,4.5,4.5,Crystal Palace,0,0.00,0,0.00,0,0.00,0,0.00,0,0.00,0,0.00,0,0.00,0,0.00,0,0.00
G,635,Bettinelli,4.0,4.0,Chelsea,0,0.00,0,0.00,1,0.04,1,0.00,0,0.00,0,0.00,0,0.00,0,0.00,0,0.00
D,636,Parkes,4.0,4.0,Fulham,0,0.00,0,0.00,0,0.00,0,0.00,0,0.00,0,0.00,0,0.00,0,0.00,0,0.00
D,637,John,4.0,4.0,Everton,0,0.00,0,0.00,0,0.00,0,0.00,0,0.00,0,0.00,1,0.00,0,0.00,0,0.00
D,638,Bogarde,4.0,4.0,Aston Villa,0,0.00,0,0.00,0,0.00,0,0.00,0,0.00,0,0.00,0,0.00,0,0.00,0,0.00
M,639,Braybrooke,4.5,4.5,Leicester,0,0.00,0,0.00,0,0.00,0,0.00,0,0.00,0,0.00,0,0.00,0,0.00,0,0.00
D,640,Turns,4.0,4.0,Brighton,0,0.00,0,0.00,0,0.00,0,0.00,0,0.00,0,0.00,0,0.00,0,0.00,0,0.00
M,641,Godo,4.5,4.5,Fulham,0,0.00,1,0.00,0,0.00,0,0.00,0,0.00,0,0.00,0,0.00,1,0.00,1,0.00
D,642,Balmer,4.0,4.0,Crystal Palace,0,0.00,0,0.00,0,0.00,0,0.00,0,0.00,0,0.00,1,0.00,0,0.00,0,0.00
M,643,Mainoo,4.5,4.5,Man Utd,0,0.00,0,0.00,0,0.00,0,0.00,0,0.00,1,0.00,1,0.00,0,0.00,0,0.00
G,644,Goodman,4.0,4.0,Crystal Palace,1,0.00,1,0.00,2,0.11,2,0.04,2,0.04,1,0.00,0,0.00,0,0.00,0,0.00
D,645,Wormleighton,4.0,4.0,Leicester,0,0.00,0,0.00,0,0.00,0,0.00,0,0.00,0,0.00,0,0.00,0,0.00,0,0.00
D,646,Crama,4.0,4.0,Brentford,0,0.00,1,0.00,1,0.03,1,0.00,1,0.00,1,0.03,1,0.00,1,0.00,2,0.03
M,647,Payne,4.5,4.5,Southampton,0,0.00,0,0.00,0,0.00,0,0.00,0,0.00,0,0.00,0,0.00,0,0.00,0,0.00
M,648,Finnigan,4.5,4.5,Southampton,0,0.00,0,0.00,0,0.00,0,0.00,0,0.00,0,0.00,0,0.00,0,0.00,0,0.00
G,649,Plain,4.0,4.0,Bournemouth,0,0.00,0,0.00,0,0.00,0,0.00,0,0.00,0,0.00,0,0.00,0,0.00,0,0.00
M,650,Yarmolyuk,4.5,4.5,Brentford,0,0.00,0,0.00,0,0.00,0,0.00,0,0.00,0,0.00,0,0.00,0,0.00,0,0.00
M,651,Moran,4.5,4.5,Brighton,0,0.00,3,0.14,4,0.32,0,0.00,3,0.24,3,0.15,5,0.25,4,0.04,2,0.10
D,652,Furlong,4.0,4.0,Brighton,0,0.00,0,0.00,0,0.00,0,0.00,0,0.00,0,0.00,0,0.00,0,0.00,0,0.00
M,653,Hutchinson,4.3,4.3,Chelsea,0,0.00,0,0.00,0,0.00,0,0.00,0,0.00,0,0.00,0,0.00,0,0.00,0,0.00
M,654,Wells-Morrison,4.5,4.5,Crystal Palace,0,0.00,0,0.00,0,0.00,1,0.00,0,0.00,1,0.00,1,0.00,0,0.00,1,0.04
G,655,Hein,4.0,4.0,Arsenal,0,0.00,0,0.00,0,0.00,0,0.00,0,0.00,0,0.00,0,0.00,1,0.00,0,0.00
G,656,Bishop,4.0,4.0,Man Utd,0,0.00,0,0.00,0,0.00,0,0.00,0,0.00,0,0.00,0,0.00,0,0.00,0,0.00
F,657,Fraser,4.5,4.5,Wolves,0,0.00,0,0.00,0,0.00,0,0.00,0,0.00,0,0.00,0,0.00,0,0.00,0,0.00
M,658,Griffiths,4.4,4.4,Wolves,0,0.00,0,0.00,0,0.00,0,0.00,0,0.00,0,0.00,0,0.00,0,0.00,0,0.00
F,659,Mateo Joseph,4.5,4.5,Leeds,0,0.00,0,0.00,0,0.00,0,0.00,0,0.00,0,0.00,0,0.00,0,0.00,0,0.00
F,660,Shoretire,4.5,4.5,Man Utd,0,0.00,0,0.00,0,0.00,0,0.00,0,0.00,0,0.00,0,0.00,0,0.00,0,0.00
M,661,Hall,4.4,4.4,Chelsea,4,0.21,5,0.22,6,0.26,6,0.27,7,0.61,6,0.25,6,0.26,8,0.16,9,0.38
F,662,Cannon,4.5,4.5,Everton,0,0.00,0,0.00,0,0.00,0,0.00,0,0.00,0,0.00,0,0.00,0,0.00,0,0.00
F,663,Perkins,4.5,4.5,Leeds,0,0.00,0,0.00,0,0.00,0,0.00,0,0.00,0,0.00,0,0.00,0,0.00,0,0.00
D,664,Lembikisa,4.0,4.0,Wolves,0,0.00,1,0.00,1,0.00,0,0.00,2,0.03,2,0.03,1,0.00,2,0.03,2,0.04
M,665,Doak,4.5,4.5,Liverpool,0,0.00,0,0.00,0,0.00,0,0.00,0,0.00,0,0.00,0,0.00,0,0.00,0,0.00
F,666,Dale Taylor,4.5,4.5,Nott'm Forest,0,0.00,0,0.00,0,0.00,0,0.00,0,0.00,0,0.00,0,0.00,0,0.00,0,0.00
M,667,Sekularac,4.5,4.5,Fulham,0,0.00,1,0.00,1,0.00,0,0.00,1,0.00,0,0.00,0,0.00,0,0.00,0,0.00
M,668,Cozier-Duberry,4.5,4.5,Arsenal,0,0.00,0,0.00,0,0.00,0,0.00,0,0.00,0,0.00,0,0.00,0,0.00,0,0.00
F,669,Mubama,4.5,4.5,West Ham,0,0.00,0,0.00,0,0.00,0,0.00,0,0.00,0,0.00,0,0.00,0,0.00,0,0.00
G,670,Marschall,4.0,4.0,Aston Villa,0,0.00,0,0.00,0,0.00,0,0.00,0,0.00,0,0.00,0,0.00,0,0.00,0,0.00
F,671,Morgan,4.5,4.5,Southampton,0,0.00,0,0.00,0,0.00,0,0.00,0,0.00,0,0.00,0,0.00,0,0.00,0,0.00
M,672,Kadan Young,4.5,4.5,Aston Villa,0,0.00,0,0.00,1,0.00,1,0.00,1,0.00,1,0.05,1,0.00,1,0.04,1,0.05
D,673,Humphreys,4.5,4.5,Chelsea,0,0.00,0,0.00,0,0.00,0,0.00,0,0.00,0,0.00,0,0.00,0,0.00,0,0.00
D,674,Bennett,4.0,4.0,Man Utd,0,0.00,0,0.00,0,0.00,0,0.00,0,0.00,0,0.00,0,0.00,0,0.00,1,0.00
G,675,Smith,4.0,4.0,Nott'm Forest,0,0.00,0,0.00,0,0.00,0,0.00,0,0.00,0,0.00,0,0.00,0,0.00,0,0.00
M,676,Ozoh,4.5,4.5,Crystal Palace,0,0.00,0,0.00,0,0.00,0,0.00,1,0.00,0,0.00,0,0.00,1,0.00,0,0.00
M,677,Hinshelwood,4.5,4.5,Brighton,0,0.00,3,0.09,2,0.18,0,0.00,1,0.05,2,0.05,2,0.05,1,0.01,1,0.00
M,678,Price,4.5,4.5,Everton,1,0.09,1,0.05,1,0.00,1,0.00,0,0.00,1,0.04,1,0.00,0,0.00,1,0.00
M,679,Buonanotte,4.5,4.5,Brighton,0,0.00,11,0.55,10,0.97,0,0.00,12,1.15,12,0.59,13,0.66,12,0.16,12,0.58
M,680,Gakpo,7.8,7.8,Liverpool,50,6.45,53,2.98,52,3.33,49,3.45,43,4.43,44,2.59,44,2.74,43,3.20,46,2.71
M,681,Scarpa,4.9,4.9,Nott'm Forest,24,1.10,21,1.12,20,0.95,20,0.95,18,1.83,18,0.86,20,0.94,21,0.97,20,0.96
F,682,Cunha,5.5,5.5,Wolves,56,5.26,56,2.88,54,2.32,0,0.00,49,2.61,51,2.57,51,2.87,51,1.67,49,2.75
M,683,Kuol,4.5,4.5,Newcastle,0,0.00,0,0.00,0,0.00,0,0.00,0,0.00,0,0.00,0,0.00,0,0.00,0,0.00
F,684,D.D.Fofana,5.0,5.0,Chelsea,6,0.42,6,0.49,6,0.45,8,0.59,7,1.06,9,0.55,9,0.61,12,0.31,11,0.69
F,685,Butler-Oyedeji,4.5,4.5,Arsenal,0,0.00,0,0.00,0,0.00,0,0.00,0,0.00,0,0.00,0,0.00,0,0.00,0,0.00
F,686,Simms,4.5,4.5,Everton,32,3.10,24,1.30,16,0.95,11,0.56,11,0.57,11,0.56,10,0.57,10,0.55,12,0.64
M,687,McAteer,4.5,4.5,Leicester,0,0.00,0,0.00,0,0.00,0,0.00,0,0.00,0,0.00,0,0.00,0,0.00,0,0.00
M,688,Schade,4.9,4.9,Brentford,0,0.00,28,1.77,31,3.42,33,2.10,37,3.48,38,1.99,36,1.92,43,2.55,41,1.89
D,689,Badiashile,5.0,5.0,Chelsea,70,2.32,58,2.54,59,2.15,58,2.84,53,4.27,50,2.00,55,2.15,54,0.74,54,2.42
F,690,João Félix,7.6,7.6,Chelsea,73,3.38,71,4.15,73,3.78,69,3.94,66,7.43,64,3.25,65,3.43,64,1.40,62,3.60
D,691,Wöber,4.5,4.5,Leeds,41,1.70,74,1.87,71,2.18,0,0.00,69,4.44,69,3.02,68,1.86,73,1.25,67,2.45
M,692,Orsic,5.2,5.2,Southampton,0,0.00,4,0.17,19,1.71,0,0.00,27,1.30,30,1.24,28,1.39,29,0.74,29,1.51
M,693,Alcaraz,5.0,5.0,Southampton,33,1.40,37,1.63,31,2.63,0,0.00,34,1.47,27,1.05,33,1.47,32,0.75,29,1.38
D,694,Álex Moreno,4.4,4.4,Aston Villa,54,2.14,53,2.59,51,1.71,52,2.67,53,3.23,52,2.63,53,1.91,50,1.67,52,2.25
F,695,Adu-Adjei,4.5,4.5,Bournemouth,0,0.00,0,0.00,0,0.00,0,0.00,0,0.00,0,0.00,0,0.00,0,0.00,0,0.00
M,696,Dacosta Gonzalez,4.4,4.4,Bournemouth,1,0.04,1,0.04,0,0.00,0,0.00,0,0.00,1,0.00,0,0.00,0,0.00,0,0.00
F,697,Sadi,4.5,4.5,Bournemouth,0,0.00,0,0.00,0,0.00,0,0.00,0,0.00,0,0.00,0,0.00,0,0.00,0,0.00
M,698,Lemina,4.5,4.5,Wolves,71,4.47,65,2.15,64,1.97,0,0.00,63,2.16,62,2.05,62,2.17,61,1.27,63,2.23
M,699,Mudryk,6.8,6.8,Chelsea,39,1.91,39,2.40,39,2.14,36,2.20,38,4.37,38,1.98,35,1.97,37,0.84,39,2.24
F,700,Rutter,5.4,5.4,Leeds,42,2.21,38,1.65,37,1.88,0,0.00,37,3.75,34,1.86,32,1.64,32,0.95,34,2.00
F,701,Weghorst,5.8,5.8,Man Utd,0,0.00,55,2.57,51,2.91,0,0.00,48,4.75,49,2.62,47,2.42,49,1.18,48,2.15
M,702,Andrey Santos,4.5,4.5,Chelsea,0,0.00,0,0.00,0,0.00,0,0.00,0,0.00,0,0.00,0,0.00,0,0.00,0,0.00
M,703,Danilo,4.5,4.5,Nott'm Forest,27,1.02,21,0.85,22,0.82,21,0.84,22,1.75,20,0.78,19,0.77,19,0.75,22,0.84
M,704,Sarabia,5.5,5.5,Wolves,67,5.89,65,3.10,62,2.51,0,0.00,56,2.75,57,2.68,56,2.95,55,1.69,56,3.02
M,705,Ouattara,5.0,5.0,Bournemouth,62,2.00,60,1.91,54,2.03,48,1.82,48,3.84,47,1.83,41,1.51,43,1.49,45,1.80
F,706,Pollock,4.5,4.5,Bournemouth,0,0.00,0,0.00,0,0.00,0,0.00,0,0.00,0,0.00,0,0.00,0,0.00,0,0.00
G,707,Sinisalo,4.0,4.0,Aston Villa,0,0.00,0,0.00,0,0.00,0,0.00,0,0.00,0,0.00,0,0.00,0,0.00,0,0.00
M,708,Madueke,5.5,5.5,Chelsea,38,1.69,44,2.33,37,1.78,36,1.89,36,3.65,43,2.02,42,2.04,37,0.79,35,1.82
D,709,Kristiansen,4.5,4.5,Leicester,69,1.74,66,2.33,62,1.99,58,1.74,57,4.35,57,2.59,57,1.01,57,1.48,58,1.75
D,710,Kiwior,4.0,4.0,Arsenal,1,0.06,3,0.11,3,0.14,5,0.26,7,0.29,8,0.24,8,0.33,10,0.29,8,0.22
F,711,Durán,5.5,5.5,Aston Villa,8,0.42,10,0.54,12,0.59,13,0.75,14,1.42,15,0.84,16,0.80,16,0.79,18,1.04
M,712,Perrone,4.4,4.4,Man City,1,0.05,1,0.00,1,0.00,0,0.00,2,0.09,2,0.05,2,0.10,3,0.01,4,0.13
M,713,Danjuma,6.4,6.4,Spurs,9,0.63,15,1.00,16,1.25,0,0.00,18,1.34,18,1.26,19,1.47,20,0.66,20,1.28
F,714,Semenyo,5.0,5.0,Bournemouth,35,1.37,33,1.30,32,1.47,30,1.38,31,2.98,30,1.42,29,1.25,28,1.16,31,1.40
M,715,Tetê,5.5,5.5,Leicester,70,3.06,65,3.37,65,3.14,62,2.98,64,6.70,62,3.74,62,2.35,61,2.18,62,3.06
D,716,Bree,4.5,4.5,Southampton,31,1.02,29,1.13,24,1.46,0,0.00,21,0.73,20,0.44,19,0.87,25,0.36,19,0.85
G,717,Bentley,4.0,4.0,Wolves,0,0.00,1,0.04,2,0.04,0,0.00,1,0.04,2,0.04,2,0.09,2,0.05,2,0.05
D,718,Viña,4.5,4.5,Bournemouth,14,0.42,12,0.34,11,0.35,8,0.31,11,0.82,11,0.37,13,0.43,12,0.41,17,0.63
M,719,Ayari,4.5,4.5,Brighton,0,0.00,6,0.23,4,0.32,0,0.00,2,0.15,2,0.10,3,0.10,2,0.01,1,0.00
M,720,McKennie,4.9,4.9,Leeds,69,2.96,52,1.89,51,2.08,0,0.00,50,4.00,49,2.20,47,1.92,48,1.13,47,2.15
M,721,João Gomes,4.5,4.5,Wolves,7,0.53,9,0.37,9,0.35,0,0.00,9,0.33,10,0.36,9,0.38,10,0.23,9,0.34
D,722,Zabarnyi,4.5,4.5,Bournemouth,0,0.00,0,0.00,1,0.00,0,0.00,1,0.08,1,0.04,2,0.03,2,0.04,7,0.20
M,723,H.Traorè,4.5,4.5,Bournemouth,78,2.60,73,2.46,71,2.81,69,2.75,66,5.68,64,2.64,67,2.46,64,2.33,63,2.65
M,724,Enzo,5.0,5.0,Chelsea,78,2.42,75,2.69,72,2.38,70,2.60,70,4.91,69,2.28,66,2.23,63,0.95,65,2.37
M,725,Ahamada,4.5,4.5,Crystal Palace,2,0.11,2,0.11,3,0.27,6,0.27,4,0.21,3,0.16,6,0.25,7,0.29,6,0.24
M,726,Lukic,4.5,4.5,Fulham,23,0.88,36,1.26,43,1.37,36,1.15,32,1.19,29,1.12,30,1.07,31,0.71,30,1.06
D,727,Souttar,4.5,4.5,Leicester,86,1.93,82,2.72,77,2.29,65,1.80,61,4.36,58,2.51,58,0.89,54,1.32,56,1.55
M,728,Sabitzer,4.9,4.9,Man Utd,0,0.00,44,1.80,42,2.07,0,0.00,39,3.43,38,1.87,39,1.80,41,0.87,40,1.63
G,729,Navas,4.5,4.5,Nott'm Forest,89,3.37,87,3.74,82,2.95,78,3.00,76,5.97,74,2.83,74,2.76,75,2.62,71,2.67
D,730,Felipe,4.5,4.5,Nott'm Forest,84,2.19,79,3.05,76,1.56,69,1.91,62,3.76,53,1.44,45,1.14,48,0.87,41,1.16
M,731,Kamaldeen,5.0,5.0,Southampton,60,2.55,56,2.69,50,4.32,0,0.00,39,1.90,40,1.64,43,2.11,40,0.99,40,2.10
F,732,Onuachu,5.5,5.5,Southampton,75,3.19,74,3.55,72,5.97,0,0.00,65,2.94,65,2.51,67,3.19,67,1.53,66,3.38
D,733,Pedro Porro,4.9,4.9,Spurs,33,1.43,38,1.67,39,2.21,0,0.00,41,2.07,40,1.71,36,2.06,36,0.69,38,1.51
M,734,A.Ayew,5.0,5.0,Nott'm Forest,16,0.81,18,0.96,19,0.88,17,0.83,16,1.65,16,0.83,14,0.73,19,0.87,17,0.89
M,735,Marçal-Madivadua,4.5,4.5,Leicester,0,0.00,0,0.00,1,0.00,1,0.00,1,0.00,1,0.05,1,0.04,1,0.03,1,0.05
D,736,Offiah,4.0,4.0,Brighton,0,0.00,2,0.03,1,0.07,0,0.00,1,0.07,1,0.04,4,0.11,1,0.01,1,0.03
D,737,Greenwood,4.0,4.0,Bournemouth,0,0.00,0,0.00,0,0.00,0,0.00,0,0.00,0,0.00,0,0.00,0,0.00,0,0.00
D,738,Kinsey-Wellings,4.0,4.0,Bournemouth,0,0.00,0,0.00,0,0.00,0,0.00,0,0.00,0,0.00,0,0.00,0,0.00,0,0.00
G,739,Anang,4.0,4.0,West Ham,0,0.00,0,0.00,0,0.00,0,0.00,0,0.00,0,0.00,0,0.00,0,0.00,0,0.00
G,740,Hegyi,3.9,3.9,West Ham,0,0.00,0,0.00,0,0.00,0,0.00,0,0.00,0,0.00,0,0.00,0,0.00,0,0.00
M,741,Miley,4.5,4.5,Newcastle,0,0.00,0,0.00,0,0.00,0,0.00,1,0.00,1,0.00,1,0.00,1,0.00,0,0.00
D,742,Chilokoa-Mullen,4.0,4.0,Leeds,3,0.10,1,0.03,1,0.03,0,0.00,1,0.06,1,0.00,1,0.03,2,0.02,1,0.03
D,743,Monteiro,4.0,4.0,Leeds,3,0.10,1,0.03,1,0.03,0,0.00,1,0.02,1,0.03,1,0.03,1,0.02,1,0.00
D,744,Swinkels,4.0,4.0,Aston Villa,0,0.00,0,0.00,1,0.00,1,0.03,1,0.00,0,0.00,1,0.00,1,0.03,1,0.00
G,745,Zych,4.0,4.0,Aston Villa,0,0.00,0,0.00,0,0.00,0,0.00,0,0.00,0,0.00,0,0.00,0,0.00,0,0.00
D,746,Casey,4.0,4.0,West Ham,0,0.00,0,0.00,1,0.00,0,0.00,1,0.07,2,0.03,2,0.03,1,0.03,2,0.03
G,10023,Alfie Whiteman,99.9,99.9,Spurs,2,0.08,2,0.04,2,0.09,0,0.00,3,0.14,3,0.08,1,0.00,0,0.00,1,0.00
G,10104,Mark Gillespie,99.9,99.9,Newcastle,0,0.00,0,0.00,0,0.00,0,0.00,0,0.00,0,0.00,0,0.00,0,0.00,0,0.00
G,10150,Andy Lonergan,99.9,99.9,Everton,0,0.00,0,0.00,0,0.00,0,0.00,0,0.00,0,0.00,0,0.00,0,0.00,0,0.00
D,10201,Teden Mengi,99.9,99.9,Man Utd,0,0.00,0,0.00,0,0.00,0,0.00,0,0.00,0,0.00,0,0.00,0,0.00,0,0.00
D,10241,Benjamin Mendy,99.9,99.9,Man City,0,0.00,0,0.00,0,0.00,0,0.00,0,0.00,0,0.00,0,0.00,0,0.00,0,0.00
M,10249,Matty Longstaff,99.9,99.9,Newcastle,0,0.00,3,0.13,4,0.19,6,0.27,5,0.40,5,0.25,5,0.21,5,0.15,4,0.14
F,10263,Mason Greenwood,99.9,99.9,Man Utd,0,0.00,0,0.00,0,0.00,0,0.00,1,0.00,1,0.00,0,0.00,1,0.00,0,0.00
G,10264,Jed Steer,99.9,99.9,Aston Villa,0,0.00,0,0.00,0,0.00,1,0.00,0,0.00,1,0.00,0,0.00,0,0.00,1,0.00
G,10351,Gabriel Slonina,99.9,99.9,Chelsea,1,0.00,1,0.04,1,0.04,2,0.10,0,0.00,0,0.00,0,0.00,0,0.00,0,0.00
G,10359,Louie Moulden,99.9,99.9,Wolves,1,0.00,1,0.04,2,0.04,0,0.00,4,0.13,2,0.08,2,0.04,3,0.05,1,0.05