Pos,ID,Name,BV,SV,Team,2_xMins,2_Pts,3_xMins,3_Pts,4_xMins,4_Pts,5_xMins,5_Pts,6_xMins,6_Pts,7_xMins,7_Pts,8_xMins,8_Pts,9_xMins,9_Pts
D,1,Cédric,4.5,4.5,Arsenal,8,0.31,8,0.33,10,0.44,8,0.34,10,0.34,11,0.50,10,0.40,12,0.44
G,2,Leno,4.5,4.5,Fulham,83,3.22,86,3.44,85,3.01,84,3.43,84,2.94,84,3.06,84,3.32,81,3.24
M,3,Xhaka,5.0,5.0,Arsenal,72,2.44,71,2.41,72,2.62,69,2.34,67,1.94,65,2.27,65,2.08,61,1.84
M,4,Elneny,4.5,4.5,Arsenal,15,0.55,16,0.58,15,0.57,13,0.48,13,0.43,14,0.54,12,0.42,15,0.50
D,5,Holding,4.5,4.5,Arsenal,9,0.36,8,0.31,8,0.34,9,0.33,10,0.29,12,0.50,10,0.36,11,0.37
M,6,Partey,5.0,5.0,Arsenal,76,2.72,74,2.65,74,2.84,73,2.58,70,2.11,69,2.56,69,2.31,70,2.20
M,7,Ødegaard,6.5,6.5,Arsenal,74,4.02,73,3.73,72,4.20,70,3.77,68,2.86,67,3.74,69,3.43,68,3.11
D,8,Tierney,5.0,5.0,Arsenal,15,0.73,22,1.13,32,1.79,45,2.21,50,1.72,53,2.82,50,2.15,51,1.94
M,9,Pépé,5.5,5.5,Arsenal,17,1.20,17,1.15,19,1.47,14,1.01,14,0.82,12,0.91,13,0.86,11,0.67
D,10,White,4.5,4.5,Arsenal,78,3.30,74,3.45,69,3.33,68,2.91,67,2.04,64,3.00,66,2.51,62,2.08
F,11,Nketiah,7.0,7.0,Arsenal,34,2.14,34,2.02,34,2.32,30,1.91,32,1.63,30,1.98,31,1.85,32,1.76
M,12,Smith Rowe,6.0,6.0,Arsenal,3,0.20,7,0.43,12,0.81,18,1.16,21,1.10,33,2.05,35,2.01,38,1.99
M,13,Saka,8.0,8.0,Arsenal,76,4.86,74,4.47,74,5.19,72,4.61,71,3.45,70,4.74,72,4.21,69,3.73
D,14,Tomiyasu,4.5,4.5,Arsenal,35,1.66,53,2.63,61,3.17,64,3.00,66,2.20,67,3.39,65,2.67,65,2.40
G,15,Ramsdale,5.0,5.0,Arsenal,88,3.98,88,4.18,86,4.15,86,3.90,85,3.37,85,4.04,85,3.60,84,3.44
D,16,Gabriel,5.0,5.0,Arsenal,79,3.82,78,3.99,74,4.09,70,3.41,67,2.27,66,3.50,66,2.81,66,2.51
D,17,Tavares,4.5,4.5,Arsenal,0,0.00,0,0.00,0,0.00,0,0.00,0,0.00,0,0.00,0,0.00,0,0.00
M,18,Sambi,4.5,4.5,Arsenal,14,0.59,14,0.59,10,0.43,10,0.41,9,0.35,9,0.41,9,0.39,11,0.42
M,19,Martinelli,6.0,6.0,Arsenal,65,4.17,62,3.76,58,4.05,54,3.51,50,2.53,49,3.31,44,2.71,45,2.53
D,20,Pablo Marí,4.5,4.5,Arsenal,1,0.02,0,0.02,1,0.04,1,0.04,1,0.03,1,0.06,1,0.04,1,0.04
M,21,Maitland-Niles,5.0,5.0,Arsenal,2,0.13,2,0.15,2,0.18,3,0.21,5,0.28,4,0.29,4,0.25,4,0.28
M,22,Torreira,4.5,4.5,Arsenal,1,0.04,2,0.07,1,0.05,1,0.04,2,0.07,2,0.07,1,0.06,2,0.08
M,23,Nelson,5.0,5.0,Arsenal,2,0.17,2,0.12,2,0.15,2,0.17,2,0.16,3,0.22,2,0.11,2,0.15
G,24,Turner,4.0,4.0,Arsenal,1,0.07,2,0.09,3,0.17,3,0.14,4,0.18,4,0.21,5,0.20,6,0.24
M,25,Fábio Vieira,6.0,6.0,Arsenal,13,0.73,13,0.71,16,1.00,23,1.28,28,1.26,24,1.35,27,1.39,25,1.24
D,26,Saliba,4.5,4.5,Arsenal,60,2.70,48,2.33,46,2.35,47,2.13,44,1.41,47,2.34,49,1.96,50,1.76
M,27,Marquinhos,5.0,5.0,Arsenal,1,0.04,1,0.05,0,0.03,0,0.02,1,0.04,1,0.04,1,0.06,1,0.05
F,28,Jesus,8.0,8.0,Arsenal,76,4.79,75,4.36,73,5.01,74,4.62,72,3.50,72,4.64,71,4.10,69,3.68
M,29,Coutinho,7.0,7.0,Aston Villa,64,3.92,65,3.41,62,3.71,63,2.79,61,2.55,62,3.21,62,3.93,62,3.39
F,30,Ings,7.0,7.0,Aston Villa,35,2.35,30,1.79,34,2.23,32,1.65,34,1.62,37,2.17,35,2.44,38,2.29
G,31,Martínez,5.0,5.0,Aston Villa,88,3.77,87,3.58,87,3.58,87,3.15,86,3.09,85,3.24,86,3.68,81,3.17
D,32,Chambers,4.5,4.5,Aston Villa,15,0.60,16,0.59,19,0.74,20,0.51,20,0.44,19,0.59,20,0.85,22,0.74
D,33,Digne,5.0,5.0,Aston Villa,78,3.84,75,3.17,75,3.37,75,2.09,75,1.79,73,2.59,73,3.65,71,2.80
M,34,Traoré,5.0,5.0,Aston Villa,9,0.61,10,0.59,11,0.72,11,0.58,12,0.60,12,0.73,12,0.79,10,0.64
G,35,Olsen,4.0,4.0,Aston Villa,2,0.08,3,0.12,3,0.12,3,0.12,3,0.13,5,0.17,3,0.14,8,0.32
M,36,Sanson,4.5,4.5,Aston Villa,6,0.35,10,0.46,10,0.53,12,0.54,12,0.52,10,0.49,11,0.58,11,0.56
M,37,McGinn,5.5,5.5,Aston Villa,76,2.66,71,2.26,66,2.24,67,1.88,72,1.95,69,2.13,69,2.47,70,2.25
D,38,Hause,4.5,4.5,Aston Villa,0,0.00,0,0.00,1,0.05,3,0.08,4,0.10,7,0.24,8,0.32,8,0.27
D,39,Mings,4.5,4.5,Aston Villa,36,1.45,39,1.36,38,1.36,40,0.91,37,0.74,36,1.03,37,1.50,36,1.14
F,40,Watkins,7.5,7.5,Aston Villa,81,4.33,80,3.65,79,4.17,79,3.05,79,2.87,76,3.50,76,4.18,76,3.70
M,41,Nakamba,4.5,4.5,Aston Villa,6,0.27,7,0.31,8,0.35,10,0.39,11,0.42,12,0.47,11,0.44,10,0.40
M,42,Buendía,6.0,6.0,Aston Villa,23,1.40,27,1.43,28,1.63,28,1.32,29,1.28,28,1.51,29,1.82,30,1.66
D,43,Cash,5.0,5.0,Aston Villa,83,3.53,78,2.89,75,2.92,75,1.83,73,1.54,74,2.29,74,3.24,73,2.48
D,44,Konsa,4.5,4.5,Aston Villa,57,2.36,56,2.00,54,2.02,53,1.31,56,1.18,55,1.66,53,2.20,56,1.85
M,45,Bailey,5.0,5.0,Aston Villa,54,3.02,55,2.65,48,2.67,50,2.12,46,1.88,45,2.27,47,2.79,45,2.33
M,46,Douglas Luiz,5.0,5.0,Aston Villa,49,1.61,49,1.51,49,1.60,48,1.35,46,1.27,49,1.47,46,1.57,50,1.53
M,47,Ramsey,5.5,5.5,Aston Villa,52,2.29,52,2.04,56,2.35,54,1.85,49,1.68,52,1.99,54,2.38,52,2.06
M,48,Chukwuemeka,4.5,4.5,Chelsea,0,0.00,0,0.03,0,0.02,0,0.02,0,0.04,0,0.02,0,0.02,0,0.01
M,49,Iroegbunam,4.5,4.5,Aston Villa,1,0.05,1,0.05,2,0.09,3,0.12,2,0.09,3,0.12,3,0.14,3,0.15
D,50,Diego Carlos,5.0,5.0,Aston Villa,76,3.14,73,2.65,74,2.77,71,1.70,71,1.46,70,2.10,70,2.96,68,2.25
M,51,El Ghazi,5.0,5.0,Aston Villa,0,0.01,0,0.00,0,0.01,0,0.01,0,0.01,0,0.03,0,0.02,0,0.02
F,52,Davis,5.5,5.5,Aston Villa,1,0.09,1,0.12,3,0.23,2,0.18,3,0.23,3,0.20,3,0.25,3,0.22
M,53,Kamara,5.0,5.0,Aston Villa,70,2.12,68,1.96,68,2.04,66,1.72,68,1.70,67,1.86,66,2.05,65,1.86
F,54,Archer,4.5,4.5,Aston Villa,10,0.53,10,0.47,12,0.62,11,0.45,12,0.46,12,0.57,11,0.63,13,0.62
M,55,Philogene-Bidace,4.5,4.5,Aston Villa,0,0.00,0,0.00,0,0.00,0,0.00,0,0.00,0,0.00,0,0.00,0,0.00
D,56,Guilbert,4.0,4.0,Aston Villa,3,0.16,6,0.25,9,0.34,7,0.21,9,0.22,10,0.32,9,0.40,9,0.32
D,57,Smith,4.5,4.5,Bournemouth,75,1.21,66,1.84,59,1.00,61,2.38,62,2.18,61,2.21,59,1.65,59,2.13
M,58,Stanislas,5.0,5.0,Bournemouth,13,0.62,14,0.77,15,0.75,15,0.95,16,0.98,15,0.96,16,0.90,15,0.97
D,59,Fredericks,4.5,4.5,Bournemouth,9,0.22,27,0.83,40,0.80,36,1.45,39,1.45,36,1.36,42,1.24,39,1.45
M,60,Brooks,5.5,5.5,Bournemouth,2,0.15,3,0.21,2,0.16,3,0.21,3,0.21,3,0.27,3,0.23,4,0.28
M,61,Lowe,5.5,5.5,Bournemouth,7,0.33,7,0.41,9,0.42,11,0.64,11,0.63,10,0.58,11,0.55,11,0.64
F,62,Moore,5.5,5.5,Bournemouth,15,0.59,16,0.76,18,0.75,20,1.02,20,0.99,20,1.03,23,1.00,22,1.17
M,63,Marcondes,5.0,5.0,Bournemouth,6,0.28,8,0.39,8,0.35,9,0.45,7,0.36,8,0.41,8,0.41,8,0.43
M,64,Lerma,5.0,5.0,Bournemouth,64,1.52,61,1.71,59,1.45,60,1.90,58,1.76,55,1.69,57,1.58,57,1.78
D,65,Stacey,4.5,4.5,Bournemouth,21,0.40,16,0.46,16,0.30,18,0.68,19,0.67,20,0.72,17,0.48,19,0.67
F,66,Solanke,6.0,6.0,Bournemouth,80,2.52,79,3.27,76,2.57,75,3.74,75,3.51,75,3.67,73,3.00,74,3.80
M,67,Cook,5.0,5.0,Bournemouth,69,1.69,68,1.90,67,1.68,66,2.03,64,1.93,62,1.87,64,1.79,62,1.90
M,68,Pearson,4.5,4.5,Bournemouth,14,0.46,12,0.42,12,0.40,10,0.36,11,0.39,9,0.34,10,0.35,9,0.33
M,69,Christie,5.5,5.5,Bournemouth,69,2.02,69,2.49,66,2.00,64,2.68,61,2.48,62,2.60,61,2.25,63,2.69
M,70,Billing,5.5,5.5,Bournemouth,67,1.89,67,2.35,64,1.91,59,2.48,61,2.40,61,2.49,59,2.10,58,2.45
D,71,Mepham,4.5,4.5,Bournemouth,76,1.22,72,1.86,71,1.17,70,2.57,68,2.23,68,2.31,68,1.79,69,2.31
G,72,Travers,4.5,4.5,Bournemouth,88,3.12,87,3.23,87,3.09,87,3.65,86,3.47,87,3.54,87,3.25,85,3.42
D,73,Kelly,4.5,4.5,Bournemouth,79,1.19,79,1.98,77,1.18,74,2.68,76,2.44,76,2.51,74,1.90,73,2.42
M,74,Dembélé,5.0,5.0,Bournemouth,11,0.44,13,0.60,14,0.59,16,0.79,14,0.69,16,0.81,16,0.72,17,0.89
M,75,Anthony,5.5,5.5,Bournemouth,69,2.13,68,2.62,67,2.15,65,2.92,65,2.78,63,2.78,61,2.38,60,2.79
D,76,Zemura,4.5,4.5,Bournemouth,74,1.17,73,1.97,70,1.13,68,2.63,65,2.24,67,2.39,66,1.80,67,2.35
G,77,Dennis,4.0,4.0,Bournemouth,2,0.08,3,0.12,3,0.10,3,0.13,4,0.15,3,0.13,3,0.13,5,0.21
D,78,Jansson,4.5,4.5,Brentford,83,2.23,78,2.51,77,2.98,69,2.23,69,2.55,62,1.88,60,1.62,61,2.28
M,79,Nørgaard,5.5,5.5,Brentford,77,2.31,77,2.47,74,2.52,74,2.28,71,2.46,72,2.25,72,2.14,69,2.28
F,80,Toney,7.0,7.0,Brentford,79,3.74,79,4.13,78,4.38,76,3.53,77,4.54,78,3.93,77,3.50,75,3.81
G,81,Raya,4.5,4.5,Brentford,88,3.39,87,3.52,86,3.72,86,3.49,86,3.60,84,3.31,84,3.22,85,3.69
D,82,Canós,5.0,5.0,Brentford,14,0.72,14,0.81,17,1.18,18,1.01,21,1.41,17,0.97,22,1.16,19,1.23
M,83,Dasilva,4.5,4.5,Brentford,30,1.37,28,1.35,30,1.54,29,1.36,31,1.64,31,1.44,28,1.29,28,1.40
D,84,Ajer,4.5,4.5,Brentford,1,0.04,18,0.68,40,1.67,43,1.49,50,1.97,47,1.55,47,1.40,51,2.03
D,85,Henry,4.5,4.5,Brentford,73,2.18,69,2.42,64,2.66,65,2.28,63,2.52,62,2.04,65,1.94,63,2.50
M,86,Janelt,5.5,5.5,Brentford,71,2.44,70,2.59,69,2.69,68,2.40,67,2.70,66,2.40,66,2.25,65,2.44
M,87,Ghoddos,5.0,5.0,Brentford,9,0.52,12,0.66,12,0.69,15,0.76,15,0.88,14,0.77,16,0.80,17,0.89
M,88,Jensen,5.0,5.0,Brentford,58,2.30,60,2.53,57,2.56,57,2.28,54,2.50,53,2.20,54,2.13,56,2.38
M,89,Wissa,5.5,5.5,Brentford,61,2.96,52,2.86,50,2.96,48,2.46,48,2.93,44,2.37,45,2.22,45,2.51
D,90,Roerslev,4.5,4.5,Brentford,26,0.83,24,0.86,21,0.88,21,0.73,17,0.68,20,0.67,20,0.63,17,0.67
D,91,Bech,4.5,4.5,Brentford,28,0.86,32,1.09,28,1.13,28,0.97,21,0.77,17,0.55,12,0.34,13,0.47
D,92,Pinnock,4.5,4.5,Brentford,0,0.00,0,0.00,1,0.05,12,0.44,23,0.94,42,1.41,56,1.70,54,2.19
M,93,Onyeka,5.0,5.0,Brentford,21,0.89,24,1.02,25,1.11,24,1.01,25,1.12,28,1.15,28,1.12,26,1.10
M,94,Baptiste,4.5,4.5,Brentford,11,0.51,10,0.49,12,0.61,14,0.63,14,0.70,15,0.71,14,0.67,17,0.82
F,95,Mbeumo,6.0,6.0,Brentford,71,2.93,71,3.13,70,3.34,68,2.85,68,3.35,68,2.96,63,2.58,65,2.87
D,96,Goode,4.0,4.0,Brentford,2,0.08,3,0.13,3,0.14,3,0.12,2,0.09,2,0.07,0,0.01,1,0.04
F,97,Forss,4.5,4.5,Brentford,0,0.00,0,0.00,0,0.00,0,0.00,0,0.00,0,0.00,0,0.00,0,0.00
D,98,Thompson,4.0,4.0,Brentford,0,0.00,0,0.00,0,0.00,0,0.00,0,0.00,0,0.00,0,0.00,0,0.00
M,99,Bidstrup,4.5,4.5,Brentford,0,0.00,0,0.00,0,0.00,0,0.00,0,0.00,0,0.00,0,0.00,0,0.00
G,100,Balcombe,4.0,4.0,Brentford,0,0.00,0,0.00,0,0.00,0,0.00,0,0.00,0,0.00,0,0.00,0,0.00
M,101,Lallana,5.0,5.0,Brighton,24,1.07,26,1.08,25,1.17,26,1.14,27,1.24,26,1.17,27,1.24,29,1.05
G,102,Steele,4.0,4.0,Brighton,1,0.05,2,0.07,2,0.10,2,0.10,3,0.12,3,0.15,5,0.24,4,0.13
F,103,Welbeck,6.5,6.5,Brighton,62,2.95,61,2.68,58,3.04,57,2.71,59,2.95,56,2.65,54,2.70,56,2.03
M,104,Groß,5.5,5.5,Brighton,59,2.77,58,2.44,60,3.04,58,2.68,58,2.79,57,2.64,57,2.71,60,2.03
D,105,Duffy,4.5,4.5,Brighton,23,0.94,28,0.88,28,1.19,31,1.17,32,1.24,31,1.31,32,1.44,32,0.61
D,106,Dunk,4.5,4.5,Brighton,85,3.36,82,2.44,81,3.43,80,2.98,79,3.06,81,3.41,80,3.57,80,1.32
M,107,March,5.0,5.0,Brighton,60,2.19,60,2.02,60,2.29,60,2.13,57,2.13,60,2.16,60,2.24,58,1.70
D,108,Webster,4.5,4.5,Brighton,75,2.95,74,2.21,74,3.06,70,2.58,70,2.66,71,2.97,71,3.14,72,1.26
D,109,Veltman,4.5,4.5,Brighton,70,2.69,69,1.99,66,2.62,67,2.36,66,2.40,66,2.64,67,2.88,63,1.13
F,110,Maupay,6.5,6.5,Brighton,45,2.31,47,2.15,45,2.54,45,2.23,47,2.46,46,2.25,47,2.39,48,1.75
M,111,Trossard,6.5,6.5,Brighton,74,3.44,70,2.88,68,3.47,65,3.16,67,3.42,67,3.06,68,3.51,68,2.27
D,112,Cucurella,5.0,5.0,Chelsea,68,2.78,65,3.04,66,3.44,62,2.97,63,3.21,61,3.08,59,2.02,58,2.88
G,113,Sánchez,4.5,4.5,Brighton,89,3.83,88,3.39,88,3.78,88,3.63,87,3.64,87,3.84,84,3.81,86,3.05
D,114,Lamptey,4.5,4.5,Brighton,43,1.91,44,1.51,51,2.37,53,2.16,54,2.29,48,2.22,50,2.45,49,1.02
M,115,Alzate,4.5,4.5,Brighton,9,0.47,10,0.46,10,0.50,13,0.60,13,0.63,14,0.65,13,0.61,14,0.60
M,116,Mac Allister,5.5,5.5,Brighton,71,3.31,69,2.85,69,3.53,68,3.12,64,3.07,68,3.10,67,3.24,64,2.09
M,117,Moder,4.5,4.5,Brighton,0,0.00,0,0.00,0,0.00,0,0.00,0,0.00,0,0.00,0,0.00,0,0.00
M,118,Mwepu,5.5,5.5,Brighton,56,2.50,55,2.25,57,2.72,58,2.49,55,2.51,53,2.37,53,2.45,53,1.81
M,119,Sarmiento,4.5,4.5,Brighton,0,0.00,0,0.01,0,0.03,1,0.03,0,0.03,0,0.03,1,0.04,0,0.02
M,120,Caicedo,5.0,5.0,Brighton,74,2.40,72,2.15,71,2.43,69,2.21,68,2.23,70,2.29,67,2.25,67,1.78
M,121,Richards,4.5,4.5,Brighton,0,0.00,0,0.00,0,0.00,0,0.00,0,0.00,0,0.00,0,0.00,0,0.00
D,122,Roberts,4.0,4.0,Brighton,0,0.00,0,0.00,0,0.00,0,0.00,0,0.00,0,0.00,0,0.00,0,0.00
F,123,Undav,5.5,5.5,Brighton,44,2.29,44,2.07,42,2.39,41,2.07,41,2.21,44,2.22,42,2.20,41,1.56
M,124,Mitoma,5.0,5.0,Brighton,4,0.21,6,0.25,6,0.28,7,0.34,8,0.38,8,0.35,8,0.39,8,0.33
F,125,Enciso,5.0,5.0,Brighton,13,0.62,16,0.69,18,0.89,19,0.84,17,0.78,18,0.81,20,0.92,20,0.78
M,126,Kozłowski,4.5,4.5,Brighton,1,0.04,1,0.05,1,0.05,2,0.10,2,0.11,2,0.11,3,0.13,2,0.10
D,127,Azpilicueta,5.0,5.0,Chelsea,40,1.63,44,2.02,44,2.23,41,1.96,41,2.07,40,1.97,45,1.59,41,2.02
D,128,Thiago Silva,5.5,5.5,Chelsea,78,2.85,75,3.20,73,3.44,73,3.16,75,3.49,72,3.30,72,2.32,71,3.26
D,129,Alonso,5.5,5.5,Chelsea,13,0.62,6,0.29,3,0.14,5,0.24,4,0.22,5,0.27,6,0.25,5,0.27
M,130,Jorginho,6.0,6.0,Chelsea,52,2.02,51,2.17,46,2.11,46,1.97,47,2.11,46,2.02,48,1.75,45,1.88
M,131,Barkley,5.0,5.0,Chelsea,3,0.18,2,0.14,4,0.24,4,0.24,3,0.20,4,0.23,4,0.22,4,0.25
M,132,Kovacic,5.0,5.0,Chelsea,45,1.65,46,1.76,44,1.80,43,1.69,43,1.75,45,1.76,44,1.51,44,1.68
G,133,Arrizabalaga,4.5,4.5,Chelsea,2,0.08,2,0.10,2,0.09,3,0.11,3,0.15,4,0.18,5,0.19,4,0.16
M,134,Kanté,5.0,5.0,Chelsea,57,1.95,58,2.09,59,2.21,57,2.07,58,2.17,56,2.06,56,1.81,57,2.06
M,135,Ziyech,6.0,6.0,Chelsea,14,0.83,16,1.02,15,1.02,15,0.97,16,1.10,17,1.12,17,0.91,19,1.12
M,136,Loftus-Cheek,5.0,5.0,Chelsea,15,0.66,14,0.68,17,0.85,20,0.91,18,0.88,19,0.92,18,0.79,18,0.83
F,137,Werner,8.0,8.0,Chelsea,27,1.66,26,1.73,28,1.98,28,1.81,28,2.01,26,1.79,25,1.43,26,1.62
D,138,Kenedy,4.0,4.0,Chelsea,2,0.18,3,0.26,4,0.38,3,0.30,3,0.34,4,0.38,5,0.35,5,0.41
D,139,Chilwell,6.0,6.0,Chelsea,30,1.37,40,2.10,45,2.58,45,2.38,48,2.69,46,2.49,46,1.74,46,2.44
M,140,Pulisic,6.0,6.0,Chelsea,22,1.18,21,1.25,22,1.40,23,1.36,24,1.46,23,1.37,23,1.12,24,1.36
D,141,Chalobah,5.0,5.0,Chelsea,14,0.51,17,0.75,16,0.74,18,0.80,15,0.72,19,0.92,16,0.57,20,0.95
M,142,Mount,8.0,8.0,Chelsea,73,3.88,72,4.27,70,4.56,71,4.21,70,4.50,69,4.24,68,3.32,69,3.93
D,143,Sarr,5.0,5.0,Chelsea,10,0.34,10,0.40,10,0.42,10,0.40,11,0.47,12,0.52,11,0.37,13,0.54
M,144,Hudson-Odoi,5.5,5.5,Chelsea,9,0.55,9,0.58,11,0.72,12,0.73,12,0.74,11,0.72,16,0.84,16,0.93
F,145,Havertz,8.0,8.0,Chelsea,57,3.01,58,3.31,57,3.55,55,3.14,52,3.26,55,3.20,55,2.66,54,2.91
D,146,James,6.0,6.0,Chelsea,73,3.46,72,4.03,72,4.47,72,4.07,71,4.35,71,4.20,68,2.83,70,3.99
G,147,Mendy,5.0,5.0,Chelsea,88,3.58,88,3.79,88,3.97,87,3.82,87,3.91,86,3.85,85,3.31,86,3.92
M,148,Gallagher,6.0,6.0,Chelsea,21,0.90,20,0.96,19,0.95,22,1.02,22,1.12,25,1.18,22,0.88,21,0.94
M,149,Gilmour,4.5,4.5,Chelsea,4,0.17,4,0.21,5,0.25,6,0.29,5,0.24,5,0.25,6,0.25,6,0.24
F,150,Broja,5.5,5.5,Chelsea,5,0.31,6,0.42,7,0.51,7,0.49,6,0.44,6,0.44,8,0.47,7,0.45
D,151,Ampadu,4.5,4.5,Chelsea,2,0.06,2,0.05,2,0.08,4,0.12,4,0.15,2,0.07,4,0.12,5,0.16
G,152,Guaita,4.5,4.5,Crystal Palace,84,2.98,81,3.42,79,2.80,74,3.19,77,3.02,77,3.04,78,3.08,76,2.89
D,153,Tomkins,4.0,4.0,Crystal Palace,1,0.02,4,0.16,8,0.18,10,0.39,13,0.40,12,0.38,12,0.38,16,0.47
M,154,McArthur,5.0,5.0,Crystal Palace,0,0.00,0,0.00,11,0.34,16,0.67,27,0.93,44,1.51,42,1.46,44,1.49
F,155,Benteke,5.5,5.5,Crystal Palace,13,0.57,13,0.75,14,0.59,15,0.90,14,0.71,15,0.77,18,0.90,17,0.83
D,156,Ward,4.5,4.5,Crystal Palace,56,0.96,60,2.03,56,0.90,54,1.96,53,1.53,53,1.54,51,1.50,51,1.34
D,157,Clyne,4.5,4.5,Crystal Palace,33,0.66,29,1.11,29,0.56,34,1.37,33,1.08,32,1.05,33,1.09,36,1.06
M,158,Milivojevic,4.5,4.5,Crystal Palace,25,0.90,26,1.09,23,0.84,25,1.08,21,0.87,19,0.80,17,0.71,20,0.79
M,159,Ayew,5.5,5.5,Crystal Palace,47,1.60,44,2.01,44,1.47,43,2.11,42,1.75,45,1.88,44,1.83,43,1.75
M,160,Zaha,7.0,7.0,Crystal Palace,79,2.73,76,3.99,74,2.42,76,4.25,75,3.28,75,3.41,74,3.35,74,3.12
M,161,Schlupp,5.0,5.0,Crystal Palace,58,1.79,57,2.26,54,1.62,53,2.23,52,1.91,49,1.84,51,1.93,48,1.75
G,162,Butland,4.5,4.5,Crystal Palace,0,0.00,0,0.00,0,0.00,0,0.01,0,0.02,1,0.02,0,0.01,0,0.01
M,163,Hughes,5.0,5.0,Crystal Palace,37,1.21,39,1.46,39,1.22,34,1.36,34,1.24,30,1.12,33,1.23,31,1.14
M,164,Riedewald,4.5,4.5,Crystal Palace,8,0.30,9,0.36,8,0.31,9,0.39,9,0.37,7,0.29,8,0.32,8,0.31
D,165,Andersen,4.5,4.5,Crystal Palace,84,1.40,80,2.87,79,1.26,79,3.05,76,2.30,78,2.38,76,2.35,75,2.06
F,166,Edouard,5.5,5.5,Crystal Palace,53,2.00,49,2.63,46,1.73,45,2.54,47,2.16,46,2.21,47,2.23,45,2.00
D,167,Guéhi,4.5,4.5,Crystal Palace,83,1.39,80,2.90,79,1.25,78,3.01,79,2.39,75,2.32,74,2.30,73,2.01
F,168,Mateta,5.5,5.5,Crystal Palace,41,1.68,38,2.12,38,1.51,38,2.25,37,1.83,35,1.82,35,1.79,36,1.71
M,169,Eze,5.5,5.5,Crystal Palace,65,2.17,63,2.91,61,1.97,59,2.90,59,2.39,56,2.36,57,2.37,54,2.19
D,170,Mitchell,4.5,4.5,Crystal Palace,78,1.35,74,2.72,71,1.19,71,2.79,72,2.26,71,2.25,70,2.23,67,1.90
M,171,Olise,5.5,5.5,Crystal Palace,36,1.45,49,2.44,49,1.75,52,2.71,49,2.15,49,2.21,47,2.12,49,2.08
M,172,Rak-Sakyi,4.5,4.5,Crystal Palace,8,0.32,9,0.40,10,0.39,10,0.46,11,0.45,10,0.43,8,0.37,11,0.45
M,173,Ebiowei,4.5,4.5,Crystal Palace,3,0.19,4,0.22,5,0.25,4,0.24,5,0.26,5,0.27,5,0.27,5,0.28
D,174,Ferguson,4.0,4.0,Crystal Palace,17,0.35,21,0.74,26,0.49,22,0.83,21,0.66,23,0.73,26,0.82,26,0.75
G,175,Johnstone,4.5,4.5,Crystal Palace,6,0.22,9,0.37,12,0.41,15,0.65,13,0.50,12,0.47,12,0.48,13,0.50
G,176,Begović,4.0,4.0,Everton,1,0.04,2,0.10,3,0.10,4,0.16,3,0.11,4,0.15,5,0.19,4,0.14
F,177,Rondón,5.0,5.0,Everton,68,2.93,60,3.23,56,2.62,47,2.30,47,1.97,42,1.76,36,1.98,31,1.61
D,178,Coleman,4.5,4.5,Everton,24,0.78,66,3.15,64,2.07,63,2.09,59,1.36,62,1.47,62,2.35,61,2.08
M,179,Townsend,5.5,5.5,Everton,0,0.00,0,0.00,0,0.00,0,0.00,0,0.00,0,0.00,0,0.00,0,0.00
D,180,Keane,4.5,4.5,Everton,26,0.84,31,1.50,29,0.97,32,1.11,31,0.76,33,0.83,33,1.28,30,1.04
M,181,Dele,5.5,5.5,Everton,29,1.47,27,1.69,25,1.36,25,1.38,25,1.19,24,1.14,27,1.53,25,1.31
G,182,Pickford,4.5,4.5,Everton,89,3.34,88,3.92,87,3.33,86,3.32,87,3.13,86,3.11,85,3.49,86,3.38
M,183,Allan,5.0,5.0,Everton,41,1.30,30,1.17,29,1.01,33,1.12,29,0.92,31,0.97,31,1.11,30,1.04
M,184,André Gomes,4.5,4.5,Everton,0,0.01,1,0.09,3,0.19,4,0.24,4,0.24,4,0.26,5,0.31,5,0.30
M,185,A.Doucouré,5.5,5.5,Everton,78,2.60,77,3.18,75,2.59,74,2.58,73,2.22,75,2.24,73,2.68,72,2.51
M,186,Iwobi,5.5,5.5,Everton,64,2.32,58,2.60,56,2.19,54,2.15,58,1.99,54,1.86,53,2.23,53,2.10
M,187,Gbamin,4.5,4.5,Everton,5,0.21,3,0.13,3,0.13,4,0.15,5,0.18,3,0.12,5,0.18,5,0.19
D,188,Mina,4.5,4.5,Everton,63,2.04,62,3.04,60,2.05,59,2.06,58,1.43,59,1.50,58,2.27,58,2.05
M,189,Gray,5.5,5.5,Everton,53,2.73,51,3.39,51,2.72,50,2.72,49,2.22,50,2.19,49,2.84,50,2.65
M,190,Davies,5.0,5.0,Everton,17,0.61,38,1.50,50,1.67,48,1.63,50,1.53,48,1.45,50,1.77,49,1.65
F,191,Calvert-Lewin,8.0,8.0,Everton,4,0.20,11,0.69,14,0.74,25,1.27,23,0.99,29,1.19,37,2.04,46,2.30
D,192,Holgate,4.5,4.5,Everton,26,0.72,24,1.04,25,0.71,23,0.71,29,0.61,28,0.61,29,1.00,31,0.96
D,193,Godfrey,4.5,4.5,Everton,62,1.71,63,2.74,61,1.81,60,1.82,59,1.22,61,1.31,58,2.00,61,1.89
D,194,Mykolenko,4.5,4.5,Everton,68,2.13,65,3.19,63,2.12,64,2.20,65,1.56,61,1.50,59,2.33,60,2.10
M,195,Gordon,5.5,5.5,Everton,58,2.42,57,2.93,58,2.48,56,2.46,57,2.10,55,2.02,53,2.48,55,2.38
D,196,Branthwaite,4.0,4.0,Everton,0,0.00,0,0.00,0,0.00,0,0.00,0,0.00,0,0.00,0,0.00,0,0.00
D,197,Patterson,4.0,4.0,Everton,61,1.85,23,1.15,27,0.94,29,1.06,31,0.82,28,0.77,28,1.16,30,1.10
D,198,Nkounkou,4.0,4.0,Everton,2,0.04,2,0.06,2,0.07,2,0.06,2,0.04,3,0.07,4,0.11,3,0.10
D,199,Tarkowski,4.5,4.5,Everton,81,2.19,78,3.41,77,2.21,76,2.27,74,1.50,73,1.52,72,2.45,71,2.17
M,200,Cairney,5.0,5.0,Fulham,62,2.58,58,2.72,56,2.06,56,2.57,55,1.98,57,2.22,55,2.43,57,2.51
D,201,Ream,4.5,4.5,Fulham,84,2.41,81,2.54,82,1.45,80,2.56,79,1.30,79,1.75,79,2.45,79,2.46
M,202,Knockaert,5.0,5.0,Fulham,14,0.72,17,0.97,20,0.90,20,1.05,19,0.85,20,0.94,22,1.14,23,1.16
M,203,Chalobah,4.5,4.5,Fulham,8,0.35,14,0.61,24,0.88,25,1.00,24,0.88,23,0.87,24,0.94,24,0.94
M,204,Kebano,5.5,5.5,Fulham,48,2.27,49,2.63,46,1.88,47,2.44,50,1.97,46,2.00,47,2.32,47,2.37
M,205,De Cordova-Reid,5.5,5.5,Fulham,61,2.53,61,2.87,59,2.11,59,2.67,56,1.96,58,2.20,54,2.37,53,2.34
D,206,Bryan,4.5,4.5,Fulham,19,0.71,23,0.92,24,0.62,27,1.06,26,0.59,30,0.88,29,1.14,27,1.05
G,207,Gazzaniga,4.0,4.0,Fulham,0,0.01,0,0.00,0,0.00,0,0.00,0,0.00,0,0.01,0,0.01,1,0.04
D,208,Kongolo,4.0,4.0,Fulham,8,0.28,10,0.35,14,0.30,15,0.53,15,0.31,16,0.41,17,0.58,17,0.58
D,209,Tosin,4.5,4.5,Fulham,84,2.55,82,2.73,81,1.53,79,2.67,78,1.29,78,1.83,77,2.53,78,2.57
F,210,Mitrović,6.5,6.5,Fulham,77,3.92,75,4.52,74,3.03,75,4.27,72,2.87,73,3.26,73,3.99,72,3.93
M,211,Reed,4.5,4.5,Fulham,68,2.10,63,2.10,62,1.79,61,2.03,62,1.73,62,1.84,62,2.00,61,1.97
M,212,Wilson,6.0,6.0,Fulham,0,0.00,0,0.00,0,0.00,0,0.00,0,0.00,0,0.00,0,0.00,2,0.11
G,213,Rodák,4.5,4.5,Fulham,7,0.26,4,0.17,5,0.19,6,0.22,6,0.23,5,0.20,6,0.24,8,0.33
M,214,Cavaleiro,5.0,5.0,Fulham,16,0.81,19,1.07,19,0.85,19,1.05,20,0.88,21,0.98,23,1.19,21,1.11
D,215,Tete,4.5,4.5,Fulham,29,1.00,28,1.07,27,0.63,26,1.01,30,0.65,29,0.81,30,1.10,32,1.17
M,216,Onomah,4.5,4.5,Fulham,11,0.56,12,0.67,13,0.62,13,0.70,16,0.69,14,0.66,16,0.81,16,0.83
D,217,Robinson,4.5,4.5,Fulham,70,2.17,67,2.34,65,1.25,62,2.13,62,1.08,59,1.41,59,1.95,61,2.04
F,218,Muniz,5.5,5.5,Fulham,11,0.59,12,0.69,11,0.51,12,0.69,14,0.60,12,0.57,12,0.64,13,0.72
F,219,Stansfield,4.5,4.5,Fulham,1,0.08,3,0.17,4,0.18,3,0.16,4,0.19,4,0.21,4,0.25,4,0.23
M,220,Palhinha,5.0,5.0,Fulham,75,2.25,75,2.41,73,1.94,73,2.31,73,1.91,73,2.05,72,2.27,73,2.25
D,221,Cooper,4.5,4.5,Leeds,59,1.72,75,1.84,69,1.94,71,2.70,66,1.82,64,2.70,63,1.28,60,1.96
D,222,Ayling,4.5,4.5,Leeds,0,0.00,0,0.00,1,0.03,9,0.39,16,0.51,38,1.78,49,1.10,47,1.71
M,223,Klich,5.0,5.0,Leeds,35,1.55,36,1.48,37,1.54,36,1.71,37,1.60,36,1.76,34,1.34,35,1.59
M,224,Forshaw,4.5,4.5,Leeds,0,0.00,4,0.17,9,0.34,12,0.46,13,0.51,10,0.44,11,0.39,12,0.47
M,225,Rodrigo,6.0,6.0,Leeds,67,3.46,64,2.91,61,3.01,59,3.48,58,3.00,60,3.83,56,2.41,56,3.17
D,226,Dallas,5.0,5.0,Leeds,0,0.00,0,0.00,0,0.00,0,0.00,0,0.00,0,0.00,0,0.00,0,0.00
F,227,Bamford,7.5,7.5,Leeds,78,4.27,76,3.59,74,3.82,73,4.46,71,3.84,70,4.60,69,3.06,69,4.07
D,228,Llorente,4.5,4.5,Leeds,78,2.33,71,1.79,71,2.03,66,2.59,65,1.85,62,2.67,60,1.28,58,1.97
M,229,Roberts,5.0,5.0,Leeds,0,0.00,0,0.00,0,0.00,0,0.00,0,0.00,0,0.00,0,0.00,0,0.00
D,230,Koch,4.5,4.5,Leeds,49,1.52,41,1.14,42,1.29,42,1.70,38,1.17,34,1.51,30,0.75,34,1.24
M,231,James,6.0,6.0,Leeds,37,1.76,29,1.33,31,1.46,35,1.83,30,1.44,33,1.84,35,1.46,33,1.67
M,232,Raphinha,7.0,7.0,Leeds,0,0.00,0,0.00,0,0.00,0,0.00,0,0.00,0,0.00,0,0.00,0,0.00
M,233,Harrison,6.0,6.0,Leeds,62,2.83,53,2.25,53,2.35,52,2.66,54,2.45,53,2.87,54,2.15,49,2.43
M,234,Shackleton,4.5,4.5,Leeds,0,0.00,0,0.00,0,0.00,0,0.00,0,0.00,0,0.00,0,0.00,0,0.00
D,235,Struijk,4.5,4.5,Leeds,76,2.30,72,1.82,65,1.87,57,2.21,48,1.41,39,1.75,40,0.92,38,1.35
G,236,Klaesson,4.0,4.0,Leeds,2,0.06,3,0.10,3,0.11,1,0.06,3,0.10,4,0.16,5,0.17,4,0.16
F,237,Greenwood,4.5,4.5,Leeds,4,0.23,5,0.24,5,0.28,5,0.26,4,0.24,5,0.29,5,0.25,7,0.38
G,238,Meslier,4.5,4.5,Leeds,88,3.39,87,3.20,87,3.32,89,3.72,87,3.30,86,3.77,85,3.06,86,3.43
D,239,Firpo,4.5,4.5,Leeds,0,0.00,0,0.00,12,0.41,21,0.94,33,1.12,48,2.31,48,1.23,49,1.91
M,240,Summerville,4.5,4.5,Leeds,1,0.07,2,0.10,1,0.06,2,0.15,2,0.13,2,0.14,3,0.16,3,0.18
M,241,Bate,4.5,4.5,Leeds,0,0.00,0,0.00,0,0.00,0,0.00,0,0.00,0,0.00,0,0.00,0,0.00
F,242,Gelhardt,5.5,5.5,Leeds,25,1.39,25,1.27,27,1.38,28,1.66,28,1.51,28,1.69,29,1.33,30,1.68
D,243,Hjelde,4.0,4.0,Leeds,15,0.48,16,0.44,17,0.52,15,0.59,16,0.47,8,0.31,6,0.14,8,0.26
D,244,Kristensen,5.0,5.0,Leeds,79,2.58,78,2.12,76,2.36,72,3.13,73,2.28,69,3.33,68,1.58,71,2.63
M,245,Roca,5.0,5.0,Leeds,71,2.20,67,1.99,68,2.09,66,2.27,65,2.04,67,2.39,66,1.89,66,2.16
M,246,Aaronson,5.5,5.5,Leeds,54,2.23,47,1.85,46,1.90,47,2.23,46,1.95,49,2.43,47,1.75,47,2.11
M,247,Gyabi,4.5,4.5,Leeds,2,0.08,1,0.05,1,0.06,1,0.05,1,0.05,1,0.04,1,0.04,1,0.03
G,248,Schmeichel,5.0,5.0,Leicester,0,0.00,0,0.00,0,0.00,0,0.00,0,0.00,0,0.00,0,0.00,0,0.00
D,249,Evans,4.5,4.5,Leicester,69,1.55,64,2.54,63,1.26,64,1.91,64,1.94,63,2.23,62,1.20,62,2.78
D,250,Bertrand,4.0,4.0,Leicester,0,0.00,0,0.00,0,0.00,0,0.00,0,0.00,0,0.01,5,0.13,11,0.52
M,251,Albrighton,5.0,5.0,Leicester,22,0.86,23,1.10,17,0.65,20,0.83,18,0.75,20,0.89,18,0.69,20,0.97
M,252,Mendy,4.5,4.5,Leicester,18,0.60,21,0.78,23,0.75,23,0.80,21,0.73,24,0.84,26,0.83,26,0.94
D,253,Vestergaard,4.0,4.0,Leicester,2,0.06,3,0.13,4,0.11,4,0.16,5,0.18,5,0.19,4,0.11,5,0.22
G,254,Ward,4.0,4.0,Leicester,60,2.17,61,2.59,61,2.18,61,2.38,61,2.40,62,2.55,58,2.06,61,2.76
F,255,Vardy,9.5,9.5,Leicester,70,3.19,67,4.45,63,2.72,60,3.27,59,3.21,60,3.68,64,2.80,61,4.16
D,256,Ricardo,4.5,4.5,Leicester,0,0.00,0,0.00,0,0.00,0,0.00,0,0.00,0,0.00,0,0.00,0,0.00
D,257,Amartey,4.5,4.5,Leicester,22,0.53,26,1.07,25,0.55,25,0.76,27,0.85,27,0.98,31,0.65,28,1.24
D,258,Castagne,4.5,4.5,Leicester,79,1.88,77,3.23,77,1.61,78,2.42,75,2.37,70,2.58,73,1.50,71,3.28
M,259,Tielemans,6.5,6.5,Leicester,79,2.47,77,3.29,74,2.34,74,2.75,72,2.69,71,2.97,69,2.17,71,3.22
M,260,Pérez,5.0,5.0,Leicester,30,1.40,30,1.78,30,1.32,24,1.26,26,1.32,24,1.36,27,1.21,23,1.40
M,261,Maddison,8.0,8.0,Leicester,71,3.00,69,4.32,68,2.77,68,3.40,68,3.40,66,3.79,67,2.72,70,4.51
F,262,Iheanacho,6.5,6.5,Leicester,46,2.04,45,2.69,42,1.84,39,2.10,37,2.00,40,2.36,36,1.68,36,2.37
M,263,Choudhury,4.5,4.5,Leicester,1,0.08,1,0.10,1,0.10,2,0.15,2,0.12,2,0.15,2,0.12,2,0.15
M,264,Barnes,7.0,7.0,Leicester,2,0.11,17,1.12,38,1.68,49,2.56,53,2.72,51,3.00,49,2.15,52,3.37
M,265,Ndidi,5.0,5.0,Leicester,69,1.83,61,2.01,64,1.67,62,1.79,63,1.82,61,1.87,61,1.57,60,2.06
M,266,Dewsbury-Hall,5.0,5.0,Leicester,76,2.39,71,2.94,69,2.09,66,2.31,68,2.36,67,2.58,67,2.05,64,2.76
D,267,Söyüncü,4.5,4.5,Leicester,30,0.70,34,1.35,32,0.67,33,1.00,34,1.04,33,1.17,34,0.69,36,1.59
D,268,Justin,4.5,4.5,Leicester,65,1.53,65,2.70,64,1.36,60,1.86,61,1.90,61,2.23,60,1.23,58,2.66
M,269,Soumaré,4.5,4.5,Leicester,7,0.29,8,0.35,7,0.29,9,0.35,9,0.37,9,0.37,10,0.37,10,0.42
D,270,Thomas,4.5,4.5,Leicester,26,0.64,27,1.11,28,0.62,29,0.93,30,0.97,34,1.25,30,0.65,28,1.28
F,271,Daka,6.0,6.0,Leicester,25,1.24,25,1.65,22,1.07,23,1.35,24,1.38,24,1.54,23,1.15,25,1.72
D,272,Fofana,4.5,4.5,Leicester,78,1.67,77,2.97,77,1.46,75,2.15,74,2.16,74,2.56,74,1.36,71,3.11
D,273,Brunt,4.0,4.0,Leicester,2,0.07,3,0.15,4,0.13,4,0.16,5,0.18,6,0.24,4,0.11,4,0.17
M,274,Milner,4.5,4.5,Liverpool,15,0.91,15,0.76,15,0.93,15,0.86,15,0.81,13,0.76,16,0.73,18,1.04
M,275,Henderson,5.5,5.5,Liverpool,64,2.80,64,2.29,60,2.76,60,2.54,62,2.48,61,2.68,59,2.04,62,2.68
D,276,Matip,6.0,6.0,Liverpool,75,4.38,71,2.82,63,3.86,63,3.41,59,2.94,59,3.34,61,2.15,60,3.28
M,277,Thiago,5.5,5.5,Liverpool,63,2.75,61,2.24,60,2.77,62,2.62,59,2.39,60,2.63,60,2.10,58,2.54
M,278,Chamberlain,5.0,5.0,Liverpool,0,0.00,0,0.00,0,0.00,0,0.00,0,0.00,0,0.00,0,0.00,0,0.00
F,279,Firmino,8.0,8.0,Liverpool,47,2.66,27,1.41,25,1.69,22,1.40,21,1.22,19,1.28,19,1.00,25,1.62
D,280,Van Dijk,6.5,6.5,Liverpool,83,4.75,80,3.16,81,4.88,78,4.20,79,3.93,80,4.49,78,2.77,78,4.21
G,281,Alisson,5.5,5.5,Liverpool,88,4.62,88,3.83,87,4.71,86,4.33,87,4.21,88,4.53,89,3.71,88,4.41
M,282,Fabinho,5.5,5.5,Liverpool,76,2.73,78,2.35,76,2.92,75,2.66,72,2.44,70,2.60,68,2.02,68,2.50
M,283,Salah,13.0,13.0,Liverpool,77,7.34,74,5.20,74,7.75,76,7.03,74,6.26,73,7.29,74,4.76,71,6.79
D,284,Robertson,7.0,7.0,Liverpool,84,5.21,82,3.52,79,5.29,79,4.62,77,4.18,78,4.90,76,2.95,79,4.73
D,285,Alexander-Arnold,7.5,7.5,Liverpool,81,6.01,80,3.92,79,6.19,79,5.43,78,4.93,77,5.60,76,3.40,76,5.29
D,286,Gomez,4.5,4.5,Liverpool,14,0.67,12,0.43,11,0.57,13,0.62,12,0.55,13,0.66,12,0.42,13,0.64
M,287,Keita,5.0,5.0,Liverpool,40,2.04,38,1.63,39,2.10,36,1.79,36,1.70,35,1.82,37,1.53,34,1.73
F,288,Diogo Jota,9.0,9.0,Liverpool,1,0.07,18,0.99,24,1.77,40,2.55,47,2.76,46,3.11,49,2.39,46,3.02
G,289,Kelleher,4.0,4.0,Liverpool,2,0.09,2,0.08,3,0.14,3,0.14,2,0.11,2,0.09,1,0.05,2,0.09
D,290,Konaté,5.0,5.0,Liverpool,12,0.61,21,0.80,31,1.77,31,1.60,35,1.66,35,1.86,34,1.16,33,1.70
M,291,Jones,5.0,5.0,Liverpool,0,0.00,3,0.13,7,0.39,9,0.49,13,0.64,21,1.11,20,0.90,20,1.04
D,292,Tsimikas,4.5,4.5,Liverpool,3,0.20,6,0.28,9,0.55,8,0.45,10,0.54,9,0.55,11,0.42,8,0.49
M,293,Luis Díaz,8.0,8.0,Liverpool,71,5.07,67,3.70,67,5.33,64,4.45,62,4.04,63,4.71,61,3.17,63,4.56
M,294,Elliott,5.0,5.0,Liverpool,20,1.29,18,1.01,18,1.20,15,0.96,15,0.90,14,0.91,14,0.74,16,1.01
D,295,N.Williams,4.0,4.0,Nott'm Forest,78,2.75,74,2.45,73,1.90,73,1.13,72,3.57,72,2.26,69,3.10,67,1.89
M,296,Carvalho,5.5,5.5,Liverpool,19,1.16,19,0.94,17,1.09,16,0.92,16,0.90,16,1.00,15,0.72,16,0.95
F,297,Darwin,9.0,9.0,Liverpool,50,3.23,62,3.22,60,4.30,54,3.49,53,3.19,52,3.59,53,2.63,49,3.33
D,298,Ramsay,4.0,4.0,Liverpool,1,0.06,2,0.07,2,0.09,2,0.08,2,0.09,3,0.12,3,0.09,2,0.10
D,299,Walker,5.0,5.0,Man City,73,4.46,71,3.47,70,4.01,69,4.05,67,3.14,63,2.88,64,3.29,63,3.07
M,300,Gündogan,7.5,7.5,Man City,32,2.08,33,1.82,35,2.20,37,2.52,36,1.94,39,2.06,37,2.08,37,2.02
M,301,De Bruyne,12.0,12.0,Man City,74,5.59,72,4.36,70,4.99,70,5.59,70,4.41,69,4.17,68,4.44,67,4.22
D,302,Stones,5.5,5.5,Man City,56,3.51,59,2.98,55,3.23,58,3.55,58,2.83,49,2.34,40,2.19,40,2.07
M,303,Mahrez,8.0,8.0,Man City,60,5.00,58,3.93,52,4.21,56,4.99,55,3.84,54,3.68,54,3.84,54,3.77
M,304,Sterling,10.0,10.0,Chelsea,74,4.04,71,4.40,69,4.70,65,4.04,68,4.58,68,4.34,66,3.34,63,3.70
M,305,Grealish,7.0,7.0,Man City,47,3.25,50,2.77,51,3.30,50,3.58,53,2.98,49,2.71,52,3.04,51,2.95
D,306,Cancelo,7.0,7.0,Man City,79,5.67,75,4.21,76,5.14,75,5.31,72,3.98,74,3.96,75,4.48,73,4.16
G,307,Ederson,5.5,5.5,Man City,88,4.89,87,4.20,86,4.59,85,4.56,86,4.07,86,3.97,86,4.32,85,4.08
D,308,Aké,5.0,5.0,Man City,53,3.57,55,2.98,55,3.52,54,3.58,55,2.95,51,2.63,43,2.52,36,1.97
D,309,Laporte,6.0,6.0,Man City,0,0.00,0,0.00,0,0.00,0,0.00,2,0.08,22,1.10,49,2.75,64,3.42
G,310,Steffen,4.0,4.0,Man City,0,0.00,0,0.00,0,0.00,0,0.00,0,0.00,0,0.00,0,0.00,0,0.00
M,311,Bernardo,7.0,7.0,Man City,61,3.40,60,2.80,60,3.19,57,3.31,58,2.73,55,2.56,55,2.69,58,2.75
D,312,Dias,6.0,6.0,Man City,79,5.22,76,4.04,77,4.81,75,4.86,76,3.88,73,3.65,70,3.95,69,3.66
D,313,Zinchenko,5.0,5.0,Arsenal,74,3.54,72,3.68,65,3.48,60,2.85,56,1.85,53,2.74,54,2.26,58,2.20
M,314,Foden,8.0,8.0,Man City,66,4.56,63,3.53,64,4.20,65,4.72,62,3.56,64,3.60,60,3.53,63,3.66
M,315,Rodri,6.0,6.0,Man City,76,3.20,77,2.75,77,3.06,74,3.15,73,2.59,72,2.54,71,2.63,71,2.61
M,316,Palmer,4.5,4.5,Man City,4,0.28,6,0.29,8,0.47,8,0.47,7,0.36,10,0.52,10,0.50,9,0.45
M,317,McAtee,4.5,4.5,Man City,0,0.00,0,0.00,0,0.00,0,0.00,0,0.00,0,0.00,0,0.00,0,0.00
F,318,Haaland,11.5,11.5,Man City,76,6.74,74,5.17,74,6.15,71,6.76,70,5.08,68,4.73,70,5.16,70,5.10
F,319,Álvarez,6.5,6.5,Man City,21,1.37,23,1.27,24,1.49,24,1.68,26,1.46,27,1.50,28,1.60,28,1.61
D,320,Mbete,4.0,4.0,Man City,2,0.13,3,0.16,4,0.24,5,0.26,6,0.28,5,0.22,4,0.19,3,0.15
M,321,Lavia,4.5,4.5,Southampton,31,1.16,28,0.94,29,1.00,30,0.97,33,1.10,30,1.09,34,1.09,34,1.20
D,322,Wilson-Esbrand,4.0,4.0,Man City,6,0.35,8,0.41,9,0.51,10,0.58,11,0.54,10,0.45,9,0.46,6,0.29
F,323,Delap,4.5,4.5,Man City,2,0.16,2,0.17,3,0.23,4,0.30,4,0.27,5,0.32,5,0.33,4,0.28
G,324,Ortega,4.0,4.0,Man City,1,0.06,2,0.08,2,0.12,2,0.12,2,0.10,2,0.08,2,0.11,3,0.17
M,325,Phillips,5.0,5.0,Man City,25,1.06,26,0.97,27,1.11,26,1.11,30,1.11,29,1.05,28,1.07,26,1.01
F,326,Ronaldo,10.5,10.5,Man Utd,68,4.44,45,2.44,43,2.86,48,2.96,44,2.64,44,2.69,47,3.61,45,1.88
G,327,De Gea,5.0,5.0,Man Utd,87,3.64,86,3.26,86,3.65,86,3.50,86,3.58,86,3.80,85,3.85,86,3.06
D,328,Jones,4.0,4.0,Man Utd,1,0.03,0,0.01,0,0.02,0,0.01,1,0.02,1,0.02,0,0.02,1,0.02
D,329,Varane,5.0,5.0,Man Utd,24,0.92,20,0.61,18,0.71,17,0.62,19,0.70,19,0.81,18,0.82,23,0.49
D,330,Maguire,5.0,5.0,Man Utd,80,2.96,74,2.04,73,2.83,74,2.54,72,2.58,72,2.91,70,3.19,65,1.18
M,331,Fred,5.5,5.5,Man Utd,68,2.23,67,1.99,67,2.22,66,2.13,65,2.09,66,2.18,65,2.33,64,1.72
D,332,Shaw,5.0,5.0,Man Utd,30,1.30,32,1.05,33,1.48,33,1.33,33,1.35,35,1.62,34,1.74,35,0.80
M,333,Fernandes,10.0,10.0,Man Utd,82,4.41,79,3.59,79,4.54,79,4.26,78,4.09,76,4.13,77,5.11,77,2.75
D,334,Telles,5.0,5.0,Man Utd,0,0.00,0,0.00,0,0.00,0,0.00,0,0.00,0,0.00,0,0.00,0,0.00
M,335,Rashford,6.5,6.5,Man Utd,62,3.36,59,2.69,58,3.24,56,2.99,55,2.86,54,2.90,55,3.53,53,2.07
M,336,Van de Beek,5.5,5.5,Man Utd,24,0.99,23,0.89,22,0.98,23,0.99,28,1.12,23,0.98,25,1.15,24,0.85
D,337,Lindelöf,4.5,4.5,Man Utd,40,1.46,37,1.04,29,1.09,30,1.03,28,1.02,30,1.23,33,1.43,32,0.62
M,338,McTominay,5.0,5.0,Man Utd,70,2.28,69,2.00,70,2.30,67,2.14,66,2.11,67,2.19,67,2.42,67,1.74
D,339,Bailly,4.0,4.0,Man Utd,4,0.10,2,0.05,4,0.13,6,0.17,5,0.16,4,0.13,5,0.18,5,0.11
M,340,Sancho,7.5,7.5,Man Utd,71,3.84,70,3.14,68,3.68,67,3.46,66,3.35,64,3.40,65,4.12,65,2.43
D,341,Wan-Bissaka,4.5,4.5,Man Utd,15,0.56,18,0.52,19,0.73,22,0.78,20,0.73,20,0.82,23,1.05,22,0.48
D,342,Dalot,4.5,4.5,Man Utd,73,2.85,71,2.08,69,2.84,64,2.35,66,2.49,66,2.85,64,3.06,64,1.23
D,343,B.Williams,4.0,4.0,Man Utd,2,0.09,3,0.09,5,0.20,5,0.20,6,0.24,8,0.31,6,0.26,6,0.15
M,344,Elanga,5.0,5.0,Man Utd,38,2.07,39,1.78,36,1.96,37,1.90,38,1.93,39,1.99,37,2.28,37,1.49
F,345,Martial,7.0,7.0,Man Utd,10,0.65,34,1.70,43,2.42,41,2.26,40,2.17,42,2.25,42,2.66,43,1.76
M,346,Andreas,4.5,4.5,Fulham,73,2.86,69,3.07,68,2.28,68,2.92,66,2.18,67,2.40,67,2.77,65,2.69
M,347,Pellistri,4.5,4.5,Man Utd,3,0.27,4,0.26,3,0.26,3,0.27,5,0.36,5,0.35,4,0.33,4,0.26
G,348,Heaton,4.0,4.0,Man Utd,3,0.12,4,0.14,4,0.19,3,0.14,3,0.14,4,0.17,4,0.20,4,0.14
M,349,Shelvey,5.0,5.0,Newcastle,0,0.00,23,0.65,49,1.58,53,1.41,62,2.20,58,1.80,59,2.22,56,1.88
D,350,Ritchie,4.5,4.5,Newcastle,6,0.26,7,0.21,6,0.29,6,0.17,5,0.29,6,0.26,7,0.40,7,0.35
D,351,Fernández,4.5,4.5,Newcastle,3,0.11,4,0.11,6,0.22,7,0.17,6,0.28,6,0.21,7,0.33,9,0.33
D,352,Clark,4.5,4.5,Newcastle,0,0.00,0,0.00,0,0.00,0,0.00,0,0.00,0,0.00,0,0.00,0,0.00
G,353,Darlow,4.0,4.0,Newcastle,0,0.01,0,0.02,0,0.01,0,0.01,0,0.00,0,0.01,0,0.00,1,0.02
F,354,Wood,6.0,6.0,Newcastle,16,0.91,18,0.84,18,1.00,22,0.98,22,1.33,22,1.20,22,1.45,24,1.40
G,355,Dubravka,4.5,4.5,Newcastle,2,0.10,4,0.13,4,0.15,3,0.12,3,0.16,4,0.16,3,0.14,4,0.16
F,356,Wilson,7.5,7.5,Newcastle,73,3.50,70,2.70,69,3.39,66,2.46,64,3.55,65,3.17,64,3.79,63,3.35
D,357,Trippier,5.0,5.0,Newcastle,75,2.88,74,1.85,74,3.06,71,1.46,71,3.66,71,2.53,70,3.97,70,3.01
D,358,Burn,4.5,4.5,Newcastle,37,1.34,37,0.88,37,1.47,37,0.72,42,2.01,40,1.31,42,2.22,40,1.63
M,359,Fraser,5.5,5.5,Newcastle,52,2.28,49,1.85,48,2.20,49,1.81,48,2.42,47,2.09,48,2.59,49,2.34
D,360,Lascelles,4.5,4.5,Newcastle,7,0.23,7,0.18,10,0.36,12,0.25,12,0.48,16,0.49,13,0.58,14,0.50
F,361,Gayle,4.5,4.5,Newcastle,0,0.00,0,0.00,0,0.00,0,0.00,0,0.00,0,0.00,0,0.00,0,0.00
D,362,Dummett,4.0,4.0,Newcastle,1,0.03,2,0.03,2,0.04,2,0.03,1,0.05,2,0.05,3,0.10,2,0.07
D,363,Manquillo,4.5,4.5,Newcastle,7,0.24,8,0.25,7,0.28,9,0.24,9,0.39,9,0.31,9,0.42,10,0.41
D,364,Krafth,4.5,4.5,Newcastle,9,0.30,8,0.21,9,0.33,10,0.23,10,0.44,10,0.33,10,0.48,10,0.38
M,365,Murphy,4.5,4.5,Newcastle,17,0.79,19,0.77,18,0.85,19,0.75,17,0.85,21,0.93,22,1.16,22,1.05
D,366,Schär,4.5,4.5,Newcastle,59,2.08,57,1.32,58,2.26,55,1.05,56,2.74,55,1.82,54,2.87,53,2.17
D,367,Targett,5.0,5.0,Newcastle,77,2.66,73,1.67,69,2.63,70,1.29,68,3.20,66,2.11,67,3.49,66,2.60
M,368,Saint-Maximin,6.5,6.5,Newcastle,76,3.26,73,2.60,73,3.23,72,2.47,72,3.61,71,3.05,69,3.74,70,3.35
M,369,Almirón,5.0,5.0,Newcastle,52,2.18,49,1.83,50,2.18,47,1.68,48,2.30,46,1.98,45,2.34,45,2.04
M,370,S.Longstaff,4.5,4.5,Newcastle,25,0.94,24,0.82,17,0.68,17,0.60,17,0.71,17,0.66,17,0.73,17,0.69
M,371,Joelinton,6.0,6.0,Newcastle,72,2.50,69,2.09,65,2.38,64,1.91,61,2.54,63,2.26,62,2.73,59,2.30
D,372,Lewis,4.5,4.5,Newcastle,6,0.21,10,0.27,12,0.45,12,0.30,13,0.56,13,0.43,13,0.63,14,0.54
M,373,Willock,5.0,5.0,Newcastle,61,2.34,53,1.80,45,1.84,45,1.53,44,1.99,44,1.75,45,2.16,47,2.02
M,374,Bruno Guimarães,6.0,6.0,Newcastle,79,2.66,78,2.28,76,2.68,75,2.12,73,2.91,74,2.53,73,3.11,72,2.71
M,375,Hendrick,4.5,4.5,Newcastle,0,0.00,0,0.00,0,0.00,0,0.00,0,0.00,0,0.00,0,0.00,0,0.00
G,376,Pope,5.0,5.0,Newcastle,88,3.59,86,3.14,86,3.62,86,3.08,86,4.00,86,3.38,87,4.22,86,3.64
D,377,Botman,4.5,4.5,Newcastle,80,2.59,79,1.67,74,2.64,75,1.28,72,3.21,71,2.14,70,3.45,70,2.56
M,378,Arter,4.5,4.5,Nott'm Forest,1,0.05,1,0.05,0,0.02,1,0.03,1,0.06,2,0.10,2,0.08,1,0.06
D,379,Cook,4.5,4.5,Nott'm Forest,52,1.56,48,1.37,46,1.04,42,0.68,44,1.85,43,1.18,45,1.69,47,1.13
F,380,Taylor,4.5,4.5,Nott'm Forest,11,0.61,11,0.56,13,0.60,13,0.50,14,0.81,13,0.67,14,0.78,15,0.71
M,381,Colback,4.5,4.5,Nott'm Forest,48,1.42,44,1.27,40,1.14,40,1.01,43,1.40,40,1.18,40,1.30,38,1.08
G,382,Samba,4.5,4.5,Nott'm Forest,0,0.00,0,0.00,0,0.00,0,0.00,0,0.00,0,0.00,0,0.00,0,0.00
M,383,Cafú,4.5,4.5,Nott'm Forest,28,1.06,25,0.93,23,0.81,23,0.74,23,0.96,25,0.93,25,1.05,24,0.90
M,384,Lolley,5.0,5.0,Nott'm Forest,14,0.79,14,0.75,14,0.75,15,0.69,15,0.90,14,0.80,16,0.99,14,0.75
D,385,McKenna,4.5,4.5,Nott'm Forest,75,2.23,72,2.04,70,1.54,70,1.06,66,2.73,65,1.70,64,2.37,64,1.49
D,386,Dräger,4.0,4.0,Nott'm Forest,0,0.00,0,0.00,0,0.00,0,0.00,0,0.00,0,0.00,0,0.00,0,0.00
M,387,Yates,5.0,5.0,Nott'm Forest,9,0.33,19,0.64,41,1.29,37,1.01,40,1.55,40,1.34,38,1.45,42,1.35
D,388,Worrall,4.5,4.5,Nott'm Forest,80,2.31,78,2.15,74,1.59,76,1.10,74,3.06,72,1.86,73,2.66,73,1.68
D,389,Panzo,4.0,4.0,Nott'm Forest,0,0.00,0,0.00,0,0.00,0,0.00,0,0.00,0,0.00,0,0.00,0,0.00
M,390,Xande Silva,5.0,5.0,Nott'm Forest,0,0.00,0,0.00,0,0.00,0,0.00,0,0.00,0,0.00,0,0.00,0,0.00
F,391,Surridge,5.0,5.0,Nott'm Forest,15,0.88,18,0.96,19,0.94,22,0.92,21,1.22,19,1.05,22,1.33,23,1.15
D,392,Laryea,4.5,4.5,Nott'm Forest,10,0.34,9,0.28,12,0.34,14,0.29,13,0.60,14,0.48,16,0.72,15,0.45
D,393,Mbe Soh,4.5,4.5,Nott'm Forest,1,0.04,2,0.06,3,0.07,3,0.06,4,0.14,5,0.12,5,0.15,5,0.11
F,394,Johnson,6.0,6.0,Nott'm Forest,75,3.51,73,3.04,70,2.76,68,2.16,67,3.33,67,2.94,65,3.28,66,2.71
M,395,Mighten,5.0,5.0,Nott'm Forest,1,0.07,1,0.08,1,0.07,1,0.06,2,0.12,2,0.12,2,0.14,3,0.18
M,396,Ojeda,4.5,4.5,Nott'm Forest,3,0.14,4,0.17,3,0.12,4,0.15,4,0.18,4,0.19,5,0.23,4,0.18
F,397,Awoniyi,6.0,6.0,Nott'm Forest,74,3.73,72,3.23,71,2.99,67,2.31,69,3.71,69,3.25,68,3.74,67,3.01
G,398,Henderson,4.5,4.5,Nott'm Forest,88,3.37,87,3.28,85,3.05,84,3.02,83,3.66,85,3.16,85,3.52,84,3.06
D,399,Biancone,4.5,4.5,Nott'm Forest,36,1.35,38,1.31,38,1.08,37,0.73,38,1.88,40,1.30,38,1.75,36,1.08
M,400,Walcott,5.0,5.0,Southampton,0,0.00,0,0.00,1,0.10,2,0.12,5,0.32,6,0.42,6,0.37,6,0.45
G,401,McCarthy,4.5,4.5,Southampton,65,2.68,61,2.26,61,2.30,58,2.13,54,2.12,52,2.11,52,1.93,44,1.85
M,402,Romeu,5.0,5.0,Southampton,63,1.99,63,1.78,62,1.78,60,1.66,58,1.71,61,1.91,57,1.63,59,1.85
M,403,Redmond,5.5,5.5,Southampton,32,1.74,31,1.42,30,1.36,31,1.37,31,1.45,36,1.84,35,1.54,32,1.68
D,404,Stephens,4.5,4.5,Southampton,5,0.20,6,0.20,8,0.24,8,0.23,9,0.29,9,0.32,10,0.28,11,0.41
M,405,S.Armstrong,5.0,5.0,Southampton,65,3.11,63,2.50,63,2.52,61,2.33,60,2.45,60,2.81,56,2.23,57,2.67
M,406,Elyounoussi,5.5,5.5,Southampton,34,1.93,34,1.59,33,1.57,34,1.51,36,1.71,35,1.91,35,1.65,35,1.91
M,407,Ward-Prowse,6.5,6.5,Southampton,81,4.09,83,3.35,78,3.17,79,3.02,78,3.23,76,3.75,77,3.05,73,3.56
F,408,A.Armstrong,5.5,5.5,Southampton,30,1.89,31,1.63,31,1.62,30,1.50,31,1.67,31,1.92,31,1.62,33,1.97
D,409,Walker-Peters,4.5,4.5,Southampton,77,3.11,76,2.15,74,2.23,72,1.96,71,2.41,71,2.79,69,1.96,68,2.88
D,410,Bednarek,4.5,4.5,Southampton,59,2.17,59,1.55,61,1.71,59,1.49,57,1.79,56,2.01,58,1.51,56,2.12
F,411,Adams,6.5,6.5,Southampton,69,3.81,67,3.07,67,3.04,65,2.74,66,3.02,64,3.46,62,2.77,63,3.31
M,412,Tella,5.0,5.0,Southampton,10,0.55,18,0.86,25,1.18,28,1.25,26,1.24,28,1.46,27,1.23,27,1.37
D,413,Lyanco,4.5,4.5,Southampton,46,1.62,47,1.18,47,1.26,47,1.12,45,1.35,48,1.63,50,1.24,49,1.79
D,414,Valery,4.0,4.0,Southampton,23,0.90,27,0.77,29,0.88,31,0.84,30,1.00,30,1.14,29,0.82,31,1.24
M,415,Smallbone,4.5,4.5,Southampton,0,0.00,0,0.00,0,0.00,0,0.00,0,0.00,0,0.00,0,0.00,0,0.00
M,416,Diallo,4.5,4.5,Southampton,7,0.30,8,0.29,10,0.37,10,0.37,12,0.44,13,0.48,11,0.40,11,0.42
D,417,Perraud,4.5,4.5,Southampton,67,2.93,62,1.92,63,2.05,59,1.73,62,2.24,63,2.69,63,1.95,65,2.98
M,418,Djenepo,5.0,5.0,Southampton,19,1.04,19,0.96,19,0.94,22,1.03,19,0.96,19,1.07,22,1.04,23,1.23
D,419,Livramento,4.5,4.5,Southampton,0,0.00,0,0.00,0,0.00,0,0.00,0,0.00,0,0.00,0,0.00,0,0.00
D,420,Salisu,4.5,4.5,Southampton,72,2.65,69,1.79,70,1.97,70,1.74,68,2.12,66,2.37,67,1.74,67,2.58
G,421,Lis,4.0,4.0,Southampton,0,0.00,0,0.00,0,0.00,0,0.01,0,0.00,0,0.00,0,0.00,0,0.00
G,422,Bazunu,4.5,4.5,Southampton,25,1.02,29,1.07,29,1.09,31,1.16,35,1.35,37,1.52,37,1.37,44,1.86
D,423,Bella-Kotchap,4.5,4.5,Southampton,48,1.72,49,1.25,45,1.26,48,1.19,50,1.54,48,1.69,46,1.20,47,1.80
G,424,Caballero,4.0,4.0,Southampton,0,0.00,0,0.01,0,0.01,0,0.01,1,0.04,1,0.03,1,0.04,2,0.09
G,425,Lloris,5.5,5.5,Spurs,87,3.33,88,4.18,87,3.98,88,3.63,87,4.13,87,3.12,87,3.88,87,3.42
G,426,Forster,4.0,4.0,Spurs,3,0.11,2,0.11,3,0.13,2,0.09,3,0.16,3,0.11,3,0.14,3,0.11
F,427,Kane,11.5,11.5,Spurs,80,4.40,78,6.34,77,5.80,77,5.23,78,6.83,75,3.33,77,6.18,75,4.23
M,428,Son,12.0,12.0,Spurs,75,3.97,74,5.76,74,5.35,72,4.67,73,6.18,71,3.12,71,5.59,70,3.91
D,429,Doherty,5.0,5.0,Spurs,69,2.44,67,4.12,62,3.52,64,2.95,60,3.76,62,1.57,61,3.43,59,2.21
D,430,Dier,5.0,5.0,Spurs,78,2.29,77,3.83,76,3.55,73,2.75,74,3.72,74,1.57,72,3.25,71,2.25
M,431,Lucas Moura,6.0,6.0,Spurs,11,0.59,12,0.85,12,0.79,14,0.85,13,0.91,14,0.69,13,0.92,14,0.78
D,432,Davies,5.0,5.0,Spurs,31,0.93,27,1.36,29,1.38,32,1.24,36,1.87,31,0.69,31,1.41,34,1.10
M,433,Højbjerg,5.5,5.5,Spurs,66,1.92,67,2.41,66,2.29,64,2.05,64,2.38,65,1.73,62,2.15,64,1.88
M,434,Winks,4.5,4.5,Spurs,5,0.19,5,0.20,4,0.17,4,0.15,4,0.17,2,0.08,2,0.09,2,0.08
D,435,Sánchez,4.5,4.5,Spurs,18,0.55,17,0.85,18,0.84,19,0.71,25,1.29,29,0.65,21,0.98,26,0.84
D,436,R.Sessegnon,4.5,4.5,Spurs,28,1.21,28,1.75,29,1.77,28,1.46,30,1.98,31,1.03,30,1.83,29,1.31
M,437,Bergwijn,5.5,5.5,Spurs,0,0.00,0,0.00,0,0.00,0,0.00,0,0.00,0,0.00,0,0.00,0,0.00
D,438,Reguilón,4.5,4.5,Spurs,4,0.15,4,0.22,6,0.29,5,0.25,7,0.40,8,0.26,9,0.52,7,0.30
D,439,Tanganga,4.0,4.0,Spurs,3,0.10,4,0.17,4,0.18,5,0.21,6,0.28,8,0.23,7,0.32,6,0.20
M,440,Bentancur,5.5,5.5,Spurs,61,1.91,58,2.30,53,2.04,54,1.91,52,2.15,50,1.49,50,1.95,49,1.62
M,441,Skipp,4.5,4.5,Spurs,0,0.00,0,0.00,6,0.22,8,0.28,12,0.46,18,0.55,22,0.78,22,0.70
D,442,Rodon,4.0,4.0,Spurs,0,0.00,0,0.00,0,0.00,0,0.00,0,0.00,0,0.00,0,0.00,0,0.00
D,443,Romero,5.0,5.0,Spurs,82,2.25,79,3.83,79,3.56,77,2.74,67,3.33,66,1.30,74,3.23,74,2.18
M,444,Bissouma,5.0,5.0,Spurs,49,1.54,52,1.99,55,2.03,54,1.85,52,2.09,51,1.47,50,1.90,49,1.58
D,445,Emerson Royal,5.0,5.0,Spurs,16,0.57,16,0.90,18,0.97,17,0.73,21,1.22,18,0.48,19,0.98,19,0.72
M,446,Kulusevski,8.0,8.0,Spurs,52,2.38,50,3.12,48,2.89,46,2.53,47,3.16,48,1.92,46,2.83,48,2.26
F,447,Scarlett,4.5,4.5,Spurs,0,0.00,0,0.00,0,0.00,0,0.00,0,0.00,0,0.00,0,0.00,0,0.00
D,448,Perišić,5.5,5.5,Spurs,56,2.42,57,4.09,56,3.75,55,3.10,53,3.94,52,1.70,55,3.71,54,2.50
M,449,White,4.5,4.5,Spurs,0,0.00,0,0.00,0,0.01,0,0.00,0,0.01,0,0.00,0,0.01,0,0.00
M,450,Sarr,4.5,4.5,Spurs,1,0.03,0,0.03,1,0.04,1,0.03,0,0.00,0,0.02,0,0.01,0,0.01
G,451,Austin,4.0,4.0,Spurs,0,0.00,0,0.00,0,0.00,0,0.00,0,0.01,0,0.00,0,0.00,0,0.00
M,452,Devine,4.5,4.5,Spurs,0,0.00,0,0.00,0,0.00,0,0.00,0,0.00,0,0.01,0,0.00,0,0.00
F,453,Parrott,4.5,4.5,Spurs,0,0.00,0,0.00,0,0.00,0,0.00,0,0.00,0,0.00,0,0.00,0,0.00
F,454,Richarlison,8.5,8.5,Spurs,41,1.85,40,2.45,43,2.44,45,2.34,43,2.76,46,1.72,43,2.55,45,2.01
G,455,Fabianski,5.0,5.0,West Ham,87,3.69,87,3.71,87,3.30,86,3.22,87,3.10,86,3.67,87,3.50,86,3.79
D,456,Ogbonna,4.5,4.5,West Ham,0,0.00,2,0.06,12,0.36,19,0.56,23,0.52,33,1.31,29,1.02,19,0.78
D,457,Cresswell,5.0,5.0,West Ham,75,3.23,70,3.11,72,2.35,69,2.12,69,1.64,69,2.98,67,2.50,64,3.06
F,458,Antonio,7.5,7.5,West Ham,69,3.56,67,3.52,63,2.92,60,2.70,60,2.32,61,3.13,60,2.87,58,3.14
D,459,Dawson,5.0,5.0,West Ham,81,3.20,78,3.15,75,2.26,69,1.97,69,1.49,62,2.47,55,1.92,48,2.12
M,460,Lanzini,5.5,5.5,West Ham,58,2.82,57,2.87,56,2.39,54,2.28,55,2.05,53,2.60,54,2.45,56,2.88
D,461,Zouma,4.5,4.5,West Ham,82,3.11,79,3.12,77,2.27,77,2.13,75,1.60,73,2.85,78,2.63,74,3.19
D,462,Masuaku,4.5,4.5,West Ham,0,0.00,0,0.00,0,0.00,0,0.00,0,0.00,0,0.00,0,0.00,0,0.00
D,463,Coufal,4.5,4.5,West Ham,80,3.08,77,3.07,77,2.26,76,2.10,74,1.57,75,2.93,77,2.61,75,3.21
M,464,Benrahma,6.0,6.0,West Ham,47,2.60,46,2.66,47,2.30,47,2.25,47,2.00,49,2.71,47,2.46,48,2.82
M,465,Bowen,8.5,8.5,West Ham,72,4.09,66,3.87,65,3.21,65,3.12,64,2.64,62,3.57,64,3.36,64,3.88
M,466,Vlasic,5.0,5.0,West Ham,23,1.32,21,1.28,24,1.26,25,1.27,26,1.18,25,1.42,27,1.40,25,1.47
M,467,Rice,5.0,5.0,West Ham,81,2.62,80,2.63,74,2.21,73,2.12,77,2.07,76,2.46,76,2.34,77,2.61
M,468,Soucek,5.5,5.5,West Ham,83,3.32,82,3.35,82,2.91,80,2.80,79,2.44,81,3.23,79,2.93,79,3.35
M,469,Fornals,5.5,5.5,West Ham,64,2.84,67,3.01,64,2.49,67,2.53,65,2.19,63,2.75,60,2.44,62,2.88
D,470,Diop,4.5,4.5,West Ham,17,0.65,20,0.78,17,0.50,16,0.43,14,0.30,10,0.36,8,0.26,5,0.22
D,471,Johnson,4.5,4.5,West Ham,25,1.06,31,1.29,28,0.94,32,1.00,33,0.82,32,1.31,32,1.18,35,1.56
D,472,Aguerd,5.0,5.0,West Ham,0,0.00,0,0.00,0,0.00,0,0.00,0,0.00,5,0.23,15,0.57,40,1.83
G,473,Areola,4.5,4.5,West Ham,2,0.10,3,0.12,3,0.13,4,0.15,3,0.12,4,0.16,3,0.14,4,0.16
D,474,Boly,4.5,4.5,Wolves,48,2.04,49,0.99,51,1.91,48,1.90,45,1.81,44,0.74,47,0.91,48,1.33
D,475,Coady,5.0,5.0,Wolves,74,2.91,71,1.34,67,2.39,69,2.59,68,2.57,67,1.13,67,1.25,68,1.81
F,476,Jiménez,7.0,7.0,Wolves,0,0.00,0,0.00,17,0.91,25,1.33,35,2.07,56,2.09,65,2.48,65,3.10
D,477,Jonny,4.5,4.5,Wolves,79,3.44,68,1.42,65,2.56,63,2.57,63,2.68,60,1.00,59,1.16,60,1.75
G,478,Sá,5.0,5.0,Wolves,88,3.80,87,3.09,87,3.66,87,3.76,87,3.70,87,3.08,86,3.06,85,3.23
M,479,Dendoncker,5.0,5.0,Wolves,60,2.41,62,1.85,63,2.29,59,2.13,59,2.29,58,1.60,59,1.67,57,1.87
M,480,Neves,5.5,5.5,Wolves,78,3.44,64,1.99,63,2.42,74,2.78,75,2.97,75,2.01,75,2.06,74,2.33
M,481,Hwang,6.0,6.0,Wolves,47,2.78,44,1.89,38,2.13,37,2.04,34,2.01,30,1.24,30,1.28,30,1.49
D,482,Semedo,5.0,5.0,Wolves,18,0.81,43,0.96,69,2.70,67,2.73,68,2.84,67,1.16,71,1.41,70,2.02
M,483,Podence,5.5,5.5,Wolves,62,3.24,62,2.33,58,2.80,57,2.68,55,2.86,52,1.86,52,1.92,50,2.17
D,484,Kilman,4.5,4.5,Wolves,46,1.87,49,0.95,47,1.70,46,1.79,47,1.84,49,0.82,44,0.82,45,1.23
M,485,Cundle,4.5,4.5,Wolves,15,0.64,19,0.68,18,0.76,17,0.71,17,0.71,17,0.61,18,0.65,17,0.66
M,486,Neto,5.5,5.5,Wolves,69,3.88,69,2.68,67,3.43,65,3.30,67,3.70,65,2.33,62,2.33,62,2.80
D,487,Aït-Nouri,4.5,4.5,Wolves,66,2.88,53,1.11,36,1.47,41,1.74,41,1.77,42,0.74,42,0.87,42,1.26
F,488,Fabio Silva,5.5,5.5,Wolves,0,0.00,0,0.00,0,0.00,0,0.00,0,0.00,0,0.00,0,0.00,0,0.00
D,489,Toti,4.0,4.0,Wolves,5,0.25,7,0.17,8,0.30,9,0.34,8,0.32,7,0.17,9,0.20,8,0.26
M,490,Chiquinho,5.0,5.0,Wolves,0,0.00,0,0.00,0,0.00,0,0.00,0,0.00,0,0.00,0,0.00,0,0.00
M,491,Adama,5.5,5.5,Wolves,4,0.24,15,0.67,22,1.15,23,1.16,20,1.14,20,0.86,19,0.83,19,0.92
G,492,Šarkić,4.0,4.0,Wolves,2,0.09,3,0.12,3,0.13,3,0.11,3,0.14,3,0.11,4,0.16,4,0.16
M,493,Gibbs-White,5.5,5.5,Wolves,52,2.93,49,1.92,45,2.32,38,1.93,36,2.01,28,1.10,24,1.00,25,1.16
D,494,Mosquera,4.0,4.0,Wolves,0,0.01,1,0.03,1,0.03,1,0.04,1,0.04,1,0.03,1,0.03,1,0.04
G,495,Matthews,4.0,4.0,Crystal Palace,0,0.00,0,0.00,0,0.00,0,0.00,0,0.00,0,0.00,0,0.00,0,0.00
F,496,Plange,4.5,4.5,Crystal Palace,0,0.00,0,0.00,0,0.00,0,0.00,0,0.01,0,0.01,0,0.01,0,0.01
G,497,Adrián,4.0,4.0,Liverpool,0,0.00,0,0.01,0,0.01,1,0.03,0,0.01,0,0.02,0,0.00,0,0.01
D,498,R.Williams,4.0,4.0,Liverpool,0,0.00,0,0.00,0,0.00,0,0.00,0,0.00,0,0.00,0,0.00,0,0.00
D,499,Davies,4.0,4.0,Liverpool,0,0.00,0,0.00,0,0.00,0,0.00,0,0.00,0,0.00,0,0.00,0,0.00
D,500,Van den Berg,4.0,4.0,Liverpool,1,0.05,1,0.02,0,0.02,0,0.02,1,0.04,0,0.01,1,0.02,1,0.04
D,501,Phillips,4.0,4.0,Liverpool,3,0.17,2,0.09,2,0.11,3,0.13,2,0.09,2,0.11,3,0.10,3,0.14
G,502,Carson,4.0,4.0,Man City,1,0.05,2,0.08,2,0.10,3,0.16,2,0.08,2,0.12,2,0.08,2,0.10
M,503,Moutinho,5.0,5.0,Wolves,76,2.81,74,2.13,72,2.54,72,2.48,72,2.63,72,1.94,72,2.00,73,2.29
D,504,Malacia,4.5,4.5,Man Utd,59,2.30,57,1.64,54,2.23,55,2.01,55,2.05,51,2.17,53,2.54,52,1.01
M,505,Rothwell,5.0,5.0,Bournemouth,0,0.00,1,0.04,11,0.40,16,0.72,21,0.89,31,1.25,30,1.12,30,1.26
M,506,Adams,5.0,5.0,Leeds,74,2.08,70,1.89,68,1.89,69,2.09,66,1.86,67,2.10,66,1.72,67,1.95
D,507,Niakhaté,4.5,4.5,Nott'm Forest,45,1.34,52,1.46,59,1.28,63,0.93,68,2.84,68,1.76,66,2.43,66,1.52
M,508,Sinisterra,6.5,6.5,Leeds,30,1.36,59,2.24,57,2.31,56,2.60,60,2.44,54,2.66,53,1.94,58,2.55
M,509,Downes,4.5,4.5,West Ham,11,0.48,10,0.46,13,0.54,13,0.53,14,0.55,14,0.59,16,0.65,15,0.67
D,510,Hickey,5.0,5.0,Brentford,70,1.99,63,2.14,53,2.11,50,1.67,51,1.97,50,1.56,46,1.32,45,1.77
D,511,Richards,4.5,4.5,Nott'm Forest,0,0.00,0,0.00,0,0.00,0,0.00,0,0.00,0,0.00,0,0.00,20,0.55
M,512,Aribo,5.5,5.5,Southampton,60,2.76,59,2.30,54,2.15,53,2.02,53,2.15,50,2.32,53,2.08,53,2.39
D,513,Lenglet,5.0,5.0,Spurs,63,1.75,72,3.49,69,3.07,72,2.58,68,3.31,67,1.34,69,3.00,67,2.02
M,514,C.Doucouré,5.0,5.0,Crystal Palace,66,1.68,66,2.01,63,1.58,61,1.93,58,1.70,55,1.63,56,1.66,56,1.60
M,515,Lewis-Potter,5.5,5.5,Brentford,22,1.01,24,1.19,26,1.32,30,1.36,30,1.56,33,1.53,32,1.42,35,1.62
D,516,Collins,4.5,4.5,Wolves,66,3.03,64,1.36,63,2.53,60,2.56,61,2.64,62,1.00,57,1.14,60,1.78
G,517,Strakosha,4.5,4.5,Brentford,2,0.07,3,0.10,4,0.16,4,0.17,4,0.18,6,0.22,6,0.21,4,0.19
G,518,Hennessey,4.0,4.0,Nott'm Forest,2,0.07,3,0.11,5,0.17,6,0.21,7,0.30,5,0.17,4,0.19,5,0.20
M,519,Eriksen,6.5,6.5,Man Utd,19,1.00,24,1.09,23,1.22,25,1.27,24,1.20,26,1.31,24,1.42,28,1.09
D,520,Koulibaly,5.5,5.5,Chelsea,82,2.86,80,3.25,80,3.61,78,3.25,76,3.43,76,3.37,74,2.25,76,3.32
M,521,Francois,4.5,4.5,Fulham,12,0.47,9,0.37,6,0.24,7,0.27,7,0.27,7,0.28,7,0.28,7,0.30
D,522,Spence,4.5,4.5,Spurs,1,0.02,2,0.08,4,0.14,5,0.19,6,0.28,6,0.14,5,0.23,7,0.21
D,523,Toffolo,4.5,4.5,Nott'm Forest,65,2.23,66,2.10,61,1.54,61,0.92,58,2.74,58,1.74,58,2.48,49,1.32
M,524,O'Brien,5.0,5.0,Nott'm Forest,40,1.44,43,1.48,37,1.25,36,1.10,34,1.38,36,1.28,37,1.47,33,1.18
D,525,Augustinsson,4.5,4.5,Aston Villa,1,0.07,2,0.07,1,0.07,2,0.08,2,0.08,2,0.07,1,0.06,2,0.09
D,526,Mee,4.5,4.5,Brentford,83,2.55,80,2.93,79,3.44,75,2.70,73,3.09,67,2.28,65,2.00,65,2.68
M,527,Lingard,6.0,6.0,Nott'm Forest,72,3.09,68,2.72,68,2.53,67,2.01,66,3.18,64,2.61,64,3.09,64,2.49
F,528,Mara,5.5,5.5,Southampton,1,0.06,2,0.09,2,0.09,1,0.08,2,0.09,1,0.09,2,0.09,2,0.10
F,529,Scamacca,7.0,7.0,West Ham,21,1.13,34,1.79,37,1.71,37,1.67,39,1.55,39,1.96,39,1.85,37,1.99
D,530,Richards,4.5,4.5,Crystal Palace,8,0.19,11,0.40,11,0.22,12,0.45,13,0.40,14,0.44,18,0.58,14,0.42
D,531,Vinagre,4.5,4.5,Everton,22,0.73,24,1.23,24,0.84,24,0.83,22,0.56,26,0.68,28,1.12,28,1.01
D,532,Mbabu,4.5,4.5,Fulham,65,2.04,68,2.38,67,1.31,69,2.41,66,1.18,67,1.61,65,2.19,64,2.19
D,533,Martínez,4.5,4.5,Man Utd,36,1.36,51,1.40,62,2.36,59,2.01,60,2.11,60,2.41,58,2.57,60,1.11
M,534,McNeil,5.5,5.5,Everton,50,1.89,50,2.29,48,1.89,48,1.89,48,1.65,52,1.73,50,2.05,48,1.88
M,535,Tavernier,5.0,5.0,Bournemouth,30,1.05,32,1.25,32,1.11,33,1.38,33,1.35,30,1.26,32,1.22,32,1.36
M,536,Mangala,5.0,5.0,Nott'm Forest,62,2.06,61,1.94,56,1.72,57,1.53,57,2.06,58,1.85,57,2.03,55,1.72
D,537,Kesler Hayden,4.0,4.0,Aston Villa,1,0.03,1,0.05,1,0.05,1,0.05,1,0.04,0,0.02,1,0.03,1,0.04
D,538,Young,4.5,4.5,Aston Villa,13,0.63,16,0.70,16,0.70,15,0.49,16,0.48,16,0.62,18,0.89,18,0.71
D,539,Hill,4.5,4.5,Bournemouth,49,0.80,48,1.21,47,0.79,55,1.96,52,1.68,52,1.70,52,1.33,52,1.69
D,540,Stevens,4.0,4.0,Brentford,0,0.01,1,0.02,1,0.03,1,0.02,1,0.03,1,0.02,1,0.03,1,0.04
F,541,Dervişoğlu,4.5,4.5,Brentford,6,0.31,6,0.36,6,0.38,6,0.33,6,0.38,6,0.33,6,0.33,7,0.40
G,542,Scherpen,4.0,4.0,Brighton,0,0.00,0,0.00,0,0.00,0,0.00,0,0.00,0,0.01,0,0.01,0,0.01
D,543,Clarke,4.0,4.0,Brighton,3,0.13,4,0.15,4,0.19,5,0.21,7,0.28,7,0.30,6,0.28,6,0.15
D,544,Van Hecke,4.0,4.0,Brighton,3,0.11,4,0.14,4,0.16,5,0.18,5,0.18,4,0.18,5,0.23,6,0.14
D,545,Emerson,4.0,4.0,Chelsea,1,0.03,3,0.10,3,0.11,3,0.09,3,0.12,4,0.14,4,0.13,4,0.14
M,546,Harris,4.5,4.5,Fulham,4,0.16,3,0.12,3,0.12,3,0.11,3,0.14,3,0.14,5,0.21,4,0.18
D,547,Drameh,4.0,4.0,Leeds,14,0.44,16,0.44,14,0.42,14,0.56,14,0.42,9,0.39,9,0.22,7,0.26
G,548,Iversen,4.0,4.0,Leicester,30,1.10,29,1.23,29,1.03,29,1.12,29,1.13,28,1.13,32,1.14,28,1.26
M,549,Praet,5.0,5.0,Leicester,10,0.44,8,0.46,8,0.35,8,0.42,7,0.32,10,0.49,8,0.37,9,0.51
M,550,Amad,4.5,4.5,Man Utd,9,0.52,8,0.44,9,0.50,8,0.46,9,0.47,9,0.52,8,0.49,9,0.42
M,551,Iqbal,4.5,4.5,Man Utd,0,0.02,1,0.03,0,0.02,1,0.04,1,0.04,1,0.04,1,0.04,1,0.06
M,552,Anderson,4.5,4.5,Newcastle,1,0.05,1,0.04,0,0.02,1,0.03,0,0.03,1,0.03,1,0.05,1,0.05
M,553,Hammond,4.5,4.5,Nott'm Forest,0,0.00,0,0.00,0,0.00,0,0.00,0,0.01,0,0.01,0,0.01,0,0.00
M,554,Bryan,5.0,5.0,Spurs,2,0.15,3,0.28,4,0.37,4,0.30,3,0.31,4,0.27,4,0.35,5,0.32
D,555,Ashby,4.0,4.0,West Ham,5,0.20,6,0.26,6,0.21,7,0.22,8,0.20,7,0.30,7,0.25,8,0.34
M,556,Coventry,4.5,4.5,West Ham,8,0.33,8,0.34,10,0.42,12,0.48,10,0.40,11,0.46,11,0.43,10,0.43
G,557,Smith,4.0,4.0,Wolves,0,0.00,0,0.00,0,0.01,0,0.00,0,0.00,0,0.00,0,0.00,1,0.02
D,558,Bueno,4.0,4.0,Wolves,11,0.53,10,0.25,4,0.18,5,0.24,6,0.25,5,0.13,5,0.13,5,0.17
F,10011,Nahuel Bustos,99.9,99.9,Man City,0,0.03,0,0.02,1,0.05,1,0.05,1,0.07,1,0.09,1,0.06,1,0.08
D,10018,Matt Miazga,99.9,99.9,Chelsea,3,0.14,3,0.15,2,0.12,4,0.19,3,0.15,4,0.19,4,0.16,4,0.20
D,10020,Abdul-Rahman Baba,99.9,99.9,Chelsea,0,0.01,0,0.01,0,0.00,0,0.00,0,0.01,0,0.02,1,0.02,1,0.03
F,10033,Florin Andone,99.9,99.9,Brighton,0,0.03,1,0.04,1,0.04,1,0.05,1,0.05,1,0.07,2,0.10,2,0.08
F,10052,Joel Valencia,99.9,99.9,Brentford,0,0.00,0,0.00,0,0.01,0,0.02,0,0.01,0,0.01,0,0.02,0,0.03
D,10054,Luka Racic,99.9,99.9,Brentford,2,0.09,3,0.10,2,0.10,2,0.09,1,0.05,1,0.05,1,0.03,1,0.04
M,10088,Bruno Jordão,99.9,99.9,Wolves,10,0.46,15,0.56,15,0.63,14,0.58,13,0.58,14,0.50,15,0.54,14,0.55
M,10093,Connor Ronan,99.9,99.9,Wolves,3,0.13,3,0.14,4,0.18,3,0.13,3,0.16,4,0.17,3,0.12,3,0.12
F,10094,Patrick Cutrone,99.9,99.9,Wolves,6,0.44,5,0.31,5,0.37,4,0.28,4,0.34,2,0.18,2,0.16,2,0.19
G,10104,Mark Gillespie,99.9,99.9,Newcastle,0,0.00,0,0.00,0,0.00,0,0.00,0,0.00,0,0.00,0,0.00,0,0.00
F,10132,Tahith Chong,99.9,99.9,Man Utd,1,0.07,1,0.08,1,0.09,1,0.07,2,0.12,2,0.14,1,0.10,2,0.10
G,10133,Marcus Bettinelli,99.9,99.9,Chelsea,0,0.00,0,0.00,0,0.00,0,0.00,0,0.00,0,0.00,0,0.01,0,0.01
M,10200,Hannibal Mejbri,99.9,99.9,Man Utd,1,0.07,1,0.07,2,0.10,1,0.09,2,0.10,1,0.09,2,0.16,2,0.13
D,10201,Teden Mengi,99.9,99.9,Man Utd,0,0.00,0,0.01,0,0.00,0,0.00,0,0.00,0,0.00,0,0.00,0,0.00
F,10202,Shola Shoretire,99.9,99.9,Man Utd,1,0.10,1,0.11,1,0.11,1,0.11,2,0.15,2,0.17,2,0.17,2,0.16
M,10223,James Garner,99.9,99.9,Man Utd,8,0.30,9,0.31,9,0.34,9,0.33,9,0.35,12,0.44,12,0.49,11,0.35
F,10228,Marlos Moreno,99.9,99.9,Man City,3,0.18,3,0.20,3,0.24,3,0.23,3,0.22,3,0.21,5,0.28,4,0.24
M,10229,Ante Palaversa,99.9,99.9,Man City,1,0.07,1,0.07,3,0.14,4,0.23,3,0.14,4,0.17,3,0.13,3,0.14
D,10231,Rúben Vinagre,99.9,99.9,Everton,0,0.01,0,0.01,0,0.00,0,0.01,0,0.00,0,0.00,0,0.01,0,0.00
F,10232,Léo Bonatini,99.9,99.9,Wolves,6,0.34,5,0.23,3,0.19,3,0.18,3,0.20,3,0.12,2,0.09,2,0.13
M,10233,Mateusz Bogusz,99.9,99.9,Leeds,1,0.05,1,0.04,1,0.06,1,0.06,1,0.04,1,0.04,1,0.04,1,0.04
D,10241,Benjamin Mendy,99.9,99.9,Man City,0,0.00,0,0.00,0,0.00,0,0.00,0,0.00,0,0.00,0,0.00,0,0.00
M,10242,Tanguy Ndombélé,99.9,99.9,Spurs,5,0.27,5,0.29,3,0.20,3,0.18,3,0.18,2,0.09,3,0.17,2,0.12
M,10243,Giovani Lo Celso,99.9,99.9,Spurs,3,0.22,4,0.30,3,0.22,3,0.23,3,0.23,2,0.13,2,0.19,2,0.16
G,10245,Rúnar Alex Rúnarsson,99.9,99.9,Arsenal,0,0.00,0,0.01,0,0.01,0,0.02,1,0.02,1,0.04,1,0.03,1,0.02
D,10246,Héctor Bellerín,99.9,99.9,Arsenal,1,0.05,1,0.08,2,0.09,2,0.10,3,0.13,3,0.17,3,0.15,3,0.13
M,10249,Matty Longstaff,99.9,99.9,Newcastle,11,0.45,9,0.34,7,0.29,6,0.24,7,0.33,7,0.31,8,0.36,8,0.37
F,10252,Evan Ferguson,99.9,99.9,Brighton,1,0.04,0,0.03,1,0.08,1,0.06,2,0.10,1,0.09,2,0.11,1,0.07
F,10253,Tariqe Fosu,99.9,99.9,Brentford,2,0.10,2,0.13,2,0.14,4,0.22,3,0.20,4,0.26,5,0.27,5,0.30
F,10258,Michy Batshuayi,99.9,99.9,Chelsea,6,0.36,6,0.42,6,0.44,8,0.54,8,0.54,8,0.56,8,0.44,7,0.45
F,10259,Alejandro Garnacho,99.9,99.9,Man Utd,1,0.06,1,0.07,1,0.07,1,0.07,2,0.08,2,0.10,2,0.10,1,0.06
D,10260,Axel Tuanzebe,99.9,99.9,Man Utd,1,0.04,0,0.00,0,0.01,0,0.02,1,0.03,0,0.01,1,0.03,1,0.03
F,10263,Mason Greenwood,99.9,99.9,Man Utd,0,0.00,0,0.00,0,0.00,0,0.00,0,0.00,0,0.00,0,0.00,0,0.00
G,10264,Jed Steer,99.9,99.9,Aston Villa,0,0.00,0,0.01,0,0.01,0,0.00,0,0.01,0,0.02,1,0.03,1,0.05
G,10266,Darren Randolph,99.9,99.9,West Ham,0,0.01,0,0.02,0,0.00,0,0.01,0,0.01,0,0.01,0,0.01,0,0.01
F,10269,Hélder Costa,99.9,99.9,Leeds,1,0.09,2,0.11,2,0.13,2,0.13,2,0.11,2,0.14,3,0.15,2,0.12
F,10271,Ian Poveda,99.9,99.9,Leeds,1,0.06,0,0.03,1,0.05,1,0.07,1,0.05,0,0.04,1,0.07,1,0.05
G,10275,Jordan Smith,99.9,99.9,Nott'm Forest,0,0.00,0,0.00,0,0.00,0,0.00,0,0.01,0,0.01,0,0.02,0,0.01
F,10277,Nuno Da Costa,99.9,99.9,Nott'm Forest,6,0.29,6,0.29,7,0.33,10,0.39,9,0.47,10,0.51,10,0.54,9,0.44
G,10296,Nathan Trott,99.9,99.9,West Ham,0,0.00,0,0.00,0,0.00,0,0.00,0,0.00,0,0.00,0,0.00,0,0.01
F,10301,Manor Solomon,99.9,99.9,Fulham,0,0.01,1,0.05,1,0.04,1,0.07,1,0.04,1,0.06,1,0.07,1,0.06
D,10305,Issa Kaboré,99.9,99.9,Man City,2,0.10,2,0.08,2,0.09,3,0.15,3,0.13,3,0.12,2,0.07,2,0.07