Pos,ID,Name,BV,SV,Team,1_xMins,1_Pts,2_xMins,2_Pts,3_xMins,3_Pts,4_xMins,4_Pts,5_xMins,5_Pts,6_xMins,6_Pts,7_xMins,7_Pts,8_xMins,8_Pts
D,1,Cédric,4.5,4.5,Arsenal,8,0.30,7,0.27,7,0.30,8,0.38,9,0.36,8,0.25,9,0.39,8,0.28
G,2,Leno,4.5,4.5,Arsenal,0,0.01,1,0.02,1,0.04,1,0.05,1,0.05,1,0.03,1,0.07,1,0.04
M,3,Xhaka,5.0,5.0,Arsenal,77,2.48,74,2.50,72,2.40,71,2.59,69,2.33,66,1.90,62,2.16,62,1.97
M,4,Elneny,4.5,4.5,Arsenal,19,0.65,19,0.66,21,0.74,18,0.67,15,0.56,20,0.63,19,0.71,20,0.69
D,5,Holding,4.5,4.5,Arsenal,8,0.30,10,0.36,10,0.38,7,0.28,7,0.28,11,0.33,12,0.52,10,0.36
M,6,Partey,5.0,5.0,Arsenal,71,2.42,70,2.49,66,2.34,67,2.56,69,2.45,61,1.84,61,2.27,58,1.97
M,7,Ødegaard,6.5,6.5,Arsenal,72,3.63,70,3.82,68,3.52,67,3.97,66,3.63,65,2.72,64,3.57,63,3.18
D,8,Tierney,5.0,5.0,Arsenal,8,0.38,14,0.67,24,1.24,40,2.18,50,2.45,51,1.71,50,2.57,50,2.08
M,9,Pépé,5.5,5.5,Arsenal,11,0.77,10,0.78,12,0.87,11,0.94,9,0.73,13,0.76,15,1.16,15,1.03
D,10,White,4.5,4.5,Arsenal,84,3.40,78,3.29,73,3.22,72,3.41,69,2.98,68,2.02,65,3.00,66,2.41
F,11,Nketiah,7.0,7.0,Arsenal,34,1.94,32,2.02,32,1.92,35,2.37,32,2.02,34,1.70,34,2.18,34,1.96
M,12,Smith Rowe,6.0,6.0,Arsenal,15,0.92,22,1.40,27,1.60,28,1.92,31,1.93,36,1.76,36,2.21,34,1.94
M,13,Saka,8.0,8.0,Arsenal,77,4.71,76,5.09,73,4.64,71,5.29,70,4.72,69,3.45,68,4.74,67,4.10
D,14,Tomiyasu,4.5,4.5,Arsenal,24,1.09,41,1.92,57,2.75,65,3.37,68,3.15,67,2.19,66,3.27,67,2.65
G,15,Ramsdale,5.0,5.0,Arsenal,89,3.91,88,3.94,87,4.05,86,4.09,86,3.87,84,3.30,84,3.96,82,3.48
D,16,Gabriel,5.0,5.0,Arsenal,82,3.74,77,3.73,74,3.69,72,3.93,70,3.47,68,2.27,67,3.48,68,2.85
D,17,Tavares,4.5,4.5,Arsenal,0,0.00,0,0.00,0,0.00,0,0.00,0,0.00,0,0.00,0,0.00,0,0.00
M,18,Sambi,4.5,4.5,Arsenal,10,0.43,10,0.42,10,0.41,8,0.36,8,0.34,10,0.38,11,0.45,10,0.41
M,19,Martinelli,6.0,6.0,Arsenal,67,3.86,65,4.11,63,3.77,62,4.29,61,3.90,60,2.93,59,3.86,59,3.50
D,20,Pablo Marí,4.5,4.5,Arsenal,0,0.01,1,0.03,1,0.04,0,0.02,1,0.04,1,0.04,2,0.07,1,0.04
M,21,Maitland-Niles,5.0,5.0,Arsenal,2,0.14,2,0.14,2,0.18,2,0.19,3,0.25,5,0.27,5,0.31,4,0.29
M,22,Torreira,4.5,4.5,Arsenal,0,0.01,0,0.02,1,0.03,1,0.04,1,0.03,1,0.04,1,0.03,1,0.04
M,23,Nelson,5.0,5.0,Arsenal,1,0.05,1,0.06,1,0.06,1,0.11,2,0.12,2,0.12,2,0.18,2,0.14
G,24,Turner,4.0,4.0,Arsenal,1,0.05,2,0.07,2,0.08,3,0.13,3,0.14,5,0.18,3,0.16,6,0.26
M,25,Fábio Vieira,6.0,6.0,Arsenal,13,0.69,16,0.91,17,0.92,16,0.97,16,0.91,16,0.76,16,0.93,15,0.81
D,26,Saliba,4.5,4.5,Arsenal,67,2.82,60,2.66,51,2.38,45,2.26,46,2.10,47,1.48,48,2.32,52,2.01
M,27,Marquinhos,5.0,5.0,Arsenal,0,0.01,0,0.01,0,0.01,0,0.01,0,0.03,0,0.03,0,0.03,0,0.03
F,28,Jesus,8.0,8.0,Arsenal,81,4.54,78,4.81,76,4.38,75,5.07,74,4.65,71,3.40,72,4.53,73,4.20
M,29,Coutinho,7.0,7.0,Aston Villa,70,3.95,69,3.93,67,3.38,65,3.72,66,2.83,63,2.55,62,3.15,62,3.80
F,30,Ings,7.0,7.0,Aston Villa,40,2.50,42,2.72,44,2.50,43,2.74,43,2.05,41,1.87,39,2.23,40,2.67
G,31,Martínez,5.0,5.0,Aston Villa,89,3.79,88,3.77,87,3.56,87,3.59,86,3.10,85,3.06,85,3.23,87,3.70
D,32,Chambers,4.5,4.5,Aston Villa,11,0.42,15,0.58,16,0.55,20,0.75,19,0.46,21,0.45,23,0.71,22,0.91
D,33,Digne,5.0,5.0,Aston Villa,82,3.91,79,3.83,77,3.21,76,3.46,75,2.04,75,1.78,74,2.62,74,3.72
M,34,Traoré,5.0,5.0,Aston Villa,11,0.69,12,0.77,13,0.78,14,0.88,14,0.74,13,0.67,15,0.87,15,0.99
G,35,Olsen,4.0,4.0,Aston Villa,0,0.02,2,0.07,2,0.08,3,0.11,4,0.13,4,0.15,4,0.16,3,0.11
M,36,Sanson,4.5,4.5,Aston Villa,3,0.21,5,0.27,7,0.37,8,0.42,9,0.43,9,0.40,10,0.46,10,0.54
M,37,McGinn,5.5,5.5,Aston Villa,79,2.61,74,2.46,72,2.24,72,2.38,69,1.92,71,1.88,69,2.10,70,2.43
D,38,Hause,4.5,4.5,Aston Villa,1,0.07,3,0.14,4,0.17,6,0.23,6,0.16,7,0.17,8,0.25,5,0.23
D,39,Mings,4.5,4.5,Aston Villa,8,0.30,7,0.26,7,0.23,7,0.24,7,0.16,7,0.14,7,0.20,7,0.27
F,40,Watkins,7.5,7.5,Aston Villa,79,4.00,77,3.99,77,3.47,74,3.79,73,2.84,74,2.70,74,3.31,73,3.96
M,41,Nakamba,4.5,4.5,Aston Villa,5,0.23,7,0.29,6,0.28,9,0.38,10,0.39,8,0.31,9,0.36,9,0.38
M,42,Buendía,6.0,6.0,Aston Villa,25,1.48,29,1.69,30,1.58,33,1.88,34,1.53,32,1.40,34,1.76,33,1.99
D,43,Cash,5.0,5.0,Aston Villa,83,3.39,80,3.32,81,2.87,79,3.02,78,1.79,76,1.55,72,2.19,72,3.10
D,44,Konsa,4.5,4.5,Aston Villa,78,3.04,75,2.99,74,2.57,72,2.65,71,1.63,70,1.43,69,2.03,68,2.76
M,45,Bailey,5.0,5.0,Aston Villa,77,3.81,74,3.75,73,3.28,71,3.54,70,2.71,69,2.55,68,3.06,68,3.71
M,46,Douglas Luiz,5.0,5.0,Aston Villa,25,0.89,27,0.94,33,1.07,31,1.05,34,1.01,36,1.01,32,1.03,35,1.22
M,47,Ramsey,5.5,5.5,Aston Villa,65,2.66,66,2.68,64,2.38,61,2.48,60,1.99,59,1.88,61,2.22,59,2.52
M,48,Chukwuemeka,4.5,4.5,Aston Villa,1,0.09,2,0.18,2,0.13,2,0.17,3,0.18,3,0.18,3,0.23,3,0.20
M,49,Iroegbunam,4.5,4.5,Aston Villa,0,0.02,1,0.07,2,0.07,2,0.11,2,0.07,3,0.12,3,0.12,2,0.10
D,50,Diego Carlos,5.0,5.0,Aston Villa,79,3.15,78,3.14,75,2.63,74,2.76,73,1.68,73,1.48,72,2.13,72,2.97
M,51,El Ghazi,5.0,5.0,Aston Villa,0,0.00,0,0.01,0,0.01,0,0.01,0,0.01,0,0.01,0,0.01,0,0.04
F,52,Davis,5.5,5.5,Aston Villa,1,0.10,2,0.14,2,0.15,3,0.23,2,0.17,3,0.19,3,0.24,4,0.31
M,53,Kamara,5.0,5.0,Aston Villa,76,2.25,72,2.14,68,1.93,67,1.96,67,1.73,67,1.69,67,1.82,65,1.99
F,54,Archer,4.5,4.5,Aston Villa,9,0.48,10,0.54,11,0.51,13,0.65,14,0.57,14,0.54,15,0.70,15,0.79
M,55,Philogene-Bidace,4.5,4.5,Aston Villa,0,0.00,0,0.00,0,0.00,0,0.00,0,0.00,0,0.00,0,0.00,0,0.00
D,56,Guilbert,4.0,4.0,Aston Villa,4,0.19,5,0.23,6,0.23,6,0.24,7,0.20,9,0.23,9,0.29,11,0.47
D,57,Smith,4.5,4.5,Bournemouth,79,2.49,73,1.20,66,1.77,65,1.11,63,2.40,58,2.01,62,2.26,60,1.66
M,58,Stanislas,5.0,5.0,Bournemouth,5,0.43,8,0.43,12,0.67,10,0.51,11,0.71,13,0.82,12,0.79,12,0.65
D,59,Fredericks,4.5,4.5,Bournemouth,4,0.14,15,0.34,32,0.95,32,0.68,39,1.54,38,1.38,37,1.41,39,1.18
M,60,Brooks,5.5,5.5,Bournemouth,5,0.34,6,0.32,6,0.37,8,0.39,8,0.49,10,0.55,9,0.54,9,0.48
M,61,Lowe,5.5,5.5,Bournemouth,11,0.64,13,0.58,17,0.88,18,0.81,17,0.97,20,1.08,17,0.95,18,0.89
F,62,Moore,5.5,5.5,Bournemouth,18,0.95,25,0.93,24,1.07,26,1.02,27,1.35,27,1.28,31,1.50,29,1.24
M,63,Marcondes,5.0,5.0,Bournemouth,15,0.78,18,0.75,19,0.87,22,0.88,20,1.02,22,1.08,21,1.03,21,0.96
M,64,Lerma,5.0,5.0,Bournemouth,79,2.32,77,1.79,76,2.06,74,1.77,72,2.23,73,2.17,73,2.19,74,2.00
D,65,Stacey,4.5,4.5,Bournemouth,14,0.46,13,0.26,9,0.26,11,0.22,10,0.40,13,0.46,12,0.45,13,0.38
F,66,Solanke,6.0,6.0,Bournemouth,82,4.16,78,2.52,75,3.21,75,2.57,74,3.81,73,3.51,72,3.63,75,3.15
M,67,Cook,5.0,5.0,Bournemouth,78,2.23,74,1.77,71,1.94,69,1.70,70,2.10,68,1.99,68,2.02,67,1.85
M,68,Pearson,4.5,4.5,Bournemouth,20,0.69,21,0.64,23,0.74,25,0.76,26,0.88,26,0.86,26,0.88,27,0.86
M,69,Christie,5.5,5.5,Bournemouth,69,2.78,66,1.95,65,2.39,64,1.96,66,2.76,63,2.56,64,2.66,64,2.34
M,70,Billing,5.5,5.5,Bournemouth,75,3.11,74,2.09,71,2.58,72,2.11,70,2.93,68,2.78,70,2.86,69,2.50
D,71,Mepham,4.5,4.5,Bournemouth,79,2.37,77,1.24,74,1.88,74,1.23,72,2.67,70,2.30,71,2.47,67,1.78
G,72,Travers,4.5,4.5,Bournemouth,89,3.44,89,3.17,87,3.23,86,3.04,86,3.64,86,3.49,85,3.55,85,3.21
D,73,Kelly,4.5,4.5,Bournemouth,86,2.51,81,1.23,79,1.96,77,1.21,77,2.79,78,2.51,78,2.69,77,2.00
M,74,Dembélé,5.0,5.0,Bournemouth,24,1.15,27,0.98,28,1.22,30,1.12,30,1.46,30,1.40,31,1.47,28,1.21
M,75,Anthony,5.5,5.5,Bournemouth,65,2.90,62,1.99,63,2.52,59,2.00,60,2.81,58,2.60,58,2.65,60,2.39
D,76,Zemura,4.5,4.5,Bournemouth,80,2.46,76,1.20,73,1.93,70,1.15,67,2.53,69,2.34,66,2.37,65,1.77
G,77,Dennis,4.0,4.0,Bournemouth,1,0.03,1,0.02,3,0.10,4,0.13,4,0.15,3,0.13,5,0.20,4,0.16
D,78,Jansson,4.5,4.5,Brentford,85,2.28,80,2.19,79,2.56,78,2.95,74,2.36,70,2.61,63,1.90,58,1.56
M,79,Nørgaard,5.5,5.5,Brentford,82,2.45,79,2.36,76,2.46,76,2.58,74,2.30,74,2.57,72,2.26,72,2.16
F,80,Toney,7.0,7.0,Brentford,83,4.04,81,3.84,78,4.10,77,4.38,77,3.72,77,4.63,74,3.80,72,3.42
G,81,Raya,4.5,4.5,Brentford,89,3.43,88,3.37,88,3.55,88,3.77,86,3.49,85,3.59,84,3.32,85,3.23
D,82,Canós,5.0,5.0,Brentford,0,0.00,13,0.65,15,0.85,17,1.14,15,0.82,15,1.04,17,1.01,16,0.85
M,83,Dasilva,4.5,4.5,Brentford,33,1.50,35,1.56,35,1.70,35,1.73,35,1.59,36,1.87,36,1.68,36,1.57
D,84,Ajer,4.5,4.5,Brentford,2,0.05,19,0.63,38,1.33,53,2.14,54,1.84,53,2.11,48,1.58,51,1.48
D,85,Henry,4.5,4.5,Brentford,74,2.20,70,2.13,66,2.31,65,2.65,67,2.32,67,2.65,63,2.08,63,1.88
M,86,Janelt,5.5,5.5,Brentford,73,2.53,70,2.41,71,2.60,68,2.65,70,2.45,68,2.71,66,2.39,65,2.25
M,87,Ghoddos,5.0,5.0,Brentford,10,0.55,9,0.50,12,0.64,13,0.76,14,0.71,14,0.83,14,0.77,15,0.79
M,88,Jensen,5.0,5.0,Brentford,59,2.42,60,2.41,55,2.41,57,2.64,55,2.32,56,2.70,56,2.37,54,2.20
M,89,Wissa,5.5,5.5,Brentford,51,2.56,50,2.49,46,2.54,45,2.70,44,2.32,42,2.65,46,2.47,49,2.41
D,90,Roerslev,4.5,4.5,Brentford,26,0.83,24,0.78,22,0.79,17,0.67,14,0.46,15,0.59,17,0.55,18,0.56
D,91,Bech,4.5,4.5,Brentford,28,0.85,27,0.83,25,0.88,25,0.97,22,0.76,21,0.79,19,0.63,13,0.37
D,92,Pinnock,4.5,4.5,Brentford,0,0.00,0,0.00,0,0.00,1,0.05,13,0.47,24,0.97,43,1.43,57,1.69
M,93,Onyeka,5.0,5.0,Brentford,19,0.81,19,0.82,22,0.97,22,1.01,24,0.99,23,1.06,24,1.02,25,1.01
M,94,Baptiste,4.5,4.5,Brentford,7,0.40,9,0.47,11,0.53,13,0.63,12,0.54,11,0.57,11,0.53,12,0.56
F,95,Mbeumo,6.0,6.0,Brentford,76,3.17,74,3.04,72,3.18,66,3.16,70,2.93,68,3.34,67,2.96,67,2.76
D,96,Goode,4.0,4.0,Brentford,1,0.06,2,0.08,2,0.10,1,0.06,2,0.08,2,0.09,1,0.06,1,0.03
F,97,Forss,4.5,4.5,Brentford,0,0.00,0,0.00,0,0.00,0,0.00,0,0.00,0,0.00,0,0.00,0,0.00
D,98,Thompson,4.0,4.0,Brentford,0,0.00,0,0.00,0,0.00,0,0.00,0,0.00,0,0.00,0,0.00,0,0.00
M,99,Bidstrup,4.5,4.5,Brentford,0,0.00,0,0.00,0,0.00,0,0.00,0,0.00,0,0.00,0,0.00,0,0.00
G,100,Balcombe,4.0,4.0,Brentford,0,0.00,0,0.00,0,0.00,0,0.00,0,0.00,0,0.00,0,0.00,0,0.00
M,101,Lallana,5.0,5.0,Brighton,20,0.81,18,0.81,22,0.96,21,0.98,25,1.09,24,1.09,25,1.11,25,1.13
G,102,Steele,4.0,4.0,Brighton,1,0.02,3,0.11,3,0.10,4,0.17,3,0.14,3,0.14,4,0.16,3,0.15
F,103,Welbeck,6.5,6.5,Brighton,59,2.27,57,2.73,53,2.34,55,2.87,53,2.51,52,2.57,52,2.41,53,2.66
M,104,Groß,5.5,5.5,Brighton,57,2.20,59,2.88,58,2.48,59,3.06,61,2.87,58,2.88,55,2.58,57,2.84
D,105,Duffy,4.5,4.5,Brighton,14,0.39,17,0.66,19,0.59,19,0.78,21,0.77,23,0.91,25,1.00,22,0.98
D,106,Dunk,4.5,4.5,Brighton,85,2.13,85,3.39,82,2.48,82,3.44,81,2.96,81,3.12,81,3.29,81,3.59
M,107,March,5.0,5.0,Brighton,22,0.83,24,1.00,25,0.98,29,1.24,28,1.13,27,1.13,31,1.24,27,1.13
D,108,Webster,4.5,4.5,Brighton,70,1.81,70,2.77,68,2.08,68,2.83,65,2.36,67,2.57,65,2.60,65,2.88
D,109,Veltman,4.5,4.5,Brighton,61,1.52,61,2.32,62,1.83,61,2.44,62,2.16,59,2.19,60,2.32,63,2.69
F,110,Maupay,6.5,6.5,Brighton,39,1.61,42,2.17,46,2.09,45,2.50,41,2.05,45,2.38,44,2.16,43,2.27
M,111,Trossard,6.5,6.5,Brighton,69,2.61,71,3.43,69,2.91,68,3.52,65,3.07,64,3.18,63,2.95,63,3.22
D,112,Cucurella,5.0,5.0,Brighton,83,2.13,81,3.34,78,2.43,77,3.37,77,2.92,76,3.05,75,3.17,76,3.52
G,113,Sánchez,4.5,4.5,Brighton,89,3.30,87,3.75,87,3.35,86,3.70,86,3.54,86,3.60,86,3.75,86,3.84
D,114,Lamptey,4.5,4.5,Brighton,63,1.76,60,2.58,55,1.85,55,2.48,51,2.05,54,2.25,53,2.30,50,2.40
M,115,Alzate,4.5,4.5,Brighton,6,0.32,6,0.33,8,0.41,8,0.45,10,0.48,10,0.49,11,0.52,12,0.56
M,116,Mac Allister,5.5,5.5,Brighton,77,2.73,72,3.31,70,2.83,70,3.56,67,3.00,69,3.20,69,3.07,67,3.17
M,117,Moder,4.5,4.5,Brighton,0,0.00,0,0.00,0,0.00,0,0.00,0,0.00,0,0.00,0,0.00,0,0.00
M,118,Mwepu,5.5,5.5,Brighton,37,1.46,37,1.71,37,1.57,38,1.81,40,1.77,39,1.76,38,1.67,41,1.90
M,119,Sarmiento,4.5,4.5,Brighton,0,0.00,0,0.00,0,0.01,0,0.01,0,0.01,0,0.01,0,0.02,0,0.02
M,120,Caicedo,5.0,5.0,Brighton,75,2.10,73,2.35,71,2.12,70,2.35,71,2.24,68,2.21,67,2.17,69,2.30
M,121,Richards,4.5,4.5,Brighton,0,0.00,0,0.00,0,0.00,0,0.00,0,0.00,0,0.00,0,0.00,0,0.00
D,122,Roberts,4.0,4.0,Brighton,0,0.00,0,0.00,0,0.00,0,0.00,0,0.00,0,0.00,0,0.00,0,0.00
F,123,Undav,5.5,5.5,Brighton,50,2.04,51,2.67,51,2.36,47,2.67,48,2.44,50,2.64,52,2.55,48,2.59
M,124,Mitoma,5.0,5.0,Brighton,3,0.12,3,0.15,4,0.19,4,0.20,4,0.20,4,0.20,4,0.19,6,0.28
F,125,Enciso,5.0,5.0,Brighton,10,0.43,12,0.57,15,0.63,16,0.77,20,0.85,19,0.84,18,0.80,21,0.92
M,126,Kozłowski,4.5,4.5,Brighton,0,0.02,1,0.04,1,0.04,1,0.06,1,0.06,2,0.08,1,0.07,2,0.10
D,127,Azpilicueta,5.0,5.0,Chelsea,38,1.80,39,1.60,37,1.72,42,2.09,41,1.93,43,2.13,43,2.09,42,1.48
D,128,Thiago Silva,5.5,5.5,Chelsea,83,3.66,78,2.98,76,3.19,75,3.47,76,3.23,74,3.43,73,3.27,71,2.29
D,129,Alonso,5.5,5.5,Chelsea,14,0.78,17,0.85,15,0.83,16,0.99,16,0.93,15,0.94,17,1.06,17,0.75
M,130,Jorginho,6.0,6.0,Chelsea,48,2.09,48,1.95,48,2.08,45,2.11,45,1.96,47,2.16,45,2.03,47,1.74
M,131,Barkley,5.0,5.0,Chelsea,2,0.14,2,0.16,3,0.20,3,0.20,2,0.15,3,0.22,4,0.25,4,0.21
M,132,Kovacic,5.0,5.0,Chelsea,59,2.22,52,1.87,54,2.01,55,2.15,56,2.10,52,2.05,51,1.97,54,1.79
G,133,Arrizabalaga,4.5,4.5,Chelsea,1,0.06,3,0.11,3,0.14,3,0.16,3,0.12,3,0.13,4,0.19,5,0.20
M,134,Kanté,5.0,5.0,Chelsea,58,2.12,60,2.03,58,2.09,54,2.05,55,2.01,54,2.04,58,2.11,54,1.75
M,135,Ziyech,6.0,6.0,Chelsea,14,0.86,15,0.88,17,1.06,16,1.09,18,1.14,19,1.24,18,1.16,19,1.03
M,136,Loftus-Cheek,5.0,5.0,Chelsea,17,0.78,17,0.75,19,0.89,21,0.98,19,0.87,22,1.07,18,0.88,21,0.87
F,137,Werner,8.0,8.0,Chelsea,29,1.92,34,2.12,38,2.53,36,2.60,38,2.48,41,2.85,37,2.49,38,2.14
D,138,Kenedy,4.0,4.0,Chelsea,1,0.16,2,0.16,2,0.21,2,0.24,5,0.40,4,0.39,4,0.38,4,0.32
D,139,Chilwell,6.0,6.0,Chelsea,70,3.68,66,2.97,67,3.35,65,3.63,66,3.38,65,3.65,63,3.35,65,2.46
M,140,Pulisic,6.0,6.0,Chelsea,19,1.09,17,0.94,19,1.11,20,1.22,19,1.10,21,1.31,21,1.22,20,1.02
D,141,Chalobah,5.0,5.0,Chelsea,22,1.03,25,1.07,26,1.18,28,1.44,26,1.24,28,1.40,26,1.30,28,1.03
M,142,Mount,8.0,8.0,Chelsea,80,4.70,77,4.18,76,4.58,74,4.82,73,4.41,72,4.68,71,4.37,70,3.42
D,143,Sarr,5.0,5.0,Chelsea,13,0.54,13,0.49,18,0.73,17,0.74,22,0.94,21,0.93,20,0.89,18,0.57
M,144,Hudson-Odoi,5.5,5.5,Chelsea,9,0.53,10,0.57,10,0.61,14,0.89,14,0.83,14,0.91,14,0.84,14,0.72
F,145,Havertz,8.0,8.0,Chelsea,73,3.96,71,3.65,69,3.86,68,4.12,66,3.71,66,3.94,65,3.72,64,3.02
D,146,James,6.0,6.0,Chelsea,70,3.90,68,3.27,66,3.56,65,3.89,64,3.50,63,3.75,62,3.56,61,2.48
G,147,Mendy,5.0,5.0,Chelsea,89,3.93,87,3.59,86,3.71,86,3.87,86,3.75,86,3.91,85,3.79,84,3.29
M,148,Gallagher,6.0,6.0,Chelsea,16,0.75,22,0.97,19,0.93,21,1.07,21,0.99,19,0.98,19,0.95,22,0.88
M,149,Gilmour,4.5,4.5,Chelsea,3,0.13,3,0.13,4,0.18,5,0.21,5,0.23,6,0.27,6,0.28,5,0.22
F,150,Broja,5.5,5.5,Chelsea,3,0.21,4,0.23,4,0.29,6,0.43,6,0.41,5,0.38,6,0.44,8,0.47
D,151,Ampadu,4.5,4.5,Chelsea,1,0.03,2,0.05,3,0.09,3,0.08,3,0.09,3,0.09,3,0.11,4,0.11
G,152,Guaita,4.5,4.5,Crystal Palace,85,3.21,80,2.84,81,3.39,79,2.83,79,3.35,76,2.97,76,2.96,76,3.03
D,153,Tomkins,4.0,4.0,Crystal Palace,7,0.21,10,0.22,16,0.59,12,0.25,12,0.46,11,0.35,12,0.37,14,0.44
M,154,McArthur,5.0,5.0,Crystal Palace,1,0.03,36,1.06,47,1.71,45,1.28,43,1.63,46,1.54,46,1.56,43,1.48
F,155,Benteke,5.5,5.5,Crystal Palace,14,0.78,13,0.61,15,0.94,13,0.61,15,0.98,13,0.74,14,0.78,15,0.84
D,156,Ward,4.5,4.5,Crystal Palace,17,0.44,16,0.30,18,0.63,21,0.38,20,0.73,22,0.64,21,0.63,23,0.70
D,157,Clyne,4.5,4.5,Crystal Palace,73,1.99,72,1.27,67,2.42,65,1.07,65,2.42,62,1.87,63,1.91,61,1.90
M,158,Milivojevic,4.5,4.5,Crystal Palace,13,0.56,9,0.35,8,0.38,8,0.35,10,0.48,12,0.51,11,0.49,10,0.45
M,159,Ayew,5.5,5.5,Crystal Palace,47,1.90,44,1.51,42,1.97,41,1.36,40,1.96,41,1.71,42,1.77,41,1.74
M,160,Zaha,7.0,7.0,Crystal Palace,81,3.64,78,2.73,76,4.08,75,2.45,75,4.20,75,3.34,74,3.33,73,3.34
M,161,Schlupp,5.0,5.0,Crystal Palace,61,2.19,51,1.64,48,1.98,50,1.53,48,2.02,48,1.79,51,1.90,47,1.77
G,162,Butland,4.5,4.5,Crystal Palace,0,0.00,0,0.00,0,0.00,0,0.00,0,0.00,0,0.01,0,0.00,0,0.01
M,163,Hughes,5.0,5.0,Crystal Palace,49,1.65,44,1.36,42,1.55,38,1.19,43,1.63,41,1.41,40,1.41,44,1.51
M,164,Riedewald,4.5,4.5,Crystal Palace,5,0.21,4,0.14,4,0.17,6,0.21,5,0.22,5,0.20,7,0.26,7,0.28
D,165,Andersen,4.5,4.5,Crystal Palace,85,2.23,83,1.39,80,2.89,78,1.23,78,2.92,79,2.33,78,2.31,76,2.35
F,166,Edouard,5.5,5.5,Crystal Palace,42,1.94,39,1.55,36,1.97,36,1.41,38,2.09,36,1.73,37,1.77,37,1.79
D,167,Guéhi,4.5,4.5,Crystal Palace,86,2.28,84,1.40,71,2.59,79,1.24,74,2.77,77,2.31,77,2.31,75,2.35
F,168,Mateta,5.5,5.5,Crystal Palace,57,2.66,54,2.08,51,2.78,53,1.95,52,2.98,51,2.41,49,2.35,48,2.35
M,169,Eze,5.5,5.5,Crystal Palace,69,2.85,62,2.11,58,2.82,58,1.89,57,2.89,55,2.30,57,2.43,58,2.46
D,170,Mitchell,4.5,4.5,Crystal Palace,78,2.14,77,1.34,73,2.68,71,1.17,70,2.65,72,2.19,71,2.17,70,2.23
M,171,Olise,5.5,5.5,Crystal Palace,26,1.25,44,1.69,52,2.63,51,1.80,50,2.63,51,2.28,48,2.15,51,2.30
M,172,Rak-Sakyi,4.5,4.5,Crystal Palace,6,0.28,5,0.22,6,0.28,8,0.33,9,0.40,10,0.42,10,0.42,11,0.46
M,173,Ebiowei,4.5,4.5,Crystal Palace,2,0.14,2,0.11,3,0.17,3,0.18,4,0.22,4,0.23,5,0.26,5,0.28
D,174,Ferguson,4.0,4.0,Crystal Palace,14,0.38,17,0.34,24,0.87,23,0.44,24,0.89,22,0.67,23,0.70,25,0.82
G,175,Johnstone,4.5,4.5,Crystal Palace,5,0.19,10,0.37,9,0.40,11,0.38,11,0.45,14,0.53,14,0.55,14,0.54
G,176,Begović,4.0,4.0,Everton,1,0.03,2,0.07,3,0.12,3,0.11,4,0.16,3,0.11,3,0.09,4,0.15
F,177,Rondón,5.0,5.0,Everton,0,0.00,12,0.69,14,0.94,15,0.87,18,1.02,17,0.85,18,0.91,18,1.10
D,178,Coleman,4.5,4.5,Everton,3,0.09,13,0.42,44,2.11,67,2.15,65,2.17,63,1.51,62,1.46,64,2.47
M,179,Townsend,5.5,5.5,Everton,2,0.11,3,0.16,5,0.37,5,0.30,6,0.35,6,0.34,6,0.34,9,0.51
D,180,Keane,4.5,4.5,Everton,11,0.34,15,0.47,17,0.80,19,0.63,21,0.71,21,0.54,23,0.60,24,0.94
M,181,Dele,5.5,5.5,Everton,18,0.87,13,0.69,14,0.84,12,0.66,15,0.81,16,0.78,18,0.85,15,0.89
G,182,Pickford,4.5,4.5,Everton,89,3.31,88,3.38,87,3.92,87,3.35,86,3.36,87,3.15,87,3.15,86,3.57
M,183,Allan,5.0,5.0,Everton,35,1.11,37,1.19,38,1.42,35,1.14,37,1.22,37,1.11,37,1.11,36,1.25
M,184,André Gomes,4.5,4.5,Everton,2,0.15,2,0.12,2,0.16,3,0.18,3,0.18,3,0.20,4,0.24,3,0.22
M,185,A.Doucouré,5.5,5.5,Everton,82,2.56,77,2.57,75,3.13,76,2.61,73,2.55,73,2.21,72,2.18,73,2.69
M,186,Iwobi,5.5,5.5,Everton,62,2.19,61,2.27,53,2.39,51,2.02,53,2.09,54,1.86,52,1.79,54,2.25
M,187,Gbamin,4.5,4.5,Everton,2,0.09,3,0.13,3,0.13,4,0.14,5,0.18,3,0.12,4,0.15,3,0.12
D,188,Mina,4.5,4.5,Everton,66,1.94,63,2.09,62,3.06,61,2.05,58,2.07,56,1.47,55,1.41,56,2.25
M,189,Gray,5.5,5.5,Everton,58,2.60,55,2.68,50,3.15,52,2.67,51,2.67,47,2.09,50,2.15,47,2.69
M,190,Davies,5.0,5.0,Everton,54,1.69,54,1.74,49,1.91,48,1.61,48,1.62,48,1.49,47,1.43,47,1.66
F,191,Calvert-Lewin,8.0,8.0,Everton,79,3.37,77,3.64,74,4.55,72,3.62,69,3.53,70,2.88,69,2.80,68,3.75
D,192,Holgate,4.5,4.5,Everton,32,0.81,33,0.94,35,1.47,37,1.03,38,1.12,37,0.79,40,0.82,40,1.34
D,193,Godfrey,4.5,4.5,Everton,63,1.62,65,1.86,65,2.84,64,1.87,63,1.93,64,1.40,63,1.35,61,2.16
D,194,Mykolenko,4.5,4.5,Everton,76,2.18,72,2.32,72,3.54,68,2.25,65,2.26,66,1.65,62,1.54,65,2.60
M,195,Gordon,5.5,5.5,Everton,58,2.32,60,2.53,57,3.00,55,2.42,55,2.44,52,2.01,53,2.02,54,2.62
D,196,Branthwaite,4.0,4.0,Everton,0,0.00,0,0.00,0,0.00,0,0.00,0,0.00,0,0.00,0,0.00,0,0.00
D,197,Patterson,4.0,4.0,Everton,55,1.55,49,1.59,37,1.86,26,0.90,26,0.94,29,0.78,29,0.78,29,1.21
D,198,Nkounkou,4.0,4.0,Everton,1,0.02,2,0.07,3,0.10,4,0.10,4,0.10,4,0.08,5,0.11,4,0.11
D,199,Tarkowski,4.5,4.5,Everton,83,2.06,80,2.27,76,3.37,74,2.14,75,2.27,74,1.56,74,1.54,74,2.63
M,200,Cairney,5.0,5.0,Fulham,58,2.13,53,2.21,51,2.32,48,1.76,45,2.03,48,1.72,51,1.94,50,2.12
D,201,Ream,4.5,4.5,Fulham,86,1.43,85,2.42,82,2.56,82,1.43,81,2.67,78,1.32,79,1.75,79,2.44
M,202,Knockaert,5.0,5.0,Fulham,11,0.53,9,0.49,7,0.42,9,0.42,9,0.53,11,0.52,11,0.56,10,0.53
M,203,Chalobah,4.5,4.5,Fulham,5,0.19,11,0.45,20,0.82,20,0.74,20,0.83,21,0.78,22,0.83,24,0.94
M,204,Kebano,5.5,5.5,Fulham,42,1.74,38,1.83,36,1.91,33,1.41,37,1.91,33,1.40,34,1.54,35,1.75
M,205,De Cordova-Reid,5.5,5.5,Fulham,57,2.02,53,2.21,45,2.17,50,1.80,47,2.17,48,1.71,47,1.84,47,2.05
D,206,Bryan,4.5,4.5,Fulham,21,0.52,26,0.92,24,0.95,22,0.56,27,1.08,26,0.62,27,0.79,28,1.08
G,207,Gazzaniga,4.0,4.0,Fulham,2,0.06,2,0.08,3,0.11,3,0.10,3,0.14,4,0.15,3,0.13,5,0.19
D,208,Kongolo,4.0,4.0,Fulham,6,0.15,8,0.27,12,0.43,14,0.30,15,0.55,19,0.39,19,0.49,18,0.61
D,209,Tosin,4.5,4.5,Fulham,87,1.45,83,2.53,78,2.59,77,1.46,77,2.70,76,1.33,76,1.81,75,2.45
F,210,Mitrović,6.5,6.5,Fulham,81,3.30,78,3.93,76,4.52,75,3.06,73,4.08,71,2.85,73,3.25,73,3.95
M,211,Reed,4.5,4.5,Fulham,70,1.94,64,2.01,61,2.02,61,1.75,60,1.98,59,1.68,59,1.76,57,1.87
M,212,Wilson,6.0,6.0,Fulham,22,0.88,47,2.19,71,3.82,71,2.71,69,3.62,69,2.61,69,2.88,68,3.43
G,213,Rodák,4.5,4.5,Fulham,88,3.12,87,3.39,87,3.48,87,3.09,86,3.55,85,3.01,86,3.12,85,3.38
M,214,Cavaleiro,5.0,5.0,Fulham,11,0.50,10,0.54,8,0.45,10,0.47,10,0.54,11,0.50,11,0.54,12,0.67
D,215,Tete,4.5,4.5,Fulham,46,0.90,35,1.21,26,0.99,27,0.62,27,1.06,31,0.68,30,0.84,34,1.25
M,216,Onomah,4.5,4.5,Fulham,9,0.41,8,0.40,6,0.34,7,0.35,8,0.45,9,0.43,9,0.44,10,0.52
D,217,Robinson,4.5,4.5,Fulham,70,1.22,65,2.00,65,2.22,67,1.28,62,2.20,61,1.08,60,1.43,61,2.02
F,218,Muniz,5.5,5.5,Fulham,7,0.34,9,0.49,11,0.65,11,0.51,13,0.76,14,0.66,13,0.63,12,0.65
F,219,Stansfield,4.5,4.5,Fulham,1,0.05,2,0.11,2,0.15,3,0.14,4,0.23,4,0.20,3,0.16,4,0.25
M,220,Palhinha,5.0,5.0,Fulham,79,2.07,77,2.28,75,2.38,73,1.94,73,2.33,72,1.90,72,2.02,70,2.21
D,221,Cooper,4.5,4.5,Leeds,18,0.72,53,1.54,73,1.78,70,2.01,67,2.48,66,1.78,63,2.64,63,1.30
D,222,Ayling,4.5,4.5,Leeds,0,0.00,0,0.00,4,0.10,18,0.59,27,1.13,34,1.04,47,2.16,48,1.08
M,223,Klich,5.0,5.0,Leeds,38,1.72,44,1.84,41,1.63,40,1.66,39,1.79,40,1.71,38,1.91,41,1.53
M,224,Forshaw,4.5,4.5,Leeds,10,0.41,11,0.42,11,0.42,11,0.42,13,0.50,13,0.50,14,0.58,12,0.44
M,225,Rodrigo,6.0,6.0,Leeds,69,3.82,66,3.35,65,2.95,40,2.09,37,2.27,35,1.94,33,2.23,31,1.47
D,226,Dallas,5.0,5.0,Leeds,0,0.00,0,0.00,0,0.00,0,0.00,0,0.00,0,0.00,0,0.00,0,0.00
F,227,Bamford,7.5,7.5,Leeds,80,4.64,77,4.21,76,3.62,74,3.81,73,4.42,72,3.87,71,4.71,70,3.06
D,228,Llorente,4.5,4.5,Leeds,84,3.15,77,2.30,70,1.76,67,1.97,66,2.52,65,1.82,61,2.65,59,1.26
M,229,Roberts,5.0,5.0,Leeds,0,0.00,0,0.00,0,0.00,0,0.00,0,0.00,0,0.00,0,0.00,0,0.00
D,230,Koch,4.5,4.5,Leeds,73,2.80,53,1.63,41,1.13,39,1.24,38,1.50,36,1.12,34,1.52,31,0.77
M,231,James,6.0,6.0,Leeds,0,0.00,44,2.01,34,1.50,35,1.60,36,1.88,36,1.67,38,2.05,36,1.47
M,232,Raphinha,7.0,7.0,Leeds,0,0.00,0,0.00,0,0.00,0,0.00,0,0.00,0,0.00,0,0.00,0,0.00
M,233,Harrison,6.0,6.0,Leeds,75,3.60,61,2.82,56,2.37,55,2.46,56,2.86,56,2.52,52,2.89,52,2.06
M,234,Shackleton,4.5,4.5,Leeds,0,0.00,0,0.00,0,0.00,0,0.00,0,0.00,0,0.00,0,0.00,0,0.00
D,235,Struijk,4.5,4.5,Leeds,71,2.72,70,2.11,66,1.68,65,1.94,58,2.22,53,1.50,37,1.67,35,0.84
G,236,Klaesson,4.0,4.0,Leeds,1,0.05,1,0.04,2,0.07,2,0.07,3,0.13,3,0.12,2,0.09,3,0.12
F,237,Greenwood,4.5,4.5,Leeds,5,0.26,4,0.22,4,0.22,5,0.25,6,0.35,7,0.36,7,0.41,7,0.34
G,238,Meslier,4.5,4.5,Leeds,89,3.75,88,3.40,88,3.21,87,3.36,86,3.63,86,3.23,87,3.80,86,3.09
D,239,Firpo,4.5,4.5,Leeds,0,0.00,0,0.00,0,0.00,2,0.06,11,0.47,19,0.63,48,2.29,54,1.34
M,240,Summerville,4.5,4.5,Leeds,5,0.32,2,0.11,2,0.10,2,0.13,3,0.20,3,0.20,3,0.20,3,0.17
M,241,Bate,4.5,4.5,Leeds,1,0.06,1,0.06,2,0.08,2,0.09,2,0.10,2,0.09,2,0.09,2,0.09
F,242,Gelhardt,5.5,5.5,Leeds,17,1.05,19,1.10,21,1.07,21,1.16,20,1.23,23,1.28,21,1.35,23,1.11
D,243,Hjelde,4.0,4.0,Leeds,17,0.66,18,0.57,18,0.51,16,0.51,16,0.62,14,0.42,9,0.35,7,0.17
D,244,Kristensen,5.0,5.0,Leeds,83,3.42,80,2.62,76,2.08,73,2.35,71,3.00,71,2.17,67,3.21,67,1.54
M,245,Roca,5.0,5.0,Leeds,70,2.30,67,2.10,64,1.91,64,2.01,63,2.16,62,1.94,61,2.21,60,1.75
M,246,Aaronson,5.5,5.5,Leeds,82,3.37,79,3.08,78,2.78,76,2.90,75,3.26,74,2.89,73,3.45,72,2.44
M,247,Gyabi,4.5,4.5,Leeds,1,0.03,0,0.02,1,0.04,1,0.04,1,0.03,1,0.05,1,0.04,1,0.04
G,248,Schmeichel,5.0,5.0,Leicester,89,3.72,88,3.22,87,3.80,87,3.11,87,3.40,86,3.43,86,3.61,86,3.10
D,249,Evans,4.5,4.5,Leicester,70,2.58,68,1.51,64,2.53,61,1.24,60,1.81,59,1.84,61,2.23,62,1.28
D,250,Bertrand,4.0,4.0,Leicester,0,0.00,0,0.00,0,0.00,0,0.00,0,0.00,0,0.00,0,0.00,0,0.00
M,251,Albrighton,5.0,5.0,Leicester,10,0.48,10,0.41,12,0.58,13,0.52,14,0.63,14,0.62,18,0.83,16,0.63
M,252,Mendy,4.5,4.5,Leicester,17,0.61,17,0.59,21,0.78,24,0.77,24,0.81,24,0.83,26,0.91,25,0.80
D,253,Vestergaard,4.0,4.0,Leicester,0,0.02,1,0.04,1,0.07,2,0.07,3,0.10,3,0.12,3,0.13,3,0.10
G,254,Ward,4.0,4.0,Leicester,3,0.12,3,0.10,3,0.13,4,0.14,4,0.15,5,0.19,4,0.18,4,0.16
F,255,Vardy,9.5,9.5,Leicester,68,4.36,63,2.87,65,4.30,62,2.71,64,3.42,61,3.32,60,3.73,58,2.61
D,256,Ricardo,4.5,4.5,Leicester,20,0.90,23,0.72,21,1.01,27,0.77,27,1.02,26,1.02,26,1.19,28,0.81
D,257,Amartey,4.5,4.5,Leicester,18,0.65,23,0.55,25,1.03,26,0.58,29,0.90,30,0.97,27,1.02,27,0.61
D,258,Castagne,4.5,4.5,Leicester,81,3.08,78,1.82,76,3.17,73,1.57,74,2.32,73,2.40,72,2.74,71,1.55
M,259,Tielemans,6.5,6.5,Leicester,82,3.33,81,2.60,81,3.46,78,2.43,77,2.80,77,2.82,72,2.97,78,2.48
M,260,Pérez,5.0,5.0,Leicester,18,1.07,21,1.01,25,1.46,24,1.09,24,1.22,27,1.33,25,1.42,25,1.15
M,261,Maddison,8.0,8.0,Leicester,78,4.59,74,3.07,72,4.36,69,2.80,69,3.39,69,3.44,70,4.02,68,2.81
F,262,Iheanacho,6.5,6.5,Leicester,32,2.04,37,1.73,35,2.23,37,1.68,32,1.74,38,2.00,34,2.07,35,1.64
M,263,Choudhury,4.5,4.5,Leicester,0,0.04,1,0.05,2,0.11,1,0.09,2,0.13,1,0.10,2,0.14,2,0.12
M,264,Barnes,7.0,7.0,Leicester,65,3.82,63,2.72,60,3.66,61,2.54,57,2.85,57,2.88,58,3.35,56,2.41
M,265,Ndidi,5.0,5.0,Leicester,71,2.24,70,1.85,68,2.20,65,1.68,64,1.83,64,1.85,64,1.98,62,1.64
M,266,Dewsbury-Hall,5.0,5.0,Leicester,77,2.97,74,2.27,73,2.90,71,2.15,70,2.38,69,2.37,68,2.57,68,2.08
D,267,Söyüncü,4.5,4.5,Leicester,21,0.78,20,0.48,27,1.09,28,0.59,31,0.96,30,0.96,29,1.08,31,0.66
D,268,Justin,4.5,4.5,Leicester,63,2.40,62,1.43,61,2.50,59,1.24,55,1.72,56,1.81,55,2.08,55,1.19
M,269,Soumaré,4.5,4.5,Leicester,3,0.14,5,0.18,6,0.28,7,0.28,8,0.31,7,0.30,9,0.39,9,0.34
D,270,Thomas,4.5,4.5,Leicester,15,0.57,17,0.41,21,0.86,18,0.41,22,0.69,23,0.77,24,0.91,24,0.56
F,271,Daka,6.0,6.0,Leicester,16,1.11,18,0.96,19,1.33,19,1.01,23,1.32,22,1.29,23,1.52,23,1.21
D,272,Fofana,4.5,4.5,Leicester,80,2.86,76,1.63,72,2.82,74,1.42,70,2.05,70,2.14,70,2.48,69,1.37
D,273,Brunt,4.0,4.0,Leicester,0,0.01,1,0.03,1,0.07,2,0.05,2,0.10,2,0.09,3,0.13,2,0.07
M,274,Milner,4.5,4.5,Liverpool,7,0.41,10,0.59,11,0.55,13,0.79,12,0.69,15,0.79,15,0.87,14,0.64
M,275,Henderson,5.5,5.5,Liverpool,66,2.75,66,2.78,62,2.18,59,2.63,59,2.44,57,2.25,61,2.60,60,2.04
D,276,Matip,6.0,6.0,Liverpool,73,3.83,68,3.89,66,2.56,64,3.80,62,3.31,64,3.16,63,3.57,63,2.21
M,277,Thiago,5.5,5.5,Liverpool,65,2.76,62,2.66,61,2.21,61,2.77,60,2.58,60,2.41,57,2.52,58,2.03
M,278,Chamberlain,5.0,5.0,Liverpool,0,0.00,0,0.00,0,0.00,0,0.01,1,0.09,2,0.14,5,0.36,7,0.41
F,279,Firmino,8.0,8.0,Liverpool,35,2.12,27,1.65,19,1.01,21,1.41,21,1.31,24,1.35,24,1.56,24,1.19
D,280,Van Dijk,6.5,6.5,Liverpool,86,4.42,83,4.68,80,3.10,79,4.70,78,4.17,78,3.81,77,4.36,76,2.70
G,281,Alisson,5.5,5.5,Liverpool,88,4.26,87,4.56,86,3.78,86,4.62,86,4.30,85,4.07,85,4.38,85,3.54
M,282,Fabinho,5.5,5.5,Liverpool,80,2.81,78,2.78,75,2.27,75,2.88,73,2.58,74,2.47,73,2.67,70,2.09
M,283,Salah,13.0,13.0,Liverpool,81,7.64,79,7.48,77,5.22,75,7.71,75,6.92,75,6.09,73,7.09,72,4.69
D,284,Robertson,7.0,7.0,Liverpool,86,4.87,83,5.14,80,3.43,79,5.20,78,4.60,78,4.14,77,4.74,78,2.98
D,285,Alexander-Arnold,7.5,7.5,Liverpool,85,5.84,81,5.93,79,3.98,79,6.21,79,5.53,79,4.97,78,5.82,77,3.50
D,286,Gomez,4.5,4.5,Liverpool,5,0.23,7,0.34,10,0.39,11,0.55,11,0.50,12,0.54,13,0.61,14,0.48
M,287,Keita,5.0,5.0,Liverpool,35,1.81,33,1.71,36,1.52,35,1.87,38,1.87,36,1.69,36,1.83,38,1.54
F,288,Diogo Jota,9.0,9.0,Liverpool,11,0.82,30,2.08,53,2.64,50,3.43,50,3.15,51,2.90,50,3.25,49,2.38
G,289,Kelleher,4.0,4.0,Liverpool,1,0.05,1,0.06,3,0.11,3,0.14,3,0.15,4,0.17,4,0.20,4,0.16
D,290,Konaté,5.0,5.0,Liverpool,18,0.86,27,1.41,30,1.15,31,1.74,34,1.69,31,1.42,31,1.64,33,1.15
M,291,Jones,5.0,5.0,Liverpool,9,0.51,15,0.82,16,0.75,17,0.96,18,0.93,17,0.87,18,0.96,19,0.83
D,292,Tsimikas,4.5,4.5,Liverpool,4,0.21,6,0.36,8,0.35,9,0.54,10,0.56,10,0.50,10,0.57,9,0.34
M,293,Luis Díaz,8.0,8.0,Liverpool,77,5.32,76,5.38,75,3.95,74,5.57,73,4.99,72,4.47,71,5.11,70,3.53
M,294,Elliott,5.0,5.0,Liverpool,13,0.83,10,0.67,11,0.59,13,0.84,12,0.75,13,0.74,14,0.89,13,0.70
D,295,N.Williams,4.0,4.0,Nott'm Forest,80,2.36,77,2.65,76,2.36,74,1.94,73,1.13,72,3.38,71,2.18,70,3.02
M,296,Carvalho,5.5,5.5,Liverpool,13,0.77,12,0.75,13,0.62,13,0.80,13,0.74,13,0.73,14,0.82,15,0.71
F,297,Darwin,9.0,9.0,Liverpool,35,2.41,45,2.98,55,2.79,65,4.44,70,4.37,68,3.87,66,4.35,64,3.08
D,298,Ramsay,4.0,4.0,Liverpool,1,0.04,1,0.06,2,0.07,3,0.11,3,0.12,2,0.08,3,0.13,3,0.09
D,299,Walker,5.0,5.0,Man City,72,3.46,72,4.34,69,3.36,69,4.03,68,4.05,66,3.17,65,3.03,63,3.25
M,300,Gündogan,7.5,7.5,Man City,43,2.37,45,2.82,41,2.18,44,2.74,42,2.93,45,2.45,44,2.32,46,2.54
M,301,De Bruyne,12.0,12.0,Man City,78,5.17,74,5.78,71,4.50,69,5.16,69,5.67,68,4.44,69,4.35,69,4.59
D,302,Stones,5.5,5.5,Man City,51,2.52,54,3.29,55,2.78,62,3.65,57,3.46,50,2.48,46,2.22,33,1.83
M,303,Mahrez,8.0,8.0,Man City,61,4.24,59,4.76,59,3.95,57,4.52,58,5.03,56,3.82,57,3.78,57,3.96
M,304,Sterling,10.0,10.0,Chelsea,80,4.74,77,4.25,76,4.61,74,4.91,73,4.38,72,4.76,71,4.35,70,3.46
M,305,Grealish,7.0,7.0,Man City,61,3.51,54,3.67,54,2.99,56,3.63,55,3.96,57,3.28,56,3.11,55,3.20
D,306,Cancelo,7.0,7.0,Man City,81,4.49,80,5.62,78,4.38,78,5.24,77,5.43,75,4.22,75,4.08,74,4.45
G,307,Ederson,5.5,5.5,Man City,89,4.24,88,4.83,87,4.21,87,4.62,86,4.62,86,4.11,86,4.05,87,4.34
D,308,Aké,5.0,5.0,Man City,60,3.21,53,3.53,53,2.88,46,2.95,44,2.97,42,2.30,36,1.91,34,1.97
D,309,Laporte,6.0,6.0,Man City,0,0.00,0,0.00,0,0.00,1,0.05,15,0.97,27,1.41,48,2.45,68,3.86
G,310,Steffen,4.0,4.0,Man City,0,0.00,0,0.00,0,0.00,0,0.00,0,0.00,0,0.00,0,0.00,0,0.00
M,311,Bernardo,7.0,7.0,Man City,55,2.69,53,3.02,56,2.63,55,2.98,54,3.16,53,2.54,50,2.38,48,2.38
D,312,Dias,6.0,6.0,Man City,78,4.08,77,5.11,75,4.01,73,4.58,74,4.80,73,3.82,74,3.73,73,4.07
D,313,Zinchenko,5.0,5.0,Arsenal,80,3.55,78,3.67,72,3.55,64,3.36,57,2.71,57,1.85,60,3.03,61,2.47
M,314,Foden,8.0,8.0,Man City,40,2.43,60,4.07,75,4.13,74,4.78,73,5.17,72,4.07,71,3.89,70,4.03
M,315,Rodri,6.0,6.0,Man City,78,2.87,77,3.21,75,2.73,72,2.93,72,3.11,70,2.56,72,2.57,72,2.69
M,316,Palmer,4.5,4.5,Man City,3,0.20,4,0.27,7,0.34,6,0.35,8,0.46,7,0.37,7,0.37,7,0.38
M,317,McAtee,4.5,4.5,Man City,2,0.10,3,0.17,4,0.20,5,0.27,6,0.33,6,0.32,6,0.30,6,0.31
F,318,Haaland,11.5,11.5,Man City,80,6.13,77,6.90,76,5.40,74,6.38,73,7.04,72,5.25,71,5.06,70,5.18
F,319,Álvarez,6.5,6.5,Man City,20,1.14,21,1.35,22,1.20,22,1.36,24,1.68,24,1.37,23,1.28,27,1.47
D,320,Mbete,4.0,4.0,Man City,2,0.10,2,0.12,4,0.18,4,0.20,4,0.20,3,0.17,2,0.12,2,0.10
M,321,Lavia,4.5,4.5,Southampton,3,0.12,6,0.23,6,0.23,6,0.24,7,0.26,9,0.32,9,0.33,8,0.31
D,322,Wilson-Esbrand,4.0,4.0,Man City,8,0.38,8,0.45,10,0.50,9,0.48,9,0.49,10,0.46,7,0.33,7,0.35
F,323,Delap,4.5,4.5,Man City,2,0.17,3,0.22,3,0.19,3,0.26,4,0.30,4,0.26,4,0.25,5,0.31
G,324,Ortega,4.0,4.0,Man City,0,0.01,1,0.04,1,0.06,1,0.07,2,0.10,2,0.07,2,0.09,1,0.06
M,325,Phillips,5.0,5.0,Man City,30,1.15,32,1.37,33,1.24,39,1.55,38,1.59,38,1.38,34,1.23,32,1.22
F,326,Ronaldo,10.5,10.5,Man Utd,43,3.05,61,4.03,61,3.21,61,3.99,59,3.68,58,3.52,61,3.75,56,4.36
G,327,De Gea,5.0,5.0,Man Utd,89,4.14,88,3.65,88,3.38,88,3.76,87,3.58,87,3.60,87,3.83,84,3.83
D,328,Jones,4.0,4.0,Man Utd,0,0.00,0,0.00,0,0.00,0,0.01,0,0.01,1,0.02,0,0.01,1,0.03
D,329,Varane,5.0,5.0,Man Utd,43,2.02,41,1.55,44,1.34,38,1.56,43,1.59,41,1.54,40,1.71,42,1.96
D,330,Maguire,5.0,5.0,Man Utd,60,2.77,63,2.30,59,1.69,63,2.48,58,2.04,61,2.18,59,2.40,58,2.67
M,331,Fred,5.5,5.5,Man Utd,69,2.41,67,2.17,66,1.95,64,2.12,66,2.09,63,2.02,64,2.12,64,2.29
D,332,Shaw,5.0,5.0,Man Utd,32,1.64,31,1.32,30,1.03,32,1.45,31,1.29,30,1.25,30,1.39,30,1.54
M,333,Fernandes,10.0,10.0,Man Utd,85,5.36,81,4.44,81,3.58,79,4.42,78,4.08,78,3.99,78,4.16,79,5.07
D,334,Telles,5.0,5.0,Man Utd,7,0.36,8,0.37,8,0.30,8,0.37,10,0.44,9,0.39,11,0.49,11,0.59
M,335,Rashford,6.5,6.5,Man Utd,68,3.96,64,3.43,63,2.84,62,3.37,61,3.15,61,3.11,59,3.13,60,3.76
M,336,Van de Beek,5.5,5.5,Man Utd,24,1.06,25,1.02,28,1.03,29,1.20,28,1.11,28,1.09,31,1.24,28,1.25
D,337,Lindelöf,4.5,4.5,Man Utd,10,0.43,12,0.42,13,0.38,12,0.44,15,0.54,15,0.54,13,0.53,17,0.76
M,338,McTominay,5.0,5.0,Man Utd,69,2.44,65,2.12,64,1.90,64,2.13,62,1.98,62,1.98,61,2.02,61,2.23
D,339,Bailly,4.0,4.0,Man Utd,3,0.12,5,0.15,5,0.12,7,0.23,6,0.19,6,0.17,9,0.31,8,0.29
M,340,Sancho,7.5,7.5,Man Utd,77,4.36,74,3.89,73,3.20,71,3.78,70,3.55,69,3.44,68,3.56,68,4.17
D,341,Wan-Bissaka,4.5,4.5,Man Utd,17,0.76,17,0.65,22,0.69,22,0.89,21,0.77,22,0.81,26,1.12,23,1.04
D,342,Dalot,4.5,4.5,Man Utd,69,3.37,67,2.58,61,1.85,62,2.56,59,2.22,57,2.13,57,2.41,59,2.86
D,343,B.Williams,4.0,4.0,Man Utd,7,0.30,9,0.34,11,0.33,10,0.39,15,0.52,17,0.62,12,0.48,13,0.57
M,344,Elanga,5.0,5.0,Man Utd,38,2.20,37,2.02,37,1.73,38,2.06,39,2.01,39,1.96,38,1.99,40,2.39
F,345,Martial,7.0,7.0,Man Utd,55,3.13,47,2.62,47,2.21,46,2.55,46,2.48,48,2.48,47,2.41,47,2.94
M,346,Andreas,4.5,4.5,Fulham,74,2.45,71,2.75,67,2.90,67,2.21,66,2.78,66,2.15,64,2.27,65,2.64
M,347,Pellistri,4.5,4.5,Man Utd,1,0.08,1,0.12,1,0.12,2,0.14,2,0.16,2,0.19,3,0.22,2,0.21
G,348,Heaton,4.0,4.0,Man Utd,1,0.04,2,0.08,2,0.08,2,0.08,2,0.10,2,0.10,3,0.14,5,0.25
M,349,Shelvey,5.0,5.0,Newcastle,0,0.00,0,0.00,20,0.59,42,1.34,49,1.30,57,1.99,53,1.64,57,2.11
D,350,Ritchie,4.5,4.5,Newcastle,4,0.23,5,0.24,6,0.18,5,0.24,6,0.17,6,0.32,7,0.28,6,0.37
D,351,Fernández,4.5,4.5,Newcastle,2,0.10,4,0.14,4,0.12,6,0.21,7,0.17,7,0.30,8,0.25,9,0.41
D,352,Clark,4.5,4.5,Newcastle,0,0.00,0,0.00,0,0.00,0,0.00,0,0.00,0,0.00,0,0.00,0,0.00
G,353,Darlow,4.0,4.0,Newcastle,0,0.00,0,0.00,0,0.00,0,0.01,0,0.01,0,0.00,0,0.01,0,0.01
F,354,Wood,6.0,6.0,Newcastle,14,0.95,18,1.02,19,0.91,20,1.13,22,0.98,22,1.34,21,1.17,20,1.27
G,355,Dubravka,4.5,4.5,Newcastle,1,0.03,2,0.08,2,0.08,3,0.10,3,0.12,3,0.12,4,0.14,3,0.15
F,356,Wilson,7.5,7.5,Newcastle,77,4.63,72,3.50,70,2.71,68,3.36,67,2.51,66,3.70,67,3.23,67,4.00
D,357,Trippier,5.0,5.0,Newcastle,79,4.35,76,2.94,75,1.87,73,3.02,72,1.51,71,3.68,72,2.58,71,3.95
D,358,Burn,4.5,4.5,Newcastle,35,1.82,36,1.33,41,0.94,39,1.51,42,0.80,43,2.04,39,1.28,39,2.02
M,359,Fraser,5.5,5.5,Newcastle,55,2.91,56,2.44,54,2.02,51,2.33,53,1.93,50,2.56,48,2.15,49,2.66
D,360,Lascelles,4.5,4.5,Newcastle,7,0.32,10,0.32,11,0.26,14,0.46,11,0.24,13,0.52,14,0.42,16,0.72
F,361,Gayle,4.5,4.5,Newcastle,0,0.00,0,0.00,0,0.00,0,0.00,0,0.00,0,0.00,0,0.00,0,0.00
D,362,Dummett,4.0,4.0,Newcastle,0,0.01,1,0.03,1,0.02,2,0.05,2,0.04,2,0.07,4,0.09,3,0.10
D,363,Manquillo,4.5,4.5,Newcastle,5,0.21,7,0.24,7,0.20,8,0.30,7,0.21,10,0.42,9,0.33,9,0.41
D,364,Krafth,4.5,4.5,Newcastle,7,0.30,8,0.28,9,0.22,9,0.34,11,0.24,10,0.40,10,0.31,10,0.47
M,365,Murphy,4.5,4.5,Newcastle,22,1.14,24,1.04,24,0.94,25,1.10,24,0.93,27,1.29,28,1.20,26,1.33
D,366,Schär,4.5,4.5,Newcastle,56,2.83,55,1.96,51,1.19,52,1.98,51,0.99,49,2.33,52,1.72,48,2.51
D,367,Targett,5.0,5.0,Newcastle,79,3.89,76,2.62,73,1.62,71,2.63,70,1.28,72,3.33,68,2.17,69,3.44
M,368,Saint-Maximin,6.5,6.5,Newcastle,78,4.07,76,3.24,75,2.62,74,3.23,72,2.44,72,3.60,71,3.01,70,3.71
M,369,Almirón,5.0,5.0,Newcastle,54,2.55,53,2.11,50,1.76,50,2.10,48,1.69,46,2.24,46,1.95,46,2.34
M,370,S.Longstaff,4.5,4.5,Newcastle,22,0.94,27,0.98,24,0.80,20,0.78,19,0.66,18,0.74,17,0.65,19,0.81
M,371,Joelinton,6.0,6.0,Newcastle,71,3.02,70,2.47,65,1.99,64,2.34,61,1.82,59,2.45,61,2.17,60,2.62
D,372,Lewis,4.5,4.5,Newcastle,7,0.28,9,0.34,10,0.29,13,0.49,13,0.33,11,0.48,12,0.42,11,0.53
M,373,Willock,5.0,5.0,Newcastle,55,2.56,53,2.09,50,1.73,43,1.79,42,1.45,40,1.85,41,1.66,39,1.88
M,374,Bruno Guimarães,6.0,6.0,Newcastle,83,3.41,78,2.67,77,2.24,74,2.63,75,2.14,77,3.06,77,2.62,77,3.21
M,375,Hendrick,4.5,4.5,Newcastle,0,0.00,0,0.00,0,0.00,0,0.00,0,0.00,0,0.00,0,0.00,0,0.00
G,376,Pope,5.0,5.0,Newcastle,89,4.18,88,3.58,88,3.18,87,3.61,86,3.08,87,3.97,86,3.36,86,4.09
D,377,Botman,4.5,4.5,Newcastle,83,3.88,79,2.57,77,1.59,73,2.56,73,1.26,72,3.15,73,2.19,73,3.47
M,378,Arter,4.5,4.5,Nott'm Forest,0,0.02,1,0.06,2,0.07,2,0.09,2,0.09,3,0.13,3,0.11,3,0.14
D,379,Cook,4.5,4.5,Nott'm Forest,30,0.85,32,1.02,33,0.95,37,0.90,39,0.64,40,1.65,43,1.17,41,1.53
F,380,Taylor,4.5,4.5,Nott'm Forest,14,0.69,17,0.89,17,0.84,21,0.94,21,0.78,21,1.13,21,1.04,24,1.32
M,381,Colback,4.5,4.5,Nott'm Forest,48,1.36,49,1.48,48,1.36,46,1.30,47,1.14,44,1.46,44,1.28,45,1.47
G,382,Samba,4.5,4.5,Nott'm Forest,0,0.00,0,0.00,0,0.00,0,0.00,0,0.00,0,0.00,0,0.00,0,0.00
M,383,Cafú,4.5,4.5,Nott'm Forest,47,1.53,43,1.52,45,1.52,46,1.49,46,1.28,42,1.61,44,1.51,42,1.62
M,384,Lolley,5.0,5.0,Nott'm Forest,11,0.60,11,0.66,13,0.70,12,0.63,13,0.57,13,0.83,15,0.83,13,0.82
D,385,McKenna,4.5,4.5,Nott'm Forest,69,1.81,69,2.04,68,1.83,66,1.48,67,1.03,65,2.59,64,1.65,64,2.31
D,386,Dräger,4.0,4.0,Nott'm Forest,1,0.04,2,0.09,3,0.12,4,0.12,3,0.09,4,0.18,5,0.16,4,0.14
M,387,Yates,5.0,5.0,Nott'm Forest,66,2.01,67,2.24,64,2.00,63,1.91,62,1.57,64,2.39,63,2.02,63,2.34
D,388,Worrall,4.5,4.5,Nott'm Forest,82,2.08,78,2.25,77,2.02,76,1.67,73,1.07,70,2.77,71,1.82,72,2.56
D,389,Panzo,4.0,4.0,Nott'm Forest,0,0.00,0,0.00,0,0.00,0,0.00,0,0.00,0,0.00,0,0.00,0,0.00
M,390,Xande Silva,5.0,5.0,Nott'm Forest,5,0.33,7,0.41,9,0.48,9,0.48,8,0.41,9,0.55,9,0.49,12,0.69
F,391,Surridge,5.0,5.0,Nott'm Forest,15,0.80,16,0.92,16,0.86,17,0.87,20,0.85,22,1.28,20,1.07,20,1.21
D,392,Laryea,4.5,4.5,Nott'm Forest,9,0.27,10,0.36,13,0.41,11,0.31,14,0.29,14,0.64,12,0.37,15,0.64
D,393,Mbe Soh,4.5,4.5,Nott'm Forest,1,0.02,2,0.05,2,0.06,3,0.06,4,0.08,5,0.16,4,0.10,4,0.13
F,394,Johnson,6.0,6.0,Nott'm Forest,76,3.02,72,3.34,71,2.91,68,2.71,67,2.12,67,3.31,67,2.92,65,3.25
M,395,Mighten,5.0,5.0,Nott'm Forest,0,0.00,0,0.02,1,0.04,0,0.02,1,0.07,1,0.06,1,0.08,1,0.05
M,396,Ojeda,4.5,4.5,Nott'm Forest,2,0.09,3,0.12,4,0.15,4,0.16,5,0.17,6,0.27,5,0.20,5,0.23
F,397,Awoniyi,6.0,6.0,Nott'm Forest,72,3.11,72,3.62,71,3.12,69,2.97,68,2.33,65,3.52,65,3.10,64,3.50
G,398,Henderson,4.5,4.5,Nott'm Forest,88,3.27,88,3.35,87,3.23,86,3.07,85,3.05,83,3.60,83,3.05,84,3.44
D,399,Biancone,4.5,4.5,Nott'm Forest,32,1.07,37,1.37,37,1.24,36,1.06,38,0.74,41,1.95,36,1.21,37,1.63
M,400,Walcott,5.0,5.0,Southampton,11,0.57,13,0.81,12,0.66,12,0.66,13,0.67,13,0.71,12,0.74,13,0.72
G,401,McCarthy,4.5,4.5,Southampton,86,3.06,85,3.52,84,3.12,80,3.02,81,2.98,77,3.01,75,3.05,74,2.76
M,402,Romeu,5.0,5.0,Southampton,78,1.96,72,2.22,74,2.01,71,1.97,70,1.87,67,1.91,68,2.05,69,1.89
M,403,Redmond,5.5,5.5,Southampton,48,1.79,49,2.43,48,2.04,50,2.10,50,1.99,46,1.99,48,2.35,47,1.98
D,404,Stephens,4.5,4.5,Southampton,3,0.08,5,0.20,6,0.18,7,0.21,8,0.22,8,0.25,8,0.30,9,0.27
M,405,S.Armstrong,5.0,5.0,Southampton,63,2.14,61,2.77,60,2.31,54,2.12,56,2.11,55,2.21,57,2.61,54,2.09
M,406,Elyounoussi,5.5,5.5,Southampton,57,2.16,57,2.98,54,2.33,50,2.18,49,2.05,52,2.28,49,2.52,51,2.17
M,407,Ward-Prowse,6.5,6.5,Southampton,84,2.87,83,4.12,81,3.23,82,3.25,79,3.02,78,3.27,77,3.72,77,3.15
F,408,A.Armstrong,5.5,5.5,Southampton,50,2.10,49,2.84,50,2.41,49,2.33,47,2.18,48,2.36,46,2.69,48,2.28
D,409,Walker-Peters,4.5,4.5,Southampton,81,1.62,79,3.10,76,2.12,74,2.20,72,1.91,71,2.34,73,2.76,72,2.04
D,410,Bednarek,4.5,4.5,Southampton,56,1.10,55,1.99,53,1.41,53,1.50,50,1.27,55,1.71,52,1.83,53,1.42
F,411,Adams,6.5,6.5,Southampton,73,2.73,70,3.70,70,3.07,68,2.95,69,2.84,67,2.96,65,3.44,66,2.85
M,412,Tella,5.0,5.0,Southampton,0,0.00,1,0.05,9,0.47,20,0.93,25,1.10,28,1.28,28,1.44,28,1.25
D,413,Lyanco,4.5,4.5,Southampton,40,0.80,39,1.40,39,1.01,40,1.10,42,1.01,39,1.20,42,1.42,40,1.05
D,414,Valery,4.0,4.0,Southampton,18,0.39,22,0.85,25,0.71,26,0.78,26,0.71,29,0.96,29,1.07,29,0.84
M,415,Smallbone,4.5,4.5,Southampton,0,0.00,0,0.00,0,0.00,0,0.00,0,0.00,0,0.00,0,0.00,0,0.00
M,416,Diallo,4.5,4.5,Southampton,12,0.42,17,0.64,15,0.54,16,0.56,17,0.60,19,0.66,18,0.65,21,0.71
D,417,Perraud,4.5,4.5,Southampton,78,1.66,75,3.08,74,2.17,71,2.17,71,1.95,70,2.41,70,2.81,70,2.10
M,418,Djenepo,5.0,5.0,Southampton,4,0.28,5,0.36,4,0.25,5,0.32,5,0.32,5,0.34,5,0.35,5,0.34
D,419,Livramento,4.5,4.5,Southampton,0,0.00,0,0.00,0,0.00,0,0.00,0,0.00,0,0.00,0,0.00,0,0.00
D,420,Salisu,4.5,4.5,Southampton,74,1.41,70,2.57,68,1.79,65,1.81,66,1.64,65,2.01,69,2.44,66,1.76
G,421,Lis,4.0,4.0,Southampton,0,0.00,0,0.00,0,0.00,0,0.00,0,0.00,0,0.00,0,0.00,0,0.00
G,422,Bazunu,4.5,4.5,Southampton,3,0.12,4,0.17,5,0.20,9,0.35,8,0.29,10,0.39,12,0.47,13,0.50
D,423,Bella-Kotchap,4.5,4.5,Southampton,36,0.73,38,1.38,40,1.07,43,1.22,41,1.04,44,1.38,38,1.36,40,1.10
G,424,Caballero,4.0,4.0,Southampton,0,0.01,0,0.02,1,0.04,1,0.03,1,0.04,3,0.13,3,0.12,3,0.10
G,425,Lloris,5.5,5.5,Spurs,88,4.12,87,3.31,87,4.14,86,3.93,87,3.61,86,4.07,85,3.06,84,3.78
G,426,Forster,4.0,4.0,Spurs,1,0.06,3,0.10,3,0.13,3,0.15,3,0.12,4,0.18,4,0.16,5,0.23
F,427,Kane,11.5,11.5,Spurs,86,6.87,83,4.45,80,6.34,78,5.80,77,5.06,77,6.55,78,3.35,76,5.96
M,428,Son,12.0,12.0,Spurs,81,6.64,76,3.95,76,5.83,75,5.53,75,4.88,74,6.17,73,3.17,72,5.57
D,429,Doherty,5.0,5.0,Spurs,63,3.77,58,2.01,57,3.41,57,3.16,55,2.54,54,3.32,53,1.35,51,2.82
D,430,Dier,5.0,5.0,Spurs,78,3.73,74,2.13,72,3.54,70,3.21,69,2.61,68,3.44,68,1.42,67,3.03
M,431,Lucas Moura,6.0,6.0,Spurs,23,1.44,13,0.67,17,1.08,16,0.97,18,1.00,18,1.21,19,0.84,20,1.25
D,432,Davies,5.0,5.0,Spurs,43,2.11,44,1.25,46,2.24,48,2.19,45,1.69,46,2.31,45,0.94,45,2.02
M,433,Højbjerg,5.5,5.5,Spurs,62,2.27,61,1.73,56,1.96,62,2.11,59,1.84,61,2.21,59,1.54,58,1.97
M,434,Winks,4.5,4.5,Spurs,1,0.04,1,0.03,1,0.06,2,0.06,2,0.07,3,0.11,3,0.11,3,0.10
D,435,Sánchez,4.5,4.5,Spurs,14,0.64,15,0.45,18,0.86,20,0.94,24,0.91,25,1.27,23,0.51,28,1.28
D,436,R.Sessegnon,4.5,4.5,Spurs,37,2.35,23,0.98,25,1.56,24,1.41,25,1.29,24,1.53,26,0.88,25,1.45
M,437,Bergwijn,5.5,5.5,Spurs,0,0.00,0,0.00,0,0.00,0,0.00,0,0.00,0,0.00,0,0.00,0,0.00
D,438,Reguilón,4.5,4.5,Spurs,6,0.35,4,0.12,5,0.28,6,0.34,6,0.29,6,0.32,8,0.25,7,0.41
D,439,Tanganga,4.0,4.0,Spurs,1,0.03,1,0.03,2,0.08,2,0.09,3,0.11,3,0.13,3,0.08,5,0.21
M,440,Bentancur,5.5,5.5,Spurs,60,2.28,58,1.80,59,2.21,56,2.08,57,1.93,54,2.13,54,1.55,53,1.98
M,441,Skipp,4.5,4.5,Spurs,13,0.45,14,0.43,15,0.55,17,0.59,17,0.57,18,0.67,20,0.59,19,0.67
D,442,Rodon,4.0,4.0,Spurs,1,0.04,1,0.05,3,0.14,2,0.12,2,0.10,3,0.14,3,0.09,3,0.15
D,443,Romero,5.0,5.0,Spurs,82,3.82,78,2.10,78,3.71,76,3.38,76,2.73,73,3.60,75,1.45,74,3.21
M,444,Bissouma,5.0,5.0,Spurs,54,2.03,54,1.68,55,2.06,52,1.91,51,1.74,51,2.00,51,1.45,53,1.95
D,445,Emerson Royal,5.0,5.0,Spurs,7,0.35,9,0.28,9,0.45,10,0.45,9,0.37,11,0.57,11,0.27,12,0.58
M,446,Kulusevski,8.0,8.0,Spurs,64,3.79,58,2.49,55,3.28,57,3.17,54,2.75,52,3.24,55,2.09,54,3.11
F,447,Scarlett,4.5,4.5,Spurs,0,0.00,0,0.00,0,0.00,0,0.00,0,0.00,0,0.00,0,0.00,0,0.00
D,448,Perišić,5.5,5.5,Spurs,50,3.45,64,2.61,62,4.31,61,3.94,60,3.27,61,4.36,59,1.81,59,3.84
M,449,White,4.5,4.5,Spurs,0,0.00,0,0.00,0,0.00,0,0.00,0,0.00,0,0.01,0,0.00,0,0.02
M,450,Sarr,4.5,4.5,Spurs,0,0.00,0,0.00,0,0.01,0,0.00,0,0.00,0,0.01,0,0.01,0,0.00
G,451,Austin,4.0,4.0,Spurs,0,0.00,0,0.00,0,0.00,0,0.01,0,0.01,0,0.02,0,0.00,0,0.00
M,452,Devine,4.5,4.5,Spurs,0,0.00,0,0.00,0,0.00,0,0.00,0,0.00,0,0.01,0,0.00,0,0.01
F,453,Parrott,4.5,4.5,Spurs,0,0.00,0,0.00,0,0.00,0,0.00,0,0.00,0,0.00,0,0.00,0,0.00
F,454,Richarlison,8.5,8.5,Spurs,0,0.01,43,1.83,41,2.33,41,2.30,46,2.29,46,2.83,45,1.63,44,2.52
G,455,Fabianski,5.0,5.0,West Ham,87,3.11,88,3.72,88,3.78,88,3.38,87,3.27,86,3.06,85,3.62,85,3.40
D,456,Ogbonna,4.5,4.5,West Ham,26,0.54,33,1.27,33,1.36,34,1.07,37,1.10,36,0.81,36,1.41,31,1.06
D,457,Cresswell,5.0,5.0,West Ham,76,1.59,73,3.18,71,3.26,74,2.49,70,2.25,69,1.65,71,3.14,67,2.48
F,458,Antonio,7.5,7.5,West Ham,20,0.91,19,1.15,19,1.16,18,0.97,18,0.95,18,0.84,17,1.02,17,0.93
D,459,Dawson,5.0,5.0,West Ham,70,1.32,66,2.63,65,2.69,65,2.01,63,1.86,63,1.37,63,2.50,58,1.97
M,460,Lanzini,5.5,5.5,West Ham,58,2.16,56,2.83,55,2.83,54,2.39,51,2.25,51,1.98,50,2.56,48,2.22
D,461,Zouma,4.5,4.5,West Ham,84,1.53,81,3.10,79,3.21,77,2.33,76,2.18,75,1.61,71,2.78,72,2.41
D,462,Masuaku,4.5,4.5,West Ham,5,0.14,8,0.36,10,0.43,10,0.37,12,0.44,13,0.37,14,0.63,16,0.64
D,463,Coufal,4.5,4.5,West Ham,81,1.48,79,3.05,79,3.18,76,2.30,74,2.13,75,1.58,75,2.92,74,2.48
M,464,Benrahma,6.0,6.0,West Ham,49,2.01,46,2.60,51,2.88,52,2.51,53,2.51,51,2.13,53,2.89,51,2.55
M,465,Bowen,8.5,8.5,West Ham,80,3.06,77,4.31,76,4.37,74,3.61,73,3.46,72,2.92,71,4.03,70,3.56
M,466,Vlasic,5.0,5.0,West Ham,19,0.92,23,1.32,25,1.43,25,1.29,26,1.31,25,1.17,26,1.47,28,1.43
M,467,Rice,5.0,5.0,West Ham,86,2.21,82,2.66,82,2.71,81,2.40,80,2.35,79,2.12,79,2.56,78,2.41
M,468,Soucek,5.5,5.5,West Ham,85,2.48,83,3.28,80,3.20,81,2.84,81,2.78,80,2.43,80,3.13,79,2.84
M,469,Fornals,5.5,5.5,West Ham,66,2.17,67,2.93,63,2.82,67,2.62,65,2.51,65,2.21,64,2.79,65,2.60
D,470,Diop,4.5,4.5,West Ham,3,0.06,6,0.21,9,0.37,9,0.27,9,0.27,12,0.26,13,0.47,11,0.38
D,471,Johnson,4.5,4.5,West Ham,21,0.49,25,1.05,26,1.10,26,0.88,31,1.01,33,0.81,27,1.14,30,1.10
D,472,Aguerd,5.0,5.0,West Ham,0,0.00,0,0.00,0,0.00,0,0.00,0,0.00,0,0.00,4,0.18,16,0.57
G,473,Areola,4.5,4.5,West Ham,3,0.09,1,0.05,2,0.08,2,0.07,3,0.12,4,0.14,4,0.17,5,0.19
D,474,Boly,4.5,4.5,Wolves,51,1.71,52,2.17,51,1.09,48,1.88,49,1.89,47,1.97,48,0.81,48,0.95
D,475,Coady,5.0,5.0,Wolves,83,2.59,82,3.17,80,1.56,79,2.81,72,2.65,79,2.96,77,1.29,76,1.40
F,476,Jiménez,7.0,7.0,Wolves,0,0.00,0,0.00,0,0.00,0,0.00,0,0.00,0,0.00,1,0.07,23,0.92
D,477,Jonny,4.5,4.5,Wolves,81,2.85,76,3.35,73,1.61,69,2.75,66,2.64,68,2.89,66,1.12,67,1.36
G,478,Sá,5.0,5.0,Wolves,89,3.54,88,3.81,87,3.13,86,3.64,86,3.63,86,3.68,86,3.06,87,3.11
M,479,Dendoncker,5.0,5.0,Wolves,58,2.08,60,2.38,58,1.74,58,2.14,58,2.11,55,2.20,57,1.61,59,1.71
M,480,Neves,5.5,5.5,Wolves,80,3.08,79,3.50,79,2.47,77,3.05,76,2.94,76,3.26,76,2.18,75,2.19
M,481,Hwang,6.0,6.0,Wolves,53,2.75,52,3.03,48,2.04,51,2.77,49,2.60,51,2.98,50,1.94,45,1.80
D,482,Semedo,5.0,5.0,Wolves,10,0.35,35,1.60,56,1.27,70,2.80,71,2.83,69,2.93,67,1.19,71,1.45
M,483,Podence,5.5,5.5,Wolves,60,2.81,56,2.95,57,2.21,56,2.77,57,2.68,53,2.76,56,2.00,52,1.93
D,484,Kilman,4.5,4.5,Wolves,52,1.70,50,2.03,50,1.01,55,2.02,51,1.91,50,1.97,51,0.86,50,0.95
M,485,Cundle,4.5,4.5,Wolves,20,0.82,21,0.92,24,0.85,24,0.96,26,1.03,26,1.10,26,0.90,24,0.85
M,486,Neto,5.5,5.5,Wolves,79,3.83,76,4.32,75,2.89,73,3.77,72,3.57,71,3.99,70,2.50,69,2.58
D,487,Aït-Nouri,4.5,4.5,Wolves,73,2.60,56,2.43,43,0.99,36,1.51,38,1.58,38,1.69,40,0.72,36,0.79
F,488,Fabio Silva,5.5,5.5,Wolves,0,0.00,0,0.00,0,0.00,0,0.00,0,0.00,0,0.00,0,0.00,0,0.00
D,489,Toti,4.0,4.0,Wolves,8,0.28,9,0.39,10,0.25,11,0.44,15,0.56,13,0.54,16,0.31,17,0.36
M,490,Chiquinho,5.0,5.0,Wolves,0,0.00,0,0.00,0,0.00,0,0.00,0,0.00,0,0.00,0,0.00,0,0.00
M,491,Adama,5.5,5.5,Wolves,20,1.02,22,1.24,24,1.04,24,1.25,25,1.25,25,1.35,27,1.10,24,1.01
G,492,Šarkić,4.0,4.0,Wolves,1,0.04,1,0.06,2,0.08,3,0.13,4,0.16,3,0.14,3,0.11,2,0.09
M,493,Gibbs-White,5.5,5.5,Wolves,44,2.23,46,2.61,48,1.90,47,2.48,46,2.35,47,2.70,45,1.66,36,1.39
D,494,Mosquera,4.0,4.0,Wolves,0,0.00,0,0.01,0,0.02,1,0.03,1,0.06,1,0.03,1,0.04,2,0.05
G,495,Matthews,4.0,4.0,Crystal Palace,0,0.00,0,0.00,0,0.00,0,0.00,0,0.00,0,0.00,0,0.00,0,0.00
F,496,Plange,4.5,4.5,Crystal Palace,0,0.01,0,0.00,0,0.01,0,0.01,0,0.01,0,0.01,0,0.01,0,0.03
G,497,Adrián,4.0,4.0,Liverpool,0,0.00,0,0.01,0,0.00,0,0.00,0,0.00,0,0.01,0,0.00,0,0.01
D,498,R.Williams,4.0,4.0,Liverpool,0,0.00,0,0.00,0,0.00,0,0.00,0,0.00,0,0.00,0,0.00,0,0.00
D,499,Davies,4.0,4.0,Liverpool,0,0.00,0,0.00,0,0.00,0,0.00,0,0.00,0,0.00,0,0.00,0,0.00
D,500,Van den Berg,4.0,4.0,Liverpool,0,0.00,0,0.00,0,0.01,1,0.03,1,0.02,1,0.04,1,0.04,1,0.02
D,501,Phillips,4.0,4.0,Liverpool,1,0.03,1,0.05,1,0.05,2,0.11,2,0.12,3,0.11,3,0.13,3,0.09
G,502,Carson,4.0,4.0,Man City,0,0.01,1,0.06,1,0.07,1,0.07,2,0.10,2,0.08,1,0.04,1,0.05
M,503,Moutinho,5.0,5.0,Wolves,80,2.69,78,2.91,75,2.18,73,2.59,73,2.55,73,2.73,74,2.03,72,2.05
D,504,Malacia,4.5,4.5,Man Utd,52,2.59,51,2.03,52,1.65,50,2.14,48,1.88,50,1.96,50,2.22,49,2.41
M,505,Rothwell,5.0,5.0,Bournemouth,0,0.00,0,0.00,0,0.00,0,0.00,0,0.00,0,0.00,0,0.00,0,0.00
M,506,Adams,5.0,5.0,Leeds,71,2.13,66,1.89,67,1.81,67,1.89,65,1.98,64,1.80,66,2.08,64,1.67
D,507,Niakhaté,4.5,4.5,Nott'm Forest,83,2.11,82,2.36,78,2.06,78,1.70,75,1.09,75,2.96,73,1.87,72,2.58
M,508,Sinisterra,6.5,6.5,Leeds,29,1.36,40,1.72,61,2.30,78,2.97,79,3.39,77,2.98,76,3.57,74,2.50
M,509,Downes,4.5,4.5,West Ham,3,0.11,4,0.19,6,0.27,6,0.26,8,0.33,8,0.34,9,0.41,9,0.39
D,510,Hickey,5.0,5.0,Brentford,69,2.02,61,1.81,55,1.90,47,1.94,50,1.72,47,1.91,50,1.64,47,1.40
D,511,Richards,4.5,4.5,Nott'm Forest,0,0.00,0,0.00,0,0.00,0,0.00,0,0.00,0,0.00,25,0.77,32,1.33
M,512,Aribo,5.5,5.5,Southampton,30,1.11,31,1.40,33,1.32,34,1.35,33,1.30,29,1.21,34,1.53,29,1.19
D,513,Lenglet,5.0,5.0,Spurs,64,2.95,60,1.62,58,2.70,57,2.48,58,2.03,58,2.76,60,1.17,57,2.38
M,514,C.Doucouré,5.0,5.0,Crystal Palace,69,1.93,60,1.55,56,1.76,58,1.46,55,1.76,55,1.61,53,1.57,54,1.60
M,515,Lewis-Potter,5.5,5.5,Brentford,32,1.45,32,1.41,31,1.50,39,1.91,34,1.54,38,1.95,38,1.70,37,1.59
D,516,Collins,4.5,4.5,Wolves,55,1.96,53,2.47,52,1.19,50,2.08,53,2.20,56,2.51,48,0.82,53,1.09
G,517,Strakosha,4.5,4.5,Brentford,0,0.02,2,0.08,2,0.07,2,0.07,4,0.14,4,0.17,5,0.21,4,0.16
G,518,Hennessey,4.0,4.0,Nott'm Forest,2,0.07,2,0.09,3,0.12,4,0.15,5,0.17,6,0.28,7,0.27,6,0.25
M,519,Eriksen,6.5,6.5,Man Utd,21,1.19,27,1.39,27,1.19,27,1.41,31,1.52,31,1.49,28,1.42,30,1.70
D,520,Koulibaly,5.5,5.5,Chelsea,85,3.53,83,3.00,82,3.28,80,3.57,79,3.22,77,3.45,80,3.48,79,2.40
M,521,Francois,4.5,4.5,Fulham,12,0.44,9,0.35,5,0.21,5,0.19,6,0.26,6,0.22,6,0.23,7,0.27
D,522,Spence,4.5,4.5,Spurs,8,0.36,9,0.29,8,0.39,8,0.35,10,0.42,11,0.57,9,0.24,11,0.53
D,523,Toffolo,4.5,4.5,Nott'm Forest,66,1.98,62,2.16,61,1.92,64,1.69,59,0.95,59,2.74,44,1.40,39,1.73
M,524,O'Brien,5.0,5.0,Nott'm Forest,28,1.02,30,1.14,32,1.14,31,1.09,33,1.02,34,1.36,35,1.26,33,1.30
D,525,Augustinsson,4.5,4.5,Aston Villa,0,0.01,0,0.01,1,0.02,1,0.04,1,0.03,1,0.02,1,0.03,1,0.04
D,526,Mee,4.5,4.5,Brentford,84,2.59,81,2.51,82,2.95,78,3.36,76,2.73,72,3.10,66,2.22,64,1.95
M,527,Lingard,6.0,6.0,Nott'm Forest,73,2.74,71,3.04,68,2.70,68,2.55,67,2.01,67,3.20,65,2.65,66,3.19
F,528,Mara,5.5,5.5,Southampton,3,0.13,4,0.26,5,0.25,4,0.23,4,0.23,5,0.25,5,0.29,6,0.31
F,529,Scamacca,7.0,7.0,West Ham,72,2.62,70,3.45,68,3.43,67,2.96,66,2.85,65,2.45,64,3.05,63,2.77
D,530,Richards,4.5,4.5,Crystal Palace,2,0.08,3,0.09,10,0.38,9,0.20,16,0.60,14,0.44,14,0.44,16,0.53
D,531,Vinagre,4.5,4.5,Everton,2,0.06,2,0.08,1,0.07,2,0.07,2,0.07,3,0.10,3,0.09,2,0.09
D,532,Mbabu,4.5,4.5,Fulham,46,0.90,59,1.87,71,2.44,70,1.35,69,2.50,67,1.23,66,1.61,63,2.13
D,533,Martínez,4.5,4.5,Man Utd,68,3.16,66,2.39,66,1.91,65,2.53,63,2.21,61,2.18,63,2.59,60,2.70
M,534,McNeil,5.5,5.5,Everton,50,1.81,46,1.81,49,2.31,48,1.90,48,1.93,51,1.77,48,1.65,49,2.06
M,10009,Yangel Herrera,99.9,99.9,Man City,0,0.02,1,0.03,1,0.07,1,0.07,1,0.09,1,0.07,2,0.08,2,0.08
F,10011,Nahuel Bustos,99.9,99.9,Man City,0,0.00,0,0.01,0,0.01,0,0.02,0,0.01,0,0.02,0,0.02,1,0.04
D,10013,Emerson,99.9,99.9,Chelsea,3,0.12,4,0.14,5,0.18,5,0.21,5,0.17,4,0.17,6,0.26,4,0.13
D,10018,Matt Miazga,99.9,99.9,Chelsea,3,0.14,2,0.10,4,0.17,4,0.18,5,0.22,7,0.29,5,0.22,5,0.19
D,10020,Abdul-Rahman Baba,99.9,99.9,Chelsea,0,0.00,0,0.02,0,0.00,0,0.02,0,0.00,0,0.01,1,0.05,1,0.03
D,10030,Michal Karbownik,99.9,99.9,Brighton,0,0.01,1,0.03,2,0.05,2,0.07,3,0.08,3,0.10,3,0.09,3,0.09
F,10033,Florin Andone,99.9,99.9,Brighton,0,0.01,0,0.02,1,0.03,1,0.03,1,0.05,1,0.05,1,0.04,1,0.04
D,10035,Matt Clarke,99.9,99.9,Brighton,2,0.06,2,0.11,3,0.11,3,0.13,3,0.14,4,0.18,5,0.20,5,0.21
D,10036,Jan Paul van Hecke,99.9,99.9,Brighton,0,0.01,1,0.03,1,0.04,1,0.05,1,0.05,1,0.06,1,0.05,1,0.06
F,10040,Andi Zeqiri,99.9,99.9,Brighton,0,0.00,0,0.03,0,0.04,1,0.07,1,0.06,0,0.04,1,0.09,1,0.08
F,10052,Joel Valencia,99.9,99.9,Brentford,0,0.00,0,0.00,0,0.00,0,0.01,0,0.01,0,0.01,0,0.01,0,0.01
D,10054,Luka Racic,99.9,99.9,Brentford,1,0.05,2,0.07,2,0.09,2,0.10,2,0.07,1,0.06,1,0.03,1,0.03
D,10056,Fin Stevens,99.9,99.9,Brentford,0,0.01,0,0.01,1,0.03,1,0.03,1,0.02,1,0.03,1,0.03,1,0.02
F,10071,Amad Diallo,99.9,99.9,Man Utd,5,0.30,6,0.34,5,0.29,6,0.37,7,0.39,7,0.40,7,0.41,8,0.47
M,10088,Bruno Jordão,99.9,99.9,Wolves,2,0.10,3,0.16,5,0.18,4,0.19,6,0.26,5,0.23,5,0.20,6,0.22
M,10093,Connor Ronan,99.9,99.9,Wolves,3,0.12,4,0.18,4,0.15,5,0.22,5,0.23,5,0.25,6,0.22,5,0.22
F,10094,Patrick Cutrone,99.9,99.9,Wolves,3,0.21,3,0.27,3,0.24,4,0.29,4,0.34,5,0.39,5,0.31,5,0.31
M,10099,Conor Coventry,99.9,99.9,West Ham,5,0.18,7,0.28,10,0.39,9,0.37,8,0.33,10,0.38,11,0.45,11,0.42
G,10104,Mark Gillespie,99.9,99.9,Newcastle,0,0.00,0,0.00,0,0.00,0,0.00,0,0.00,0,0.00,0,0.00,0,0.00
F,10132,Tahith Chong,99.9,99.9,Man Utd,0,0.02,1,0.07,1,0.05,1,0.05,2,0.12,1,0.10,1,0.06,1,0.10
G,10133,Marcus Bettinelli,99.9,99.9,Chelsea,0,0.00,0,0.00,0,0.00,0,0.01,0,0.01,0,0.01,0,0.00,0,0.00
M,10200,Hannibal Mejbri,99.9,99.9,Man Utd,1,0.04,1,0.05,1,0.06,2,0.11,2,0.12,2,0.10,2,0.14,2,0.14
D,10201,Teden Mengi,99.9,99.9,Man Utd,0,0.00,0,0.00,0,0.00,0,0.00,0,0.00,0,0.00,0,0.00,0,0.00
F,10202,Shola Shoretire,99.9,99.9,Man Utd,0,0.03,1,0.06,1,0.07,1,0.08,1,0.09,1,0.10,1,0.11,2,0.13
M,10223,James Garner,99.9,99.9,Man Utd,3,0.14,4,0.19,5,0.18,7,0.27,7,0.27,7,0.28,8,0.30,8,0.34
F,10228,Marlos Moreno,99.9,99.9,Man City,0,0.02,1,0.04,1,0.06,1,0.07,1,0.10,1,0.10,2,0.11,2,0.11
M,10229,Ante Palaversa,99.9,99.9,Man City,0,0.01,1,0.05,1,0.06,2,0.10,2,0.08,2,0.09,2,0.10,1,0.07
D,10231,Rúben Vinagre,99.9,99.9,Everton,13,0.38,15,0.51,14,0.69,16,0.56,19,0.70,17,0.48,19,0.55,19,0.81
F,10232,Léo Bonatini,99.9,99.9,Wolves,2,0.14,3,0.17,4,0.19,4,0.21,4,0.24,4,0.25,5,0.23,4,0.20
M,10233,Mateusz Bogusz,99.9,99.9,Leeds,1,0.06,1,0.04,1,0.03,1,0.04,1,0.04,1,0.06,1,0.07,1,0.07
D,10241,Benjamin Mendy,99.9,99.9,Man City,0,0.00,0,0.00,0,0.00,0,0.00,0,0.00,0,0.00,0,0.00,0,0.00
M,10242,Tanguy Ndombélé,99.9,99.9,Spurs,0,0.03,1,0.04,2,0.12,2,0.10,2,0.13,2,0.11,2,0.10,3,0.19
M,10243,Giovani Lo Celso,99.9,99.9,Spurs,1,0.07,1,0.07,1,0.10,1,0.12,2,0.13,2,0.16,2,0.16,2,0.18
F,10244,Bryan Gil,99.9,99.9,Spurs,16,1.01,7,0.43,9,0.64,10,0.63,9,0.58,10,0.67,9,0.47,11,0.68
G,10245,Rúnar Alex Rúnarsson,99.9,99.9,Arsenal,0,0.00,0,0.00,0,0.00,0,0.00,0,0.00,0,0.02,0,0.02,0,0.02
D,10246,Héctor Bellerín,99.9,99.9,Arsenal,1,0.04,1,0.03,2,0.08,1,0.06,2,0.08,2,0.07,2,0.10,2,0.08
M,10247,Dennis Praet,99.9,99.9,Leicester,5,0.25,5,0.24,7,0.40,7,0.33,8,0.38,8,0.37,8,0.45,10,0.44
M,10249,Matty Longstaff,99.9,99.9,Newcastle,5,0.26,7,0.31,7,0.27,4,0.19,5,0.19,4,0.17,5,0.22,5,0.25
G,10250,Kjell Scherpen,99.9,99.9,Brighton,0,0.00,0,0.00,0,0.01,0,0.00,0,0.01,0,0.00,0,0.00,0,0.01
F,10252,Evan Ferguson,99.9,99.9,Brighton,0,0.01,0,0.01,1,0.03,1,0.07,1,0.06,1,0.08,1,0.08,1,0.06
F,10253,Tariqe Fosu,99.9,99.9,Brentford,2,0.15,2,0.12,2,0.13,3,0.19,3,0.18,3,0.21,4,0.23,5,0.28
F,10254,Halil Dervisoglu,99.9,99.9,Brentford,4,0.20,3,0.19,6,0.34,4,0.26,6,0.31,6,0.36,7,0.39,8,0.41
D,10255,James Hill,99.9,99.9,Bournemouth,9,0.28,14,0.28,16,0.41,19,0.37,20,0.72,22,0.72,20,0.70,22,0.61
F,10258,Michy Batshuayi,99.9,99.9,Chelsea,2,0.14,3,0.21,5,0.30,4,0.32,5,0.32,5,0.39,5,0.33,6,0.34
F,10259,Alejandro Garnacho,99.9,99.9,Man Utd,1,0.03,1,0.04,1,0.04,1,0.05,1,0.05,1,0.07,2,0.09,1,0.08
D,10260,Axel Tuanzebe,99.9,99.9,Man Utd,0,0.00,0,0.00,0,0.01,0,0.01,0,0.02,0,0.02,0,0.02,1,0.03
F,10263,Mason Greenwood,99.9,99.9,Man Utd,0,0.01,0,0.01,0,0.01,0,0.00,0,0.00,0,0.00,0,0.00,0,0.00
G,10264,Jed Steer,99.9,99.9,Aston Villa,0,0.00,0,0.00,0,0.02,0,0.01,0,0.00,0,0.01,1,0.02,0,0.01
D,10265,Ashley Young,99.9,99.9,Aston Villa,10,0.45,13,0.60,13,0.55,14,0.60,15,0.47,16,0.45,16,0.61,18,0.89
G,10266,Darren Randolph,99.9,99.9,West Ham,0,0.00,0,0.01,0,0.01,0,0.00,0,0.00,0,0.01,0,0.02,0,0.01
G,10268,Kiko Casilla,99.9,99.9,Leeds,0,0.00,0,0.00,0,0.00,0,0.00,0,0.00,0,0.00,0,0.00,0,0.01
F,10269,Hélder Costa,99.9,99.9,Leeds,6,0.35,2,0.11,2,0.11,2,0.14,3,0.20,2,0.15,2,0.17,3,0.16
D,10270,Cody Drameh,99.9,99.9,Leeds,17,0.65,15,0.48,19,0.53,19,0.60,17,0.66,15,0.44,8,0.36,10,0.25
F,10271,Ian Poveda,99.9,99.9,Leeds,1,0.08,0,0.02,0,0.02,1,0.08,1,0.09,1,0.05,1,0.05,1,0.07
G,10275,Jordan Smith,99.9,99.9,Nott'm Forest,0,0.00,0,0.00,0,0.01,0,0.01,0,0.00,0,0.00,0,0.01,0,0.01
F,10277,Nuno Da Costa,99.9,99.9,Nott'm Forest,0,0.02,0,0.01,1,0.04,1,0.04,1,0.03,1,0.06,1,0.07,2,0.10
G,10296,Nathan Trott,99.9,99.9,West Ham,0,0.00,0,0.00,0,0.00,0,0.00,0,0.00,0,0.01,0,0.00,0,0.00
F,10301,Manor Solomon,99.9,99.9,Fulham,0,0.01,0,0.02,0,0.02,0,0.02,1,0.04,1,0.04,1,0.04,1,0.05
D,10305,Issa Kaboré,99.9,99.9,Man City,3,0.10,3,0.13,4,0.15,4,0.20,3,0.14,4,0.14,3,0.12,3,0.13
M,10307,Elliot Anderson,99.9,99.9,Newcastle,0,0.01,1,0.04,1,0.03,0,0.02,1,0.03,0,0.03,1,0.03,0,0.03
M,10308,Orel Mangala,99.9,99.9,Nott'm Forest,0,0.00,0,0.00,0,0.00,0,0.00,0,0.00,0,0.01,0,0.01,0,0.01
M,10309,Marcus Tavernier,99.9,99.9,Bournemouth,0,0.01,0,0.02,0,0.03,1,0.04,1,0.04,1,0.05,1,0.07,1,0.07